                      :-) GROMACS - gmx mdrun, 2025.4 (-:

Copyright 1991-2025 The GROMACS Authors.
GROMACS is free software; you can redistribute it and/or modify it
under the terms of the GNU Lesser General Public License
as published by the Free Software Foundation; either version 2.1
of the License, or (at your option) any later version.

                         Current GROMACS contributors:
       Mark Abraham           Andrey Alekseenko           Brian Andrews       
      Vladimir Basov              Paul Bauer                Hugh Bird         
      Eliane Briand               Ania Brown              Mahesh Doijade      
      Giacomo Fiorin          Stefan Fleischmann          Sergey Gorelov      
   Gilles Gouaillardet            Alan Gray              M. Eric Irrgang      
   Farzaneh Jalalypour         Petter Johansson          Carsten Kutzner      
    Grzegorz Łazarski         Justin A. Lemkul          Magnus Lundborg      
       Pascal Merz             Vedran Miletić            Dmitry Morozov      
     Lukas Müllender            Julien Nabet             Szilárd Páll      
 Andrea Pasquadibisceglie     Michele Pellegrino         Nicola Piasentin     
     Daniele Rapetti         Muhammad Umair Sadiq         Hubert Santuz       
      Roland Schulz             Michael Shirts           Tatiana Shugaeva     
     Alexey Shvetsov            Philip Turner            Alessandra Villa     
 Sebastian Wingbermühle  

                         Previous GROMACS contributors:
        Emile Apol             Rossen Apostolov           James Barnett       
  Herman J.C. Berendsen         Cathrine Bergh             Par Bjelkmar       
      Christian Blau          Viacheslav Bolnykh            Kevin Boyd        
    Aldert van Buuren          Carlo Camilloni           Rudi van Drunen      
      Anton Feenstra           Oliver Fleetwood            Vytas Gapsys       
       Gaurav Garg             Gerrit Groenhof            Bert de Groot       
      Anca Hamuraru           Vincent Hindriksen          Victor Holanda      
     Aleksei Iupinov              Joe Jordan            Christoph Junghans    
    Prashanth Kanduri        Dimitrios Karkoulis           Peter Kasson       
      Sebastian Kehl           Sebastian Keller             Jiri Kraus        
       Per Larsson              Viveca Lindahl            Erik Marklund       
    Pieter Meulenhoff           Teemu Murtola              Sander Pronk       
      Alfons Sijbers            Balint Soproni         David van der Spoel    
      Peter Tieleman            Carsten Uphoff             Jon Vincent        
     Teemu Virolainen         Christian Wennberg           Maarten Wolf       
      Artem Zhmurov       

                  Coordinated by the GROMACS project leaders:
                           Berk Hess and Erik Lindahl

GROMACS:      gmx mdrun, version 2025.4
Executable:   /usr/local/gromacs/bin/gmx
Data prefix:  /usr/local/gromacs
Working dir:  /home/marta/Desktop/MSI/project/MSI_project/output_charmm_gui_derivatives/charmm_gui_derivative1/charmm-gui-7909945235/gromacs
Process ID:   6536
Command line:
  gmx mdrun -v -deffnm step6.2_equilibration

GROMACS version:     2025.4
Precision:           mixed
Memory model:        64 bit
MPI library:         thread_mpi
OpenMP support:      enabled (GMX_OPENMP_MAX_THREADS = 128)
GPU support:         disabled
SIMD instructions:   AVX2_256
CPU FFT library:     fftw-3.3.10-sse2-avx-avx2-avx2_128
GPU FFT library:     none
Multi-GPU FFT:       none
RDTSCP usage:        enabled
TNG support:         enabled
Hwloc support:       disabled
Tracing support:     disabled
C compiler:          /usr/bin/cc GNU 13.3.0
C compiler flags:    -fexcess-precision=fast -funroll-all-loops -mavx2 -mfma -Wno-missing-field-initializers -O3 -DNDEBUG
C++ compiler:        /usr/bin/c++ GNU 13.3.0
C++ compiler flags:  -fexcess-precision=fast -funroll-all-loops -mavx2 -mfma -Wno-missing-field-initializers -Wno-cast-function-type-strict SHELL:-fopenmp -O3 -DNDEBUG
BLAS library:        External - detected on the system
LAPACK library:      External - detected on the system


Running on 1 node with total 10 cores, 16 processing units
Hardware detected on host LenovoMarta:
  CPU info:
    Vendor: Intel
    Brand:  13th Gen Intel(R) Core(TM) i7-13620H
    Family: 6   Model: 186   Stepping: 2
    Features: aes apic avx avx2 clfsh cmov cx8 cx16 f16c fma htt intel lahf mmx msr nonstop_tsc pcid pclmuldq pdcm pdpe1gb popcnt pse rdrnd rdtscp sha sse2 sse3 sse4.1 sse4.2 ssse3 tdt x2apic
  Hardware topology: Basic
    Packages, cores, and logical processors:
    [indices refer to OS logical processors]
      Package  0: [   0   1] [   2   3] [   4   5] [   6   7] [   8   9] [  10  11] [  12] [  13] [  14] [  15]
    CPU limit set by OS: -1   Recommended max number of threads: 16


++++ PLEASE READ AND CITE THE FOLLOWING REFERENCE ++++
M. J. Abraham, T. Murtola, R. Schulz, S. Páll, J. C. Smith, B. Hess, E.
Lindahl
GROMACS: High performance molecular simulations through multi-level
parallelism from laptops to supercomputers
SoftwareX (2015)
DOI: 10.1016/j.softx.2015.06.001
-------- -------- --- Thank You --- -------- --------


++++ PLEASE READ AND CITE THE FOLLOWING REFERENCE ++++
S. Páll, M. J. Abraham, C. Kutzner, B. Hess, E. Lindahl
Tackling Exascale Software Challenges in Molecular Dynamics Simulations with
GROMACS
In S. Markidis & E. Laure (Eds.), Solving Software Challenges for Exascale (2015)
DOI: 10.1007/978-3-319-15976-8_1
-------- -------- --- Thank You --- -------- --------


++++ PLEASE READ AND CITE THE FOLLOWING REFERENCE ++++
S. Pronk, S. Páll, R. Schulz, P. Larsson, P. Bjelkmar, R. Apostolov, M. R.
Shirts, J. C. Smith, P. M. Kasson, D. van der Spoel, B. Hess, E. Lindahl
GROMACS 4.5: a high-throughput and highly parallel open source molecular
simulation toolkit
Bioinformatics (2013)
DOI: 10.1093/bioinformatics/btt055
-------- -------- --- Thank You --- -------- --------


++++ PLEASE READ AND CITE THE FOLLOWING REFERENCE ++++
B. Hess, C. Kutzner, D. van der Spoel, E. Lindahl
GROMACS 4: Algorithms for highly efficient, load-balanced, and scalable
molecular simulation
J. Chem. Theory Comput. (2008)
DOI: 10.1021/ct700301q
-------- -------- --- Thank You --- -------- --------


++++ PLEASE READ AND CITE THE FOLLOWING REFERENCE ++++
D. van der Spoel, E. Lindahl, B. Hess, G. Groenhof, A. E. Mark, H. J. C.
Berendsen
GROMACS: Fast, Flexible and Free
J. Comp. Chem. (2005)
DOI: 10.1002/jcc.20291
-------- -------- --- Thank You --- -------- --------


++++ PLEASE READ AND CITE THE FOLLOWING REFERENCE ++++
E. Lindahl, B. Hess, D. van der Spoel
GROMACS 3.0: A package for molecular simulation and trajectory analysis
J. Mol. Mod. (2001)
DOI: 10.1007/s008940100045
-------- -------- --- Thank You --- -------- --------


++++ PLEASE READ AND CITE THE FOLLOWING REFERENCE ++++
H. J. C. Berendsen, D. van der Spoel and R. van Drunen
GROMACS: A message-passing parallel molecular dynamics implementation
Comp. Phys. Comm. (1995)
DOI: 10.1016/0010-4655(95)00042-E
-------- -------- --- Thank You --- -------- --------


++++ PLEASE CITE THE DOI FOR THIS VERSION OF GROMACS ++++
https://doi.org/10.5281/zenodo.17671793
-------- -------- --- Thank You --- -------- --------

Input Parameters:
   integrator                     = md
   tinit                          = 0
   dt                             = 0.001
   nsteps                         = 125000
   init-step                      = 0
   simulation-part                = 1
   mts                            = false
   mass-repartition-factor        = 1
   comm-mode                      = Linear
   nstcomm                        = 100
   bd-fric                        = 0
   ld-seed                        = -1073743177
   emtol                          = 10
   emstep                         = 0.01
   niter                          = 20
   fcstep                         = 0
   nstcgsteep                     = 1000
   nbfgscorr                      = 10
   rtpi                           = 0.05
   nstxout                        = 0
   nstvout                        = 0
   nstfout                        = 0
   nstlog                         = 1000
   nstcalcenergy                  = 100
   nstenergy                      = 1000
   nstxout-compressed             = 5000
   compressed-x-precision         = 1000
   cutoff-scheme                  = Verlet
   nstlist                        = 20
   pbc                            = xyz
   periodic-molecules             = false
   verlet-buffer-tolerance        = 0.005
   verlet-buffer-pressure-tolerance = 0.5
   rlist                          = 1.2
   coulombtype                    = PME
   coulomb-modifier               = Potential-shift
   rcoulomb-switch                = 0
   rcoulomb                       = 1.2
   epsilon-r                      = 1
   epsilon-rf                     = inf
   vdw-type                       = Cut-off
   vdw-modifier                   = Force-switch
   rvdw-switch                    = 1
   rvdw                           = 1.2
   DispCorr                       = No
   table-extension                = 1
   fourierspacing                 = 0.12
   fourier-nx                     = 72
   fourier-ny                     = 72
   fourier-nz                     = 100
   pme-order                      = 4
   ewald-rtol                     = 1e-05
   ewald-rtol-lj                  = 0.001
   lj-pme-comb-rule               = Geometric
   ewald-geometry                 = 3d
   epsilon-surface                = 0
   ensemble-temperature-setting   = constant
   ensemble-temperature           = 303.15
   tcoupl                         = V-rescale
   nsttcouple                     = 100
   nh-chain-length                = 0
   print-nose-hoover-chain-variables = false
   pcoupl                         = No
   refcoord-scaling               = No
   posres-com: not available
   posres-comB: not available
   QMMM                           = false
qm-opts:
   ngQM                           = 0
   constraint-algorithm           = Lincs
   continuation                   = true
   Shake-SOR                      = false
   shake-tol                      = 0.0001
   lincs-order                    = 4
   lincs-iter                     = 1
   lincs-warnangle                = 30
   nwall                          = 0
   wall-type                      = 9-3
   wall-r-linpot                  = -1
   wall-atomtype[0]               = -1
   wall-atomtype[1]               = -1
   wall-density[0]                = 0
   wall-density[1]                = 0
   wall-ewald-zfac                = 3
   pull                           = false
   awh                            = false
   rotation                       = false
   interactiveMD                  = false
   disre                          = No
   disre-weighting                = Conservative
   disre-mixed                    = false
   dr-fc                          = 1000
   dr-tau                         = 0
   nstdisreout                    = 100
   orire-fc                       = 0
   orire-tau                      = 0
   nstorireout                    = 100
   free-energy                    = no
   cos-acceleration               = 0
   deform (3x3):
      deform[    0]={ 0.00000e+00,  0.00000e+00,  0.00000e+00}
      deform[    1]={ 0.00000e+00,  0.00000e+00,  0.00000e+00}
      deform[    2]={ 0.00000e+00,  0.00000e+00,  0.00000e+00}
   simulated-tempering            = false
   swapcoords                     = no
   userint1                       = 0
   userint2                       = 0
   userint3                       = 0
   userint4                       = 0
   userreal1                      = 0
   userreal2                      = 0
   userreal3                      = 0
   userreal4                      = 0
   applied-forces:
     electric-field:
       x:
         E0                       = 0
         omega                    = 0
         t0                       = 0
         sigma                    = 0
       y:
         E0                       = 0
         omega                    = 0
         t0                       = 0
         sigma                    = 0
       z:
         E0                       = 0
         omega                    = 0
         t0                       = 0
         sigma                    = 0
     density-guided-simulation:
       active                     = false
       group                      = protein
       similarity-measure         = inner-product
       atom-spreading-weight      = unity
       force-constant             = 1e+09
       gaussian-transform-spreading-width = 0.2
       gaussian-transform-spreading-range-in-multiples-of-width = 4
       reference-density-filename = reference.mrc
       nst                        = 1
       normalize-densities        = true
       adaptive-force-scaling     = false
       adaptive-force-scaling-time-constant = 4
       shift-vector               = 
       transformation-matrix      = 
     qmmm-cp2k:
       active                     = false
       qmgroup                    = System
       qmmethod                   = PBE
       qmfilenames                = 
       qmcharge                   = 0
       qmmultiplicity             = 1
     colvars:
       active                     = false
       configfile                 = 
       seed                       = -1
     nnpot:
       active                     = false
       modelfile                  = model.pt
       input-group                = System
       model-input1               = 
       model-input2               = 
       model-input3               = 
       model-input4               = 
grpopts:
   nrdf:     11490.4     48957.6       93042
   ref-t:      303.15      303.15      303.15
   tau-t:           1           1           1
annealing:          No          No          No
annealing-npoints:           0           0           0
   acc:	           0           0           0
   nfreeze:           N           N           N
   energygrp-flags[  0]: 0

Changing nstlist from 20 to 100, rlist from 1.2 to 1.265

Update groups can not be used for this system because an incompatible virtual site type is used

Initializing Domain Decomposition on 1 ranks
Dynamic load balancing: auto
Minimum cell size due to atom displacement: 0.482 nm
Initial maximum distances in bonded interactions:
    two-body bonded interactions: 0.704 nm, Exclusion, atoms 4566 4615
  multi-body bonded interactions: 0.496 nm, CMAP Dih., atoms 3849 3861
Minimum cell size due to bonded interactions: 0.546 nm
Maximum distance for 5 constraints, at 120 deg. angles, all-trans: 0.222 nm
Estimated maximum distance required for P-LINCS: 0.222 nm
Using 0 separate PME ranks because: there are too few total ranks for efficient splitting
Optimizing the DD grid for 1 cells with a minimum initial size of 0.546 nm
The maximum allowed number of cells is: X 14 Y 14 Z 21
Domain decomposition grid 1 x 1 x 1, separate PME ranks 0
PME domain decomposition: 1 x 1 x 1

The initial number of communication pulses is:
The initial domain decomposition cell size is:

The maximum allowed distance for atoms involved in interactions is:
                 non-bonded interactions           1.265 nm
            two-body bonded interactions  (-rdd)   1.265 nm
          multi-body bonded interactions  (-rdd)   1.265 nm
              virtual site constructions  (-rcon)  8.022 nm
  atoms separated by up to 5 constraints  (-rcon)  8.022 nm

When dynamic load balancing gets turned on, these settings will change to:
The maximum number of communication pulses is:
The minimum size for domain decomposition cells is 1.265 nm
The requested allowed shrink of DD cells (option -dds) is: 0.80
The allowed shrink of domain decomposition cells is:
The maximum allowed distance for atoms involved in interactions is:
                 non-bonded interactions           1.265 nm
            two-body bonded interactions  (-rdd)   1.265 nm
          multi-body bonded interactions  (-rdd)   1.265 nm
              virtual site constructions  (-rcon)  1.265 nm
  atoms separated by up to 5 constraints  (-rcon)  1.265 nm

Local state does not use filler particles

Using 1 MPI thread
Using 16 OpenMP threads 

System total charge: 0.000
Will do PME sum in reciprocal space for electrostatic interactions.

++++ PLEASE READ AND CITE THE FOLLOWING REFERENCE ++++
U. Essmann, L. Perera, M. L. Berkowitz, T. Darden, H. Lee, L. G. Pedersen 
A smooth particle mesh Ewald method
J. Chem. Phys. (1995)
DOI: 10.1063/1.470117
-------- -------- --- Thank You --- -------- --------

Using a Gaussian width (1/beta) of 0.384195 nm for Ewald
Potential shift: LJ r^-12: -2.648e-01 r^-6: -5.349e-01, Ewald -8.333e-06
Initialized non-bonded Coulomb Ewald tables, spacing: 1.02e-03 size: 1176

Generated table with 1132 data points for 1-4 COUL.
Tabscale = 500 points/nm
Generated table with 1132 data points for 1-4 LJ6.
Tabscale = 500 points/nm
Generated table with 1132 data points for 1-4 LJ12.
Tabscale = 500 points/nm


Using SIMD4xM 4x8 nonbonded short-range kernels

Using a dual 4x8 pair-list setup updated with dynamic pruning:
  outer list: updated every 100 steps, buffer 0.065 nm, rlist 1.265 nm
  inner list: updated every  34 steps, buffer 0.000 nm, rlist 1.200 nm
At tolerance 0.005 kJ/mol/ps per atom, equivalent classical 1x1 list would be:
  outer list: updated every 100 steps, buffer 0.196 nm, rlist 1.396 nm
  inner list: updated every  34 steps, buffer 0.065 nm, rlist 1.265 nm

The average pressure is off by at most 0.24 bar due to missing LJ interactions

Linking all bonded interactions to atoms
There are 1 inter update-group virtual sites,
will perform an extra communication step for selected coordinates and forces


Pinning threads with an auto-selected logical cpu stride of 1

Initializing Parallel LINear Constraint Solver

++++ PLEASE READ AND CITE THE FOLLOWING REFERENCE ++++
B. Hess
P-LINCS: A Parallel Linear Constraint Solver for molecular simulation
J. Chem. Theory Comput. (2008)
DOI: 10.1021/ct700200b
-------- -------- --- Thank You --- -------- --------

The number of constraints is 14897
There are constraints between atoms in different decomposition domains,
will communicate selected coordinates each lincs iteration

++++ PLEASE READ AND CITE THE FOLLOWING REFERENCE ++++
S. Miyamoto, P. A. Kollman
SETTLE: An Analytical Version of the SHAKE and RATTLE Algorithms for Rigid
Water Models
J. Comp. Chem. (1992)
DOI: 10.1002/jcc.540130805
-------- -------- --- Thank You --- -------- --------


++++ PLEASE READ AND CITE THE FOLLOWING REFERENCE ++++
G. Bussi, D. Donadio, M. Parrinello
Canonical sampling through velocity rescaling
J. Chem. Phys. (2007)
DOI: 10.1063/1.2408420
-------- -------- --- Thank You --- -------- --------

There are: 71592 Atoms
There are: 1 VSites
Atom distribution over 1 domains: av 71593 stddev 0 min 71593 max 71593
Center of mass motion removal mode is Linear
We have the following groups for center of mass motion removal:
  0:  SOLU_MEMB
  1:  SOLV

Started mdrun on rank 0 Thu May 21 15:33:25 2026

           Step           Time
              0        0.00000

   Energies (kJ/mol)
           Bond            U-B    Proper Dih.  Improper Dih.      CMAP Dih.
    1.32223e+04    6.12457e+04    4.57534e+04    9.84716e+02    1.39889e+02
          LJ-14     Coulomb-14        LJ (SR)   Coulomb (SR)   Coul. recip.
    9.44110e+03   -2.56422e+04    2.69815e+04   -7.95579e+05    3.79852e+03
 Position Rest.     Dih. Rest.      Potential    Kinetic En.   Total Energy
    1.52762e+03    9.74475e+01   -6.58029e+05    1.98107e+05   -4.59922e+05
  Conserved En.    Temperature Pressure (bar)   Constr. rmsd
   -4.59922e+05    3.10467e+02   -2.05197e+02    1.94191e-06

           Step           Time
           1000        1.00000

   Energies (kJ/mol)
           Bond            U-B    Proper Dih.  Improper Dih.      CMAP Dih.
    1.28662e+04    6.17057e+04    4.51523e+04    9.73890e+02    1.40205e+02
          LJ-14     Coulomb-14        LJ (SR)   Coulomb (SR)   Coul. recip.
    9.42472e+03   -2.56976e+04    2.74924e+04   -7.95721e+05    3.89299e+03
 Position Rest.     Dih. Rest.      Potential    Kinetic En.   Total Energy
    2.19283e+03    2.68870e+02   -6.57309e+05    1.93789e+05   -4.63520e+05
  Conserved En.    Temperature Pressure (bar)   Constr. rmsd
   -4.63131e+05    3.03699e+02   -2.77779e+02    1.92659e-06

           Step           Time
           2000        2.00000

   Energies (kJ/mol)
           Bond            U-B    Proper Dih.  Improper Dih.      CMAP Dih.
    1.28951e+04    6.10422e+04    4.50868e+04    1.00501e+03    5.92969e+01
          LJ-14     Coulomb-14        LJ (SR)   Coulomb (SR)   Coul. recip.
    9.45374e+03   -2.56931e+04    2.71998e+04   -7.96558e+05    3.76392e+03
 Position Rest.     Dih. Rest.      Potential    Kinetic En.   Total Energy
    2.29890e+03    2.31279e+02   -6.59216e+05    1.93406e+05   -4.65810e+05
  Conserved En.    Temperature Pressure (bar)   Constr. rmsd
   -4.63161e+05    3.03100e+02   -3.85738e+02    1.92159e-06

           Step           Time
           3000        3.00000

   Energies (kJ/mol)
           Bond            U-B    Proper Dih.  Improper Dih.      CMAP Dih.
    1.26982e+04    6.08386e+04    4.54001e+04    9.68671e+02    8.24859e+01
          LJ-14     Coulomb-14        LJ (SR)   Coulomb (SR)   Coul. recip.
    9.31022e+03   -2.54159e+04    2.70234e+04   -7.97305e+05    3.92257e+03
 Position Rest.     Dih. Rest.      Potential    Kinetic En.   Total Energy
    2.36576e+03    2.12073e+02   -6.59898e+05    1.94228e+05   -4.65671e+05
  Conserved En.    Temperature Pressure (bar)   Constr. rmsd
   -4.63172e+05    3.04388e+02   -3.30736e+02    1.93259e-06

           Step           Time
           4000        4.00000

   Energies (kJ/mol)
           Bond            U-B    Proper Dih.  Improper Dih.      CMAP Dih.
    1.26096e+04    6.08073e+04    4.52533e+04    9.82838e+02    1.18256e+02
          LJ-14     Coulomb-14        LJ (SR)   Coulomb (SR)   Coul. recip.
    9.31434e+03   -2.60895e+04    2.78332e+04   -7.98063e+05    3.70706e+03
 Position Rest.     Dih. Rest.      Potential    Kinetic En.   Total Energy
    2.30927e+03    2.23962e+02   -6.60993e+05    1.93298e+05   -4.67695e+05
  Conserved En.    Temperature Pressure (bar)   Constr. rmsd
   -4.63184e+05    3.02931e+02   -5.59912e+02    1.92207e-06

           Step           Time
           5000        5.00000

   Energies (kJ/mol)
           Bond            U-B    Proper Dih.  Improper Dih.      CMAP Dih.
    1.27551e+04    6.10827e+04    4.50694e+04    9.64353e+02    5.75113e+01
          LJ-14     Coulomb-14        LJ (SR)   Coulomb (SR)   Coul. recip.
    9.11829e+03   -2.60655e+04    2.68217e+04   -7.97224e+05    3.71634e+03
 Position Rest.     Dih. Rest.      Potential    Kinetic En.   Total Energy
    2.30180e+03    2.11953e+02   -6.61190e+05    1.94151e+05   -4.67039e+05
  Conserved En.    Temperature Pressure (bar)   Constr. rmsd
   -4.63196e+05    3.04267e+02   -4.60868e+02    1.95155e-06

           Step           Time
           6000        6.00000

   Energies (kJ/mol)
           Bond            U-B    Proper Dih.  Improper Dih.      CMAP Dih.
    1.26001e+04    6.11306e+04    4.53353e+04    9.04537e+02    2.62574e+01
          LJ-14     Coulomb-14        LJ (SR)   Coulomb (SR)   Coul. recip.
    9.36646e+03   -2.59377e+04    2.56804e+04   -7.95350e+05    3.78238e+03
 Position Rest.     Dih. Rest.      Potential    Kinetic En.   Total Energy
    2.40545e+03    2.18615e+02   -6.59838e+05    1.92099e+05   -4.67739e+05
  Conserved En.    Temperature Pressure (bar)   Constr. rmsd
   -4.63204e+05    3.01051e+02   -4.25005e+02    1.94834e-06

           Step           Time
           7000        7.00000

   Energies (kJ/mol)
           Bond            U-B    Proper Dih.  Improper Dih.      CMAP Dih.
    1.28189e+04    6.03851e+04    4.52726e+04    9.69412e+02    1.36200e+02
          LJ-14     Coulomb-14        LJ (SR)   Coulomb (SR)   Coul. recip.
    9.42059e+03   -2.61046e+04    2.66231e+04   -7.95984e+05    3.73838e+03
 Position Rest.     Dih. Rest.      Potential    Kinetic En.   Total Energy
    2.32090e+03    2.24376e+02   -6.60179e+05    1.92241e+05   -4.67938e+05
  Conserved En.    Temperature Pressure (bar)   Constr. rmsd
   -4.63211e+05    3.01274e+02   -3.43509e+02    1.93358e-06

           Step           Time
           8000        8.00000

   Energies (kJ/mol)
           Bond            U-B    Proper Dih.  Improper Dih.      CMAP Dih.
    1.25406e+04    6.10760e+04    4.52495e+04    9.61876e+02    9.64432e+01
          LJ-14     Coulomb-14        LJ (SR)   Coulomb (SR)   Coul. recip.
    9.47558e+03   -2.58166e+04    2.70037e+04   -7.97311e+05    3.75632e+03
 Position Rest.     Dih. Rest.      Potential    Kinetic En.   Total Energy
    2.31944e+03    2.87137e+02   -6.60361e+05    1.92821e+05   -4.67540e+05
  Conserved En.    Temperature Pressure (bar)   Constr. rmsd
   -4.63220e+05    3.02183e+02   -2.03938e+02    1.94052e-06

           Step           Time
           9000        9.00000

   Energies (kJ/mol)
           Bond            U-B    Proper Dih.  Improper Dih.      CMAP Dih.
    1.26025e+04    6.11794e+04    4.51407e+04    9.50817e+02    1.39566e+02
          LJ-14     Coulomb-14        LJ (SR)   Coulomb (SR)   Coul. recip.
    9.35618e+03   -2.56878e+04    2.73514e+04   -7.97270e+05    3.76871e+03
 Position Rest.     Dih. Rest.      Potential    Kinetic En.   Total Energy
    2.34202e+03    1.98376e+02   -6.59929e+05    1.94307e+05   -4.65622e+05
  Conserved En.    Temperature Pressure (bar)   Constr. rmsd
   -4.63239e+05    3.04512e+02   -2.77309e+02    1.92785e-06

           Step           Time
          10000       10.00000

   Energies (kJ/mol)
           Bond            U-B    Proper Dih.  Improper Dih.      CMAP Dih.
    1.28627e+04    6.11530e+04    4.56162e+04    1.02965e+03    7.26771e+01
          LJ-14     Coulomb-14        LJ (SR)   Coulomb (SR)   Coul. recip.
    9.39451e+03   -2.58755e+04    2.70690e+04   -7.96669e+05    3.72026e+03
 Position Rest.     Dih. Rest.      Potential    Kinetic En.   Total Energy
    2.31050e+03    2.32615e+02   -6.59083e+05    1.93700e+05   -4.65383e+05
  Conserved En.    Temperature Pressure (bar)   Constr. rmsd
   -4.63242e+05    3.03561e+02   -5.49638e+02    1.93733e-06

           Step           Time
          11000       11.00000

   Energies (kJ/mol)
           Bond            U-B    Proper Dih.  Improper Dih.      CMAP Dih.
    1.29355e+04    6.11350e+04    4.51792e+04    1.01615e+03    2.73384e+01
          LJ-14     Coulomb-14        LJ (SR)   Coulomb (SR)   Coul. recip.
    9.15157e+03   -2.59041e+04    2.75121e+04   -7.97297e+05    3.82334e+03
 Position Rest.     Dih. Rest.      Potential    Kinetic En.   Total Energy
    2.46337e+03    2.43795e+02   -6.59714e+05    1.94767e+05   -4.64947e+05
  Conserved En.    Temperature Pressure (bar)   Constr. rmsd
   -4.63268e+05    3.05233e+02   -3.40802e+02    1.95233e-06

           Step           Time
          12000       12.00000

   Energies (kJ/mol)
           Bond            U-B    Proper Dih.  Improper Dih.      CMAP Dih.
    1.28690e+04    6.14159e+04    4.55395e+04    1.01034e+03    5.16841e+01
          LJ-14     Coulomb-14        LJ (SR)   Coulomb (SR)   Coul. recip.
    9.31518e+03   -2.60756e+04    2.67034e+04   -7.95211e+05    3.72157e+03
 Position Rest.     Dih. Rest.      Potential    Kinetic En.   Total Energy
    2.40335e+03    2.55620e+02   -6.58001e+05    1.93563e+05   -4.64438e+05
  Conserved En.    Temperature Pressure (bar)   Constr. rmsd
   -4.63284e+05    3.03346e+02   -5.97233e+02    1.93448e-06

           Step           Time
          13000       13.00000

   Energies (kJ/mol)
           Bond            U-B    Proper Dih.  Improper Dih.      CMAP Dih.
    1.25280e+04    6.06918e+04    4.54644e+04    9.80534e+02    8.04181e+01
          LJ-14     Coulomb-14        LJ (SR)   Coulomb (SR)   Coul. recip.
    9.33103e+03   -2.56517e+04    2.65749e+04   -7.96360e+05    3.81069e+03
 Position Rest.     Dih. Rest.      Potential    Kinetic En.   Total Energy
    2.29257e+03    1.82751e+02   -6.60074e+05    1.92978e+05   -4.67096e+05
  Conserved En.    Temperature Pressure (bar)   Constr. rmsd
   -4.63308e+05    3.02429e+02   -3.81187e+02    1.92536e-06

           Step           Time
          14000       14.00000

   Energies (kJ/mol)
           Bond            U-B    Proper Dih.  Improper Dih.      CMAP Dih.
    1.27622e+04    6.08483e+04    4.51197e+04    8.61299e+02    1.10426e+02
          LJ-14     Coulomb-14        LJ (SR)   Coulomb (SR)   Coul. recip.
    9.16358e+03   -2.60996e+04    2.77043e+04   -7.97429e+05    3.83779e+03
 Position Rest.     Dih. Rest.      Potential    Kinetic En.   Total Energy
    2.29604e+03    2.35955e+02   -6.60589e+05    1.94043e+05   -4.66546e+05
  Conserved En.    Temperature Pressure (bar)   Constr. rmsd
   -4.63321e+05    3.04098e+02   -4.44698e+02    1.92484e-06

           Step           Time
          15000       15.00000

   Energies (kJ/mol)
           Bond            U-B    Proper Dih.  Improper Dih.      CMAP Dih.
    1.26930e+04    6.10722e+04    4.54026e+04    9.78556e+02   -1.16016e+01
          LJ-14     Coulomb-14        LJ (SR)   Coulomb (SR)   Coul. recip.
    9.35437e+03   -2.58582e+04    2.75111e+04   -7.97952e+05    3.71693e+03
 Position Rest.     Dih. Rest.      Potential    Kinetic En.   Total Energy
    2.39667e+03    2.33701e+02   -6.60462e+05    1.93841e+05   -4.66622e+05
  Conserved En.    Temperature Pressure (bar)   Constr. rmsd
   -4.63323e+05    3.03781e+02   -5.98284e+02    1.92899e-06

           Step           Time
          16000       16.00000

   Energies (kJ/mol)
           Bond            U-B    Proper Dih.  Improper Dih.      CMAP Dih.
    1.25634e+04    6.06268e+04    4.52498e+04    9.77180e+02    1.18994e+02
          LJ-14     Coulomb-14        LJ (SR)   Coulomb (SR)   Coul. recip.
    9.23805e+03   -2.60427e+04    2.81411e+04   -7.98687e+05    3.79081e+03
 Position Rest.     Dih. Rest.      Potential    Kinetic En.   Total Energy
    2.30459e+03    2.16747e+02   -6.61502e+05    1.92360e+05   -4.69142e+05
  Conserved En.    Temperature Pressure (bar)   Constr. rmsd
   -4.63332e+05    3.01461e+02   -3.95824e+02    1.93164e-06

           Step           Time
          17000       17.00000

   Energies (kJ/mol)
           Bond            U-B    Proper Dih.  Improper Dih.      CMAP Dih.
    1.29135e+04    6.15416e+04    4.49580e+04    9.53323e+02    1.17858e+02
          LJ-14     Coulomb-14        LJ (SR)   Coulomb (SR)   Coul. recip.
    9.05289e+03   -2.62622e+04    2.67854e+04   -7.98442e+05    3.76588e+03
 Position Rest.     Dih. Rest.      Potential    Kinetic En.   Total Energy
    2.19650e+03    2.33131e+02   -6.62186e+05    1.92748e+05   -4.69438e+05
  Conserved En.    Temperature Pressure (bar)   Constr. rmsd
   -4.63339e+05    3.02068e+02   -8.15584e+02    1.93358e-06

           Step           Time
          18000       18.00000

   Energies (kJ/mol)
           Bond            U-B    Proper Dih.  Improper Dih.      CMAP Dih.
    1.31748e+04    6.14331e+04    4.51598e+04    9.97965e+02    5.58336e+01
          LJ-14     Coulomb-14        LJ (SR)   Coulomb (SR)   Coul. recip.
    9.15842e+03   -2.59444e+04    2.51745e+04   -7.95994e+05    3.77161e+03
 Position Rest.     Dih. Rest.      Potential    Kinetic En.   Total Energy
    2.40457e+03    2.15703e+02   -6.60392e+05    1.92400e+05   -4.67991e+05
  Conserved En.    Temperature Pressure (bar)   Constr. rmsd
   -4.63353e+05    3.01524e+02   -8.92343e+02    1.92415e-06

           Step           Time
          19000       19.00000

   Energies (kJ/mol)
           Bond            U-B    Proper Dih.  Improper Dih.      CMAP Dih.
    1.27923e+04    6.17008e+04    4.52169e+04    9.40416e+02    1.02741e+02
          LJ-14     Coulomb-14        LJ (SR)   Coulomb (SR)   Coul. recip.
    9.34548e+03   -2.60504e+04    2.78799e+04   -7.98184e+05    3.70036e+03
 Position Rest.     Dih. Rest.      Potential    Kinetic En.   Total Energy
    2.33165e+03    2.75029e+02   -6.59948e+05    1.92985e+05   -4.66963e+05
  Conserved En.    Temperature Pressure (bar)   Constr. rmsd
   -4.63370e+05    3.02440e+02   -3.77315e+02    1.91986e-06

           Step           Time
          20000       20.00000

   Energies (kJ/mol)
           Bond            U-B    Proper Dih.  Improper Dih.      CMAP Dih.
    1.28294e+04    6.11684e+04    4.54701e+04    9.84654e+02    1.05711e+02
          LJ-14     Coulomb-14        LJ (SR)   Coulomb (SR)   Coul. recip.
    9.35320e+03   -2.58715e+04    2.65749e+04   -7.96273e+05    3.84106e+03
 Position Rest.     Dih. Rest.      Potential    Kinetic En.   Total Energy
    2.27542e+03    2.30919e+02   -6.59311e+05    1.94703e+05   -4.64607e+05
  Conserved En.    Temperature Pressure (bar)   Constr. rmsd
   -4.63407e+05    3.05133e+02   -2.81616e+02    1.93491e-06

           Step           Time
          21000       21.00000

   Energies (kJ/mol)
           Bond            U-B    Proper Dih.  Improper Dih.      CMAP Dih.
    1.28656e+04    6.17106e+04    4.52268e+04    1.03229e+03    1.13257e+02
          LJ-14     Coulomb-14        LJ (SR)   Coulomb (SR)   Coul. recip.
    9.19858e+03   -2.58584e+04    2.55872e+04   -7.94234e+05    3.80578e+03
 Position Rest.     Dih. Rest.      Potential    Kinetic En.   Total Energy
    2.35785e+03    2.23595e+02   -6.57971e+05    1.92564e+05   -4.65407e+05
  Conserved En.    Temperature Pressure (bar)   Constr. rmsd
   -4.63403e+05    3.01781e+02   -6.75844e+02    1.92424e-06

           Step           Time
          22000       22.00000

   Energies (kJ/mol)
           Bond            U-B    Proper Dih.  Improper Dih.      CMAP Dih.
    1.26185e+04    6.11092e+04    4.52718e+04    9.71046e+02    1.09998e+02
          LJ-14     Coulomb-14        LJ (SR)   Coulomb (SR)   Coul. recip.
    9.22089e+03   -2.54919e+04    2.68513e+04   -7.97041e+05    3.78214e+03
 Position Rest.     Dih. Rest.      Potential    Kinetic En.   Total Energy
    2.31567e+03    2.42951e+02   -6.60039e+05    1.92630e+05   -4.67409e+05
  Conserved En.    Temperature Pressure (bar)   Constr. rmsd
   -4.63433e+05    3.01884e+02   -3.07493e+02    1.90856e-06

           Step           Time
          23000       23.00000

   Energies (kJ/mol)
           Bond            U-B    Proper Dih.  Improper Dih.      CMAP Dih.
    1.24626e+04    6.14249e+04    4.51491e+04    1.03021e+03    1.35817e+02
          LJ-14     Coulomb-14        LJ (SR)   Coulomb (SR)   Coul. recip.
    9.16712e+03   -2.57814e+04    2.64955e+04   -7.96493e+05    3.80216e+03
 Position Rest.     Dih. Rest.      Potential    Kinetic En.   Total Energy
    2.36639e+03    2.20356e+02   -6.60020e+05    1.92537e+05   -4.67483e+05
  Conserved En.    Temperature Pressure (bar)   Constr. rmsd
   -4.63446e+05    3.01738e+02   -7.03166e+02    1.93678e-06

           Step           Time
          24000       24.00000

   Energies (kJ/mol)
           Bond            U-B    Proper Dih.  Improper Dih.      CMAP Dih.
    1.25530e+04    6.10136e+04    4.53098e+04    9.32997e+02    8.78600e+01
          LJ-14     Coulomb-14        LJ (SR)   Coulomb (SR)   Coul. recip.
    9.11292e+03   -2.58639e+04    2.63759e+04   -7.97862e+05    3.80253e+03
 Position Rest.     Dih. Rest.      Potential    Kinetic En.   Total Energy
    2.30114e+03    2.28177e+02   -6.62008e+05    1.93676e+05   -4.68332e+05
  Conserved En.    Temperature Pressure (bar)   Constr. rmsd
   -4.63470e+05    3.03523e+02   -3.79996e+02    1.95021e-06

           Step           Time
          25000       25.00000

   Energies (kJ/mol)
           Bond            U-B    Proper Dih.  Improper Dih.      CMAP Dih.
    1.29472e+04    6.12614e+04    4.53908e+04    9.07229e+02    1.28976e+02
          LJ-14     Coulomb-14        LJ (SR)   Coulomb (SR)   Coul. recip.
    9.04583e+03   -2.62421e+04    2.59986e+04   -7.95450e+05    3.69524e+03
 Position Rest.     Dih. Rest.      Potential    Kinetic En.   Total Energy
    2.31690e+03    2.30707e+02   -6.59770e+05    1.92749e+05   -4.67021e+05
  Conserved En.    Temperature Pressure (bar)   Constr. rmsd
   -4.63493e+05    3.02070e+02   -3.89786e+02    1.93419e-06

           Step           Time
          26000       26.00000

   Energies (kJ/mol)
           Bond            U-B    Proper Dih.  Improper Dih.      CMAP Dih.
    1.25426e+04    6.12445e+04    4.51360e+04    9.72831e+02    9.24453e+01
          LJ-14     Coulomb-14        LJ (SR)   Coulomb (SR)   Coul. recip.
    9.37956e+03   -2.60029e+04    2.52782e+04   -7.95651e+05    3.70877e+03
 Position Rest.     Dih. Rest.      Potential    Kinetic En.   Total Energy
    2.40777e+03    2.17523e+02   -6.60674e+05    1.92934e+05   -4.67740e+05
  Conserved En.    Temperature Pressure (bar)   Constr. rmsd
   -4.63502e+05    3.02360e+02   -3.72797e+02    1.91912e-06

           Step           Time
          27000       27.00000

   Energies (kJ/mol)
           Bond            U-B    Proper Dih.  Improper Dih.      CMAP Dih.
    1.30057e+04    6.08116e+04    4.50608e+04    9.45250e+02    8.76752e+01
          LJ-14     Coulomb-14        LJ (SR)   Coulomb (SR)   Coul. recip.
    9.30799e+03   -2.57934e+04    2.64704e+04   -7.97103e+05    3.78323e+03
 Position Rest.     Dih. Rest.      Potential    Kinetic En.   Total Energy
    2.41256e+03    2.10311e+02   -6.60800e+05    1.93913e+05   -4.66888e+05
  Conserved En.    Temperature Pressure (bar)   Constr. rmsd
   -4.63511e+05    3.03894e+02   -6.26085e+02    1.93491e-06

           Step           Time
          28000       28.00000

   Energies (kJ/mol)
           Bond            U-B    Proper Dih.  Improper Dih.      CMAP Dih.
    1.31559e+04    6.13070e+04    4.50018e+04    9.35631e+02    9.08997e+01
          LJ-14     Coulomb-14        LJ (SR)   Coulomb (SR)   Coul. recip.
    9.21168e+03   -2.58084e+04    2.60219e+04   -7.96279e+05    3.76973e+03
 Position Rest.     Dih. Rest.      Potential    Kinetic En.   Total Energy
    2.38838e+03    2.16393e+02   -6.59988e+05    1.94134e+05   -4.65853e+05
  Conserved En.    Temperature Pressure (bar)   Constr. rmsd
   -4.63516e+05    3.04241e+02   -6.62903e+02    1.95543e-06

           Step           Time
          29000       29.00000

   Energies (kJ/mol)
           Bond            U-B    Proper Dih.  Improper Dih.      CMAP Dih.
    1.30388e+04    6.09348e+04    4.48127e+04    1.02908e+03    9.04373e+01
          LJ-14     Coulomb-14        LJ (SR)   Coulomb (SR)   Coul. recip.
    9.12753e+03   -2.62116e+04    2.56693e+04   -7.94957e+05    3.82219e+03
 Position Rest.     Dih. Rest.      Potential    Kinetic En.   Total Energy
    2.39385e+03    2.44245e+02   -6.60006e+05    1.93628e+05   -4.66377e+05
  Conserved En.    Temperature Pressure (bar)   Constr. rmsd
   -4.63527e+05    3.03448e+02   -5.12730e+02    1.93373e-06

           Step           Time
          30000       30.00000

   Energies (kJ/mol)
           Bond            U-B    Proper Dih.  Improper Dih.      CMAP Dih.
    1.26241e+04    6.11663e+04    4.52822e+04    9.37187e+02    4.20790e+01
          LJ-14     Coulomb-14        LJ (SR)   Coulomb (SR)   Coul. recip.
    9.47445e+03   -2.56000e+04    2.61091e+04   -7.95865e+05    3.76168e+03
 Position Rest.     Dih. Rest.      Potential    Kinetic En.   Total Energy
    2.46781e+03    2.20747e+02   -6.59379e+05    1.94325e+05   -4.65054e+05
  Conserved En.    Temperature Pressure (bar)   Constr. rmsd
   -4.63547e+05    3.04541e+02   -6.07128e+02    1.92306e-06

           Step           Time
          31000       31.00000

   Energies (kJ/mol)
           Bond            U-B    Proper Dih.  Improper Dih.      CMAP Dih.
    1.29526e+04    6.16168e+04    4.51874e+04    1.00276e+03    1.02436e+02
          LJ-14     Coulomb-14        LJ (SR)   Coulomb (SR)   Coul. recip.
    9.39855e+03   -2.56658e+04    2.73782e+04   -7.96958e+05    3.85721e+03
 Position Rest.     Dih. Rest.      Potential    Kinetic En.   Total Energy
    2.40785e+03    2.34905e+02   -6.58485e+05    1.93849e+05   -4.64636e+05
  Conserved En.    Temperature Pressure (bar)   Constr. rmsd
   -4.63548e+05    3.03794e+02   -4.42567e+02    1.94144e-06

           Step           Time
          32000       32.00000

   Energies (kJ/mol)
           Bond            U-B    Proper Dih.  Improper Dih.      CMAP Dih.
    1.29518e+04    6.14941e+04    4.49334e+04    9.59459e+02    7.42701e+01
          LJ-14     Coulomb-14        LJ (SR)   Coulomb (SR)   Coul. recip.
    9.37276e+03   -2.57854e+04    2.81633e+04   -7.97022e+05    3.80806e+03
 Position Rest.     Dih. Rest.      Potential    Kinetic En.   Total Energy
    2.38802e+03    2.35539e+02   -6.58427e+05    1.93988e+05   -4.64439e+05
  Conserved En.    Temperature Pressure (bar)   Constr. rmsd
   -4.63549e+05    3.04011e+02   -2.34293e+02    1.93705e-06

Writing checkpoint, step 32200 at Thu May 21 15:48:29 2026


           Step           Time
          33000       33.00000

   Energies (kJ/mol)
           Bond            U-B    Proper Dih.  Improper Dih.      CMAP Dih.
    1.27104e+04    6.08939e+04    4.52297e+04    9.80296e+02    1.08277e+02
          LJ-14     Coulomb-14        LJ (SR)   Coulomb (SR)   Coul. recip.
    9.34806e+03   -2.53542e+04    2.63273e+04   -7.95505e+05    3.80601e+03
 Position Rest.     Dih. Rest.      Potential    Kinetic En.   Total Energy
    2.42002e+03    2.59621e+02   -6.58776e+05    1.94405e+05   -4.64371e+05
  Conserved En.    Temperature Pressure (bar)   Constr. rmsd
   -4.63575e+05    3.04666e+02   -5.16492e+02    1.94740e-06

           Step           Time
          34000       34.00000

   Energies (kJ/mol)
           Bond            U-B    Proper Dih.  Improper Dih.      CMAP Dih.
    1.30135e+04    6.16762e+04    4.52286e+04    9.93393e+02    2.14203e+01
          LJ-14     Coulomb-14        LJ (SR)   Coulomb (SR)   Coul. recip.
    9.49328e+03   -2.54587e+04    2.60807e+04   -7.94643e+05    3.91995e+03
 Position Rest.     Dih. Rest.      Potential    Kinetic En.   Total Energy
    2.38360e+03    2.01858e+02   -6.57089e+05    1.95084e+05   -4.62005e+05
  Conserved En.    Temperature Pressure (bar)   Constr. rmsd
   -4.63575e+05    3.05729e+02   -3.15224e+02    1.96083e-06

           Step           Time
          35000       35.00000

   Energies (kJ/mol)
           Bond            U-B    Proper Dih.  Improper Dih.      CMAP Dih.
    1.28435e+04    6.14513e+04    4.50810e+04    9.60945e+02    5.25430e+01
          LJ-14     Coulomb-14        LJ (SR)   Coulomb (SR)   Coul. recip.
    9.43362e+03   -2.60926e+04    2.61056e+04   -7.95602e+05    3.82289e+03
 Position Rest.     Dih. Rest.      Potential    Kinetic En.   Total Energy
    2.38122e+03    2.64317e+02   -6.59297e+05    1.94306e+05   -4.64991e+05
  Conserved En.    Temperature Pressure (bar)   Constr. rmsd
   -4.63582e+05    3.04510e+02   -4.91769e+02    1.93542e-06

           Step           Time
          36000       36.00000

   Energies (kJ/mol)
           Bond            U-B    Proper Dih.  Improper Dih.      CMAP Dih.
    1.30811e+04    6.12856e+04    4.53880e+04    9.97729e+02    8.88481e+01
          LJ-14     Coulomb-14        LJ (SR)   Coulomb (SR)   Coul. recip.
    9.31121e+03   -2.61343e+04    2.69528e+04   -7.96436e+05    3.81500e+03
 Position Rest.     Dih. Rest.      Potential    Kinetic En.   Total Energy
    2.41379e+03    1.99245e+02   -6.59036e+05    1.94451e+05   -4.64585e+05
  Conserved En.    Temperature Pressure (bar)   Constr. rmsd
   -4.63603e+05    3.04738e+02   -1.22900e+01    1.92659e-06

           Step           Time
          37000       37.00000

   Energies (kJ/mol)
           Bond            U-B    Proper Dih.  Improper Dih.      CMAP Dih.
    1.28238e+04    6.08842e+04    4.51307e+04    9.73492e+02    1.10417e+02
          LJ-14     Coulomb-14        LJ (SR)   Coulomb (SR)   Coul. recip.
    9.15712e+03   -2.59193e+04    2.60177e+04   -7.96166e+05    3.72883e+03
 Position Rest.     Dih. Rest.      Potential    Kinetic En.   Total Energy
    2.41980e+03    2.59324e+02   -6.60580e+05    1.94084e+05   -4.66496e+05
  Conserved En.    Temperature Pressure (bar)   Constr. rmsd
   -4.63637e+05    3.04162e+02   -6.29663e+02    1.93593e-06

           Step           Time
          38000       38.00000

   Energies (kJ/mol)
           Bond            U-B    Proper Dih.  Improper Dih.      CMAP Dih.
    1.28855e+04    6.12494e+04    4.52384e+04    1.01434e+03    4.55774e+01
          LJ-14     Coulomb-14        LJ (SR)   Coulomb (SR)   Coul. recip.
    9.34615e+03   -2.59427e+04    2.51553e+04   -7.95766e+05    3.78106e+03
 Position Rest.     Dih. Rest.      Potential    Kinetic En.   Total Energy
    2.41143e+03    2.68368e+02   -6.60313e+05    1.93656e+05   -4.66657e+05
  Conserved En.    Temperature Pressure (bar)   Constr. rmsd
   -4.63625e+05    3.03492e+02   -5.89821e+02    1.93726e-06

           Step           Time
          39000       39.00000

   Energies (kJ/mol)
           Bond            U-B    Proper Dih.  Improper Dih.      CMAP Dih.
    1.27197e+04    6.13827e+04    4.53275e+04    9.52326e+02    7.41903e+01
          LJ-14     Coulomb-14        LJ (SR)   Coulomb (SR)   Coul. recip.
    9.23655e+03   -2.63749e+04    2.75236e+04   -7.98172e+05    3.89726e+03
 Position Rest.     Dih. Rest.      Potential    Kinetic En.   Total Energy
    2.54425e+03    2.19045e+02   -6.60670e+05    1.93300e+05   -4.67369e+05
  Conserved En.    Temperature Pressure (bar)   Constr. rmsd
   -4.63648e+05    3.02934e+02   -3.86622e+02    1.92897e-06

           Step           Time
          40000       40.00000

   Energies (kJ/mol)
           Bond            U-B    Proper Dih.  Improper Dih.      CMAP Dih.
    1.29232e+04    6.06783e+04    4.51842e+04    9.46930e+02    7.01579e+01
          LJ-14     Coulomb-14        LJ (SR)   Coulomb (SR)   Coul. recip.
    9.36256e+03   -2.62912e+04    2.74410e+04   -7.97886e+05    3.75082e+03
 Position Rest.     Dih. Rest.      Potential    Kinetic En.   Total Energy
    2.43813e+03    2.18519e+02   -6.61163e+05    1.94109e+05   -4.67054e+05
  Conserved En.    Temperature Pressure (bar)   Constr. rmsd
   -4.63668e+05    3.04201e+02   -9.94385e+01    1.94166e-06

           Step           Time
          41000       41.00000

   Energies (kJ/mol)
           Bond            U-B    Proper Dih.  Improper Dih.      CMAP Dih.
    1.30923e+04    6.14957e+04    4.51987e+04    8.73268e+02    9.91589e+01
          LJ-14     Coulomb-14        LJ (SR)   Coulomb (SR)   Coul. recip.
    9.19316e+03   -2.61017e+04    2.60148e+04   -7.94910e+05    3.72011e+03
 Position Rest.     Dih. Rest.      Potential    Kinetic En.   Total Energy
    2.48685e+03    2.39701e+02   -6.58598e+05    1.93480e+05   -4.65118e+05
  Conserved En.    Temperature Pressure (bar)   Constr. rmsd
   -4.63675e+05    3.03216e+02   -6.62168e+02    1.94767e-06

           Step           Time
          42000       42.00000

   Energies (kJ/mol)
           Bond            U-B    Proper Dih.  Improper Dih.      CMAP Dih.
    1.28162e+04    6.12398e+04    4.52212e+04    8.96495e+02    1.03867e+02
          LJ-14     Coulomb-14        LJ (SR)   Coulomb (SR)   Coul. recip.
    9.23601e+03   -2.62962e+04    2.66125e+04   -7.97477e+05    3.74975e+03
 Position Rest.     Dih. Rest.      Potential    Kinetic En.   Total Energy
    2.39577e+03    2.44653e+02   -6.61257e+05    1.94436e+05   -4.66822e+05
  Conserved En.    Temperature Pressure (bar)   Constr. rmsd
   -4.63693e+05    3.04713e+02   -4.24060e+02    1.94580e-06

           Step           Time
          43000       43.00000

   Energies (kJ/mol)
           Bond            U-B    Proper Dih.  Improper Dih.      CMAP Dih.
    1.29330e+04    6.12417e+04    4.53464e+04    9.75047e+02    1.72669e+02
          LJ-14     Coulomb-14        LJ (SR)   Coulomb (SR)   Coul. recip.
    9.26795e+03   -2.54802e+04    2.70581e+04   -7.98508e+05    3.74499e+03
 Position Rest.     Dih. Rest.      Potential    Kinetic En.   Total Energy
    2.41110e+03    2.47259e+02   -6.60590e+05    1.93426e+05   -4.67163e+05
  Conserved En.    Temperature Pressure (bar)   Constr. rmsd
   -4.63700e+05    3.03132e+02   -6.26785e+02    1.93945e-06

           Step           Time
          44000       44.00000

   Energies (kJ/mol)
           Bond            U-B    Proper Dih.  Improper Dih.      CMAP Dih.
    1.27956e+04    6.11109e+04    4.53386e+04    9.76813e+02    9.73139e+01
          LJ-14     Coulomb-14        LJ (SR)   Coulomb (SR)   Coul. recip.
    9.07691e+03   -2.62415e+04    2.54117e+04   -7.95295e+05    3.75612e+03
 Position Rest.     Dih. Rest.      Potential    Kinetic En.   Total Energy
    2.45140e+03    2.87041e+02   -6.60234e+05    1.93683e+05   -4.66551e+05
  Conserved En.    Temperature Pressure (bar)   Constr. rmsd
   -4.63716e+05    3.03534e+02   -8.99795e+02    1.94824e-06

           Step           Time
          45000       45.00000

   Energies (kJ/mol)
           Bond            U-B    Proper Dih.  Improper Dih.      CMAP Dih.
    1.28828e+04    6.12376e+04    4.49938e+04    9.82452e+02    6.72002e+01
          LJ-14     Coulomb-14        LJ (SR)   Coulomb (SR)   Coul. recip.
    9.12761e+03   -2.59547e+04    2.66272e+04   -7.97353e+05    3.75596e+03
 Position Rest.     Dih. Rest.      Potential    Kinetic En.   Total Energy
    2.46116e+03    1.98881e+02   -6.60973e+05    1.93181e+05   -4.67792e+05
  Conserved En.    Temperature Pressure (bar)   Constr. rmsd
   -4.63731e+05    3.02747e+02   -9.19665e+02    1.92059e-06

           Step           Time
          46000       46.00000

   Energies (kJ/mol)
           Bond            U-B    Proper Dih.  Improper Dih.      CMAP Dih.
    1.24829e+04    6.11477e+04    4.49957e+04    9.80199e+02    1.18034e+02
          LJ-14     Coulomb-14        LJ (SR)   Coulomb (SR)   Coul. recip.
    9.19156e+03   -2.61786e+04    2.73183e+04   -7.98743e+05    3.67450e+03
 Position Rest.     Dih. Rest.      Potential    Kinetic En.   Total Energy
    2.44685e+03    2.06654e+02   -6.62359e+05    1.93682e+05   -4.68677e+05
  Conserved En.    Temperature Pressure (bar)   Constr. rmsd
   -4.63750e+05    3.03532e+02   -3.96372e+02    1.93771e-06

           Step           Time
          47000       47.00000

   Energies (kJ/mol)
           Bond            U-B    Proper Dih.  Improper Dih.      CMAP Dih.
    1.28909e+04    6.07928e+04    4.53049e+04    9.02160e+02    7.79865e+01
          LJ-14     Coulomb-14        LJ (SR)   Coulomb (SR)   Coul. recip.
    9.38783e+03   -2.57294e+04    2.66743e+04   -7.96515e+05    3.76192e+03
 Position Rest.     Dih. Rest.      Potential    Kinetic En.   Total Energy
    2.53709e+03    2.21574e+02   -6.59693e+05    1.92765e+05   -4.66928e+05
  Conserved En.    Temperature Pressure (bar)   Constr. rmsd
   -4.63750e+05    3.02096e+02   -5.50747e+02    1.92034e-06

           Step           Time
          48000       48.00000

   Energies (kJ/mol)
           Bond            U-B    Proper Dih.  Improper Dih.      CMAP Dih.
    1.28141e+04    6.09586e+04    4.52253e+04    1.05885e+03    1.13966e+02
          LJ-14     Coulomb-14        LJ (SR)   Coulomb (SR)   Coul. recip.
    9.35224e+03   -2.57397e+04    2.57917e+04   -7.95784e+05    3.75223e+03
 Position Rest.     Dih. Rest.      Potential    Kinetic En.   Total Energy
    2.46316e+03    2.88005e+02   -6.59706e+05    1.93081e+05   -4.66625e+05
  Conserved En.    Temperature Pressure (bar)   Constr. rmsd
   -4.63762e+05    3.02591e+02   -6.52473e+02    1.91071e-06

           Step           Time
          49000       49.00000

   Energies (kJ/mol)
           Bond            U-B    Proper Dih.  Improper Dih.      CMAP Dih.
    1.29090e+04    6.16836e+04    4.53560e+04    9.10002e+02    7.41760e+01
          LJ-14     Coulomb-14        LJ (SR)   Coulomb (SR)   Coul. recip.
    9.40422e+03   -2.58881e+04    2.69758e+04   -7.97286e+05    3.80378e+03
 Position Rest.     Dih. Rest.      Potential    Kinetic En.   Total Energy
    2.35823e+03    2.43105e+02   -6.59456e+05    1.93144e+05   -4.66312e+05
  Conserved En.    Temperature Pressure (bar)   Constr. rmsd
   -4.63777e+05    3.02690e+02   -2.15474e+02    1.92523e-06

           Step           Time
          50000       50.00000

   Energies (kJ/mol)
           Bond            U-B    Proper Dih.  Improper Dih.      CMAP Dih.
    1.29056e+04    6.08636e+04    4.51335e+04    9.70807e+02    9.00903e+01
          LJ-14     Coulomb-14        LJ (SR)   Coulomb (SR)   Coul. recip.
    9.38176e+03   -2.54843e+04    2.73708e+04   -7.96289e+05    3.79943e+03
 Position Rest.     Dih. Rest.      Potential    Kinetic En.   Total Energy
    2.39303e+03    2.21492e+02   -6.58643e+05    1.95037e+05   -4.63606e+05
  Conserved En.    Temperature Pressure (bar)   Constr. rmsd
   -4.63803e+05    3.05656e+02   -4.38740e+02    1.92585e-06

           Step           Time
          51000       51.00000

   Energies (kJ/mol)
           Bond            U-B    Proper Dih.  Improper Dih.      CMAP Dih.
    1.28791e+04    6.20360e+04    4.50926e+04    9.93613e+02    6.98526e+01
          LJ-14     Coulomb-14        LJ (SR)   Coulomb (SR)   Coul. recip.
    9.28387e+03   -2.56938e+04    2.71039e+04   -7.96711e+05    3.73646e+03
 Position Rest.     Dih. Rest.      Potential    Kinetic En.   Total Energy
    2.40628e+03    2.34608e+02   -6.58568e+05    1.93778e+05   -4.64790e+05
  Conserved En.    Temperature Pressure (bar)   Constr. rmsd
   -4.63803e+05    3.03682e+02   -5.05056e+02    1.95063e-06

           Step           Time
          52000       52.00000

   Energies (kJ/mol)
           Bond            U-B    Proper Dih.  Improper Dih.      CMAP Dih.
    1.29536e+04    6.13682e+04    4.50705e+04    8.85232e+02    1.04617e+02
          LJ-14     Coulomb-14        LJ (SR)   Coulomb (SR)   Coul. recip.
    9.28169e+03   -2.61898e+04    2.54195e+04   -7.95477e+05    3.66359e+03
 Position Rest.     Dih. Rest.      Potential    Kinetic En.   Total Energy
    2.47234e+03    2.19556e+02   -6.60227e+05    1.93289e+05   -4.66938e+05
  Conserved En.    Temperature Pressure (bar)   Constr. rmsd
   -4.63808e+05    3.02917e+02   -2.50811e+02    1.93914e-06

           Step           Time
          53000       53.00000

   Energies (kJ/mol)
           Bond            U-B    Proper Dih.  Improper Dih.      CMAP Dih.
    1.28126e+04    6.10066e+04    4.49715e+04    9.20606e+02    1.03236e+02
          LJ-14     Coulomb-14        LJ (SR)   Coulomb (SR)   Coul. recip.
    9.25724e+03   -2.61654e+04    2.69643e+04   -7.97697e+05    3.82636e+03
 Position Rest.     Dih. Rest.      Potential    Kinetic En.   Total Energy
    2.38974e+03    2.22822e+02   -6.61387e+05    1.93452e+05   -4.67936e+05
  Conserved En.    Temperature Pressure (bar)   Constr. rmsd
   -4.63828e+05    3.03171e+02   -5.22761e+02    1.94075e-06

           Step           Time
          54000       54.00000

   Energies (kJ/mol)
           Bond            U-B    Proper Dih.  Improper Dih.      CMAP Dih.
    1.28268e+04    6.16793e+04    4.49572e+04    9.75696e+02    9.89385e+01
          LJ-14     Coulomb-14        LJ (SR)   Coulomb (SR)   Coul. recip.
    9.24534e+03   -2.55754e+04    2.68879e+04   -7.97092e+05    3.75228e+03
 Position Rest.     Dih. Rest.      Potential    Kinetic En.   Total Energy
    2.32039e+03    2.23306e+02   -6.59701e+05    1.94007e+05   -4.65694e+05
  Conserved En.    Temperature Pressure (bar)   Constr. rmsd
   -4.63833e+05    3.04042e+02   -6.11849e+02    1.93154e-06

           Step           Time
          55000       55.00000

   Energies (kJ/mol)
           Bond            U-B    Proper Dih.  Improper Dih.      CMAP Dih.
    1.28573e+04    6.14556e+04    4.49216e+04    1.01136e+03    1.25202e+02
          LJ-14     Coulomb-14        LJ (SR)   Coulomb (SR)   Coul. recip.
    9.13805e+03   -2.61917e+04    2.61519e+04   -7.97170e+05    3.74059e+03
 Position Rest.     Dih. Rest.      Potential    Kinetic En.   Total Energy
    2.30015e+03    2.28072e+02   -6.61432e+05    1.94721e+05   -4.66711e+05
  Conserved En.    Temperature Pressure (bar)   Constr. rmsd
   -4.63857e+05    3.05161e+02   -4.26006e+02    1.94690e-06

           Step           Time
          56000       56.00000

   Energies (kJ/mol)
           Bond            U-B    Proper Dih.  Improper Dih.      CMAP Dih.
    1.27195e+04    6.12454e+04    4.50926e+04    9.80038e+02    1.69817e+02
          LJ-14     Coulomb-14        LJ (SR)   Coulomb (SR)   Coul. recip.
    9.29336e+03   -2.61786e+04    2.67715e+04   -7.97100e+05    3.79206e+03
 Position Rest.     Dih. Rest.      Potential    Kinetic En.   Total Energy
    2.48236e+03    2.17817e+02   -6.60514e+05    1.94118e+05   -4.66396e+05
  Conserved En.    Temperature Pressure (bar)   Constr. rmsd
   -4.63860e+05    3.04216e+02   -4.77596e+02    1.92096e-06

           Step           Time
          57000       57.00000

   Energies (kJ/mol)
           Bond            U-B    Proper Dih.  Improper Dih.      CMAP Dih.
    1.29492e+04    6.17057e+04    4.49449e+04    9.86477e+02    1.30230e+02
          LJ-14     Coulomb-14        LJ (SR)   Coulomb (SR)   Coul. recip.
    9.09882e+03   -2.61568e+04    2.64913e+04   -7.96697e+05    3.82441e+03
 Position Rest.     Dih. Rest.      Potential    Kinetic En.   Total Energy
    2.43407e+03    2.63448e+02   -6.60025e+05    1.92649e+05   -4.67376e+05
  Conserved En.    Temperature Pressure (bar)   Constr. rmsd
   -4.63863e+05    3.01914e+02   -7.19990e+02    1.95293e-06

           Step           Time
          58000       58.00000

   Energies (kJ/mol)
           Bond            U-B    Proper Dih.  Improper Dih.      CMAP Dih.
    1.28669e+04    6.07037e+04    4.49887e+04    1.01663e+03    1.06553e+02
          LJ-14     Coulomb-14        LJ (SR)   Coulomb (SR)   Coul. recip.
    9.20402e+03   -2.59787e+04    2.67110e+04   -7.96715e+05    3.83195e+03
 Position Rest.     Dih. Rest.      Potential    Kinetic En.   Total Energy
    2.42963e+03    2.08101e+02   -6.60626e+05    1.92886e+05   -4.67740e+05
  Conserved En.    Temperature Pressure (bar)   Constr. rmsd
   -4.63883e+05    3.02284e+02   -6.12090e+02    1.94485e-06

           Step           Time
          59000       59.00000

   Energies (kJ/mol)
           Bond            U-B    Proper Dih.  Improper Dih.      CMAP Dih.
    1.27280e+04    6.09378e+04    4.49281e+04    9.86745e+02    1.48786e+02
          LJ-14     Coulomb-14        LJ (SR)   Coulomb (SR)   Coul. recip.
    9.05296e+03   -2.59481e+04    2.87253e+04   -8.00280e+05    3.77491e+03
 Position Rest.     Dih. Rest.      Potential    Kinetic En.   Total Energy
    2.43563e+03    2.02971e+02   -6.62307e+05    1.93004e+05   -4.69303e+05
  Conserved En.    Temperature Pressure (bar)   Constr. rmsd
   -4.63889e+05    3.02470e+02   -2.17915e+02    1.95335e-06

           Step           Time
          60000       60.00000

   Energies (kJ/mol)
           Bond            U-B    Proper Dih.  Improper Dih.      CMAP Dih.
    1.27911e+04    6.06442e+04    4.52536e+04    9.60810e+02    1.26792e+02
          LJ-14     Coulomb-14        LJ (SR)   Coulomb (SR)   Coul. recip.
    9.28369e+03   -2.52161e+04    2.71603e+04   -7.99117e+05    3.70449e+03
 Position Rest.     Dih. Rest.      Potential    Kinetic En.   Total Energy
    2.42978e+03    2.57262e+02   -6.61722e+05    1.92243e+05   -4.69479e+05
  Conserved En.    Temperature Pressure (bar)   Constr. rmsd
   -4.63893e+05    3.01277e+02   -4.68657e+02    1.92482e-06

           Step           Time
          61000       61.00000

   Energies (kJ/mol)
           Bond            U-B    Proper Dih.  Improper Dih.      CMAP Dih.
    1.28310e+04    6.10867e+04    4.51757e+04    1.00872e+03    9.95794e+01
          LJ-14     Coulomb-14        LJ (SR)   Coulomb (SR)   Coul. recip.
    9.26046e+03   -2.57350e+04    2.65691e+04   -7.97691e+05    3.69733e+03
 Position Rest.     Dih. Rest.      Potential    Kinetic En.   Total Energy
    2.41963e+03    1.80571e+02   -6.61097e+05    1.93764e+05   -4.67333e+05
  Conserved En.    Temperature Pressure (bar)   Constr. rmsd
   -4.63912e+05    3.03661e+02   -4.60216e+02    1.94013e-06

           Step           Time
          62000       62.00000

   Energies (kJ/mol)
           Bond            U-B    Proper Dih.  Improper Dih.      CMAP Dih.
    1.24303e+04    6.13209e+04    4.48438e+04    1.02214e+03    5.14111e+01
          LJ-14     Coulomb-14        LJ (SR)   Coulomb (SR)   Coul. recip.
    9.21283e+03   -2.53314e+04    2.80522e+04   -8.00839e+05    3.73887e+03
 Position Rest.     Dih. Rest.      Potential    Kinetic En.   Total Energy
    2.46081e+03    2.15866e+02   -6.62821e+05    1.93935e+05   -4.68887e+05
  Conserved En.    Temperature Pressure (bar)   Constr. rmsd
   -4.63921e+05    3.03928e+02   -3.07396e+02    1.92079e-06

           Step           Time
          63000       63.00000

   Energies (kJ/mol)
           Bond            U-B    Proper Dih.  Improper Dih.      CMAP Dih.
    1.24688e+04    6.07980e+04    4.51043e+04    9.69787e+02    6.64897e+01
          LJ-14     Coulomb-14        LJ (SR)   Coulomb (SR)   Coul. recip.
    9.32337e+03   -2.56370e+04    2.70543e+04   -7.97606e+05    3.78743e+03
 Position Rest.     Dih. Rest.      Potential    Kinetic En.   Total Energy
    2.48625e+03    2.37075e+02   -6.60947e+05    1.92372e+05   -4.68575e+05
  Conserved En.    Temperature Pressure (bar)   Constr. rmsd
   -4.63924e+05    3.01479e+02   -3.04653e+02    1.91106e-06

           Step           Time
          64000       64.00000

   Energies (kJ/mol)
           Bond            U-B    Proper Dih.  Improper Dih.      CMAP Dih.
    1.27466e+04    6.06493e+04    4.53656e+04    9.14861e+02    8.21569e+01
          LJ-14     Coulomb-14        LJ (SR)   Coulomb (SR)   Coul. recip.
    9.21276e+03   -2.60748e+04    2.66724e+04   -7.98338e+05    3.67339e+03
 Position Rest.     Dih. Rest.      Potential    Kinetic En.   Total Energy
    2.48525e+03    2.98337e+02   -6.62312e+05    1.93185e+05   -4.69127e+05
  Conserved En.    Temperature Pressure (bar)   Constr. rmsd
   -4.63952e+05    3.02754e+02   -6.51208e+02    1.92484e-06

Writing checkpoint, step 64300 at Thu May 21 16:03:29 2026


           Step           Time
          65000       65.00000

   Energies (kJ/mol)
           Bond            U-B    Proper Dih.  Improper Dih.      CMAP Dih.
    1.25977e+04    6.09007e+04    4.52466e+04    9.47227e+02    1.12695e+02
          LJ-14     Coulomb-14        LJ (SR)   Coulomb (SR)   Coul. recip.
    9.21417e+03   -2.61427e+04    2.67657e+04   -7.97778e+05    3.82357e+03
 Position Rest.     Dih. Rest.      Potential    Kinetic En.   Total Energy
    2.39272e+03    2.76882e+02   -6.61643e+05    1.93241e+05   -4.68402e+05
  Conserved En.    Temperature Pressure (bar)   Constr. rmsd
   -4.63960e+05    3.02841e+02   -7.09035e+02    1.90013e-06

           Step           Time
          66000       66.00000

   Energies (kJ/mol)
           Bond            U-B    Proper Dih.  Improper Dih.      CMAP Dih.
    1.26716e+04    6.11929e+04    4.51901e+04    9.84669e+02    9.61830e+01
          LJ-14     Coulomb-14        LJ (SR)   Coulomb (SR)   Coul. recip.
    9.19154e+03   -2.63145e+04    2.72496e+04   -7.98344e+05    3.72320e+03
 Position Rest.     Dih. Rest.      Potential    Kinetic En.   Total Energy
    2.39889e+03    2.37582e+02   -6.61722e+05    1.93170e+05   -4.68552e+05
  Conserved En.    Temperature Pressure (bar)   Constr. rmsd
   -4.63978e+05    3.02730e+02   -3.66546e+02    1.91587e-06

           Step           Time
          67000       67.00000

   Energies (kJ/mol)
           Bond            U-B    Proper Dih.  Improper Dih.      CMAP Dih.
    1.26432e+04    6.07041e+04    4.48680e+04    9.34659e+02    1.00812e+02
          LJ-14     Coulomb-14        LJ (SR)   Coulomb (SR)   Coul. recip.
    9.13869e+03   -2.58289e+04    2.66256e+04   -7.99014e+05    3.70108e+03
 Position Rest.     Dih. Rest.      Potential    Kinetic En.   Total Energy
    2.46362e+03    2.01032e+02   -6.63462e+05    1.92173e+05   -4.71290e+05
  Conserved En.    Temperature Pressure (bar)   Constr. rmsd
   -4.63998e+05    3.01167e+02   -8.13865e+02    1.93617e-06

           Step           Time
          68000       68.00000

   Energies (kJ/mol)
           Bond            U-B    Proper Dih.  Improper Dih.      CMAP Dih.
    1.27135e+04    6.10642e+04    4.52094e+04    1.00132e+03    7.99803e+01
          LJ-14     Coulomb-14        LJ (SR)   Coulomb (SR)   Coul. recip.
    9.36825e+03   -2.59669e+04    2.64151e+04   -7.97941e+05    3.67013e+03
 Position Rest.     Dih. Rest.      Potential    Kinetic En.   Total Energy
    2.53896e+03    2.22822e+02   -6.61624e+05    1.92913e+05   -4.68712e+05
  Conserved En.    Temperature Pressure (bar)   Constr. rmsd
   -4.63999e+05    3.02327e+02   -4.76694e+02    1.94891e-06

           Step           Time
          69000       69.00000

   Energies (kJ/mol)
           Bond            U-B    Proper Dih.  Improper Dih.      CMAP Dih.
    1.25227e+04    6.17517e+04    4.53504e+04    1.02358e+03    9.78791e+01
          LJ-14     Coulomb-14        LJ (SR)   Coulomb (SR)   Coul. recip.
    9.25426e+03   -2.57172e+04    2.60783e+04   -7.97440e+05    3.77821e+03
 Position Rest.     Dih. Rest.      Potential    Kinetic En.   Total Energy
    2.40978e+03    2.18351e+02   -6.60673e+05    1.93652e+05   -4.67020e+05
  Conserved En.    Temperature Pressure (bar)   Constr. rmsd
   -4.64027e+05    3.03486e+02   -4.06065e+02    1.93142e-06

           Step           Time
          70000       70.00000

   Energies (kJ/mol)
           Bond            U-B    Proper Dih.  Improper Dih.      CMAP Dih.
    1.25663e+04    6.07787e+04    4.53965e+04    9.93011e+02    6.25832e+01
          LJ-14     Coulomb-14        LJ (SR)   Coulomb (SR)   Coul. recip.
    9.29426e+03   -2.60657e+04    2.77124e+04   -7.98848e+05    3.77865e+03
 Position Rest.     Dih. Rest.      Potential    Kinetic En.   Total Energy
    2.38624e+03    2.16014e+02   -6.61730e+05    1.94116e+05   -4.67614e+05
  Conserved En.    Temperature Pressure (bar)   Constr. rmsd
   -4.64038e+05    3.04212e+02   -4.44856e+02    1.94256e-06

           Step           Time
          71000       71.00000

   Energies (kJ/mol)
           Bond            U-B    Proper Dih.  Improper Dih.      CMAP Dih.
    1.29035e+04    6.14737e+04    4.53652e+04    9.85610e+02    8.17515e+01
          LJ-14     Coulomb-14        LJ (SR)   Coulomb (SR)   Coul. recip.
    9.18683e+03   -2.57357e+04    2.66811e+04   -7.97472e+05    3.70373e+03
 Position Rest.     Dih. Rest.      Potential    Kinetic En.   Total Energy
    2.29351e+03    2.37863e+02   -6.60294e+05    1.93764e+05   -4.66530e+05
  Conserved En.    Temperature Pressure (bar)   Constr. rmsd
   -4.64039e+05    3.03661e+02   -5.04285e+02    1.92268e-06

           Step           Time
          72000       72.00000

   Energies (kJ/mol)
           Bond            U-B    Proper Dih.  Improper Dih.      CMAP Dih.
    1.28989e+04    6.12653e+04    4.51240e+04    1.01622e+03    1.28129e+02
          LJ-14     Coulomb-14        LJ (SR)   Coulomb (SR)   Coul. recip.
    9.29335e+03   -2.60355e+04    2.70392e+04   -7.97177e+05    3.76537e+03
 Position Rest.     Dih. Rest.      Potential    Kinetic En.   Total Energy
    2.50314e+03    2.24268e+02   -6.59955e+05    1.92586e+05   -4.67369e+05
  Conserved En.    Temperature Pressure (bar)   Constr. rmsd
   -4.64051e+05    3.01814e+02   -5.06538e+02    1.94720e-06

           Step           Time
          73000       73.00000

   Energies (kJ/mol)
           Bond            U-B    Proper Dih.  Improper Dih.      CMAP Dih.
    1.28202e+04    6.04035e+04    4.52140e+04    9.32799e+02    3.01186e+01
          LJ-14     Coulomb-14        LJ (SR)   Coulomb (SR)   Coul. recip.
    9.36341e+03   -2.62499e+04    2.64453e+04   -7.97473e+05    3.73137e+03
 Position Rest.     Dih. Rest.      Potential    Kinetic En.   Total Energy
    2.36445e+03    1.95477e+02   -6.62222e+05    1.92372e+05   -4.69850e+05
  Conserved En.    Temperature Pressure (bar)   Constr. rmsd
   -4.64057e+05    3.01479e+02   -4.92188e+02    1.93402e-06

           Step           Time
          74000       74.00000

   Energies (kJ/mol)
           Bond            U-B    Proper Dih.  Improper Dih.      CMAP Dih.
    1.28165e+04    6.14411e+04    4.53075e+04    1.02292e+03    1.21225e+02
          LJ-14     Coulomb-14        LJ (SR)   Coulomb (SR)   Coul. recip.
    9.35297e+03   -2.58515e+04    2.63311e+04   -7.97466e+05    3.83376e+03
 Position Rest.     Dih. Rest.      Potential    Kinetic En.   Total Energy
    2.38710e+03    2.11815e+02   -6.60491e+05    1.92474e+05   -4.68017e+05
  Conserved En.    Temperature Pressure (bar)   Constr. rmsd
   -4.64064e+05    3.01639e+02   -2.02206e+02    1.91527e-06

           Step           Time
          75000       75.00000

   Energies (kJ/mol)
           Bond            U-B    Proper Dih.  Improper Dih.      CMAP Dih.
    1.28396e+04    6.07308e+04    4.50823e+04    9.90888e+02    1.27078e+02
          LJ-14     Coulomb-14        LJ (SR)   Coulomb (SR)   Coul. recip.
    9.35357e+03   -2.54998e+04    2.63751e+04   -7.96695e+05    3.78344e+03
 Position Rest.     Dih. Rest.      Potential    Kinetic En.   Total Energy
    2.41775e+03    2.26736e+02   -6.60267e+05    1.92190e+05   -4.68077e+05
  Conserved En.    Temperature Pressure (bar)   Constr. rmsd
   -4.64083e+05    3.01195e+02   -5.24883e+02    1.92855e-06

           Step           Time
          76000       76.00000

   Energies (kJ/mol)
           Bond            U-B    Proper Dih.  Improper Dih.      CMAP Dih.
    1.24739e+04    6.12713e+04    4.48295e+04    1.02074e+03    7.30535e+01
          LJ-14     Coulomb-14        LJ (SR)   Coulomb (SR)   Coul. recip.
    9.35921e+03   -2.59916e+04    2.84461e+04   -8.00682e+05    3.79421e+03
 Position Rest.     Dih. Rest.      Potential    Kinetic En.   Total Energy
    2.42581e+03    2.09735e+02   -6.62770e+05    1.93375e+05   -4.69395e+05
  Conserved En.    Temperature Pressure (bar)   Constr. rmsd
   -4.64085e+05    3.03051e+02   -3.33127e+02    1.94909e-06

           Step           Time
          77000       77.00000

   Energies (kJ/mol)
           Bond            U-B    Proper Dih.  Improper Dih.      CMAP Dih.
    1.28762e+04    6.04192e+04    4.49447e+04    9.42196e+02    9.56962e+01
          LJ-14     Coulomb-14        LJ (SR)   Coulomb (SR)   Coul. recip.
    9.34921e+03   -2.58077e+04    2.66318e+04   -7.98274e+05    3.76478e+03
 Position Rest.     Dih. Rest.      Potential    Kinetic En.   Total Energy
    2.40674e+03    2.27420e+02   -6.62424e+05    1.90897e+05   -4.71527e+05
  Conserved En.    Temperature Pressure (bar)   Constr. rmsd
   -4.64099e+05    2.99168e+02   -4.66983e+02    1.93688e-06

           Step           Time
          78000       78.00000

   Energies (kJ/mol)
           Bond            U-B    Proper Dih.  Improper Dih.      CMAP Dih.
    1.26620e+04    6.04877e+04    4.52651e+04    9.89361e+02    6.54020e+01
          LJ-14     Coulomb-14        LJ (SR)   Coulomb (SR)   Coul. recip.
    9.23710e+03   -2.54682e+04    2.85521e+04   -8.02127e+05    3.89366e+03
 Position Rest.     Dih. Rest.      Potential    Kinetic En.   Total Energy
    2.41218e+03    2.13404e+02   -6.63817e+05    1.93557e+05   -4.70261e+05
  Conserved En.    Temperature Pressure (bar)   Constr. rmsd
   -4.64115e+05    3.03336e+02   -5.73387e+02    1.92855e-06

           Step           Time
          79000       79.00000

   Energies (kJ/mol)
           Bond            U-B    Proper Dih.  Improper Dih.      CMAP Dih.
    1.25727e+04    6.06993e+04    4.47240e+04    1.07331e+03    8.00336e+01
          LJ-14     Coulomb-14        LJ (SR)   Coulomb (SR)   Coul. recip.
    9.34295e+03   -2.54925e+04    2.58102e+04   -7.96699e+05    3.82831e+03
 Position Rest.     Dih. Rest.      Potential    Kinetic En.   Total Energy
    2.38038e+03    2.07432e+02   -6.61473e+05    1.91878e+05   -4.69595e+05
  Conserved En.    Temperature Pressure (bar)   Constr. rmsd
   -4.64127e+05    3.00705e+02   -6.07713e+02    1.94372e-06

           Step           Time
          80000       80.00000

   Energies (kJ/mol)
           Bond            U-B    Proper Dih.  Improper Dih.      CMAP Dih.
    1.30498e+04    6.10765e+04    4.50885e+04    9.94321e+02    1.23973e+02
          LJ-14     Coulomb-14        LJ (SR)   Coulomb (SR)   Coul. recip.
    9.27514e+03   -2.54439e+04    2.66552e+04   -7.99318e+05    3.68594e+03
 Position Rest.     Dih. Rest.      Potential    Kinetic En.   Total Energy
    2.34251e+03    2.18058e+02   -6.62252e+05    1.93365e+05   -4.68887e+05
  Conserved En.    Temperature Pressure (bar)   Constr. rmsd
   -4.64140e+05    3.03036e+02   -6.03595e+02    1.93181e-06

           Step           Time
          81000       81.00000

   Energies (kJ/mol)
           Bond            U-B    Proper Dih.  Improper Dih.      CMAP Dih.
    1.26037e+04    6.05752e+04    4.48432e+04    1.00730e+03    5.04062e+01
          LJ-14     Coulomb-14        LJ (SR)   Coulomb (SR)   Coul. recip.
    9.43832e+03   -2.52352e+04    2.66039e+04   -7.99657e+05    3.67829e+03
 Position Rest.     Dih. Rest.      Potential    Kinetic En.   Total Energy
    2.32137e+03    2.23591e+02   -6.63546e+05    1.93863e+05   -4.69683e+05
  Conserved En.    Temperature Pressure (bar)   Constr. rmsd
   -4.64165e+05    3.03816e+02   -7.80221e+02    1.95233e-06

           Step           Time
          82000       82.00000

   Energies (kJ/mol)
           Bond            U-B    Proper Dih.  Improper Dih.      CMAP Dih.
    1.24763e+04    6.05389e+04    4.49766e+04    9.56174e+02    7.93493e+01
          LJ-14     Coulomb-14        LJ (SR)   Coulomb (SR)   Coul. recip.
    9.33373e+03   -2.53454e+04    2.66973e+04   -7.99090e+05    3.66586e+03
 Position Rest.     Dih. Rest.      Potential    Kinetic En.   Total Energy
    2.33098e+03    2.33473e+02   -6.63146e+05    1.93206e+05   -4.69940e+05
  Conserved En.    Temperature Pressure (bar)   Constr. rmsd
   -4.64184e+05    3.02786e+02   -5.13998e+02    1.92821e-06

           Step           Time
          83000       83.00000

   Energies (kJ/mol)
           Bond            U-B    Proper Dih.  Improper Dih.      CMAP Dih.
    1.27014e+04    6.08392e+04    4.48393e+04    9.44941e+02    9.66785e+01
          LJ-14     Coulomb-14        LJ (SR)   Coulomb (SR)   Coul. recip.
    9.15987e+03   -2.55948e+04    2.75041e+04   -7.98924e+05    3.74766e+03
 Position Rest.     Dih. Rest.      Potential    Kinetic En.   Total Energy
    2.40147e+03    2.28956e+02   -6.62055e+05    1.91417e+05   -4.70638e+05
  Conserved En.    Temperature Pressure (bar)   Constr. rmsd
   -4.64189e+05    2.99983e+02   -4.44568e+02    1.95650e-06

           Step           Time
          84000       84.00000

   Energies (kJ/mol)
           Bond            U-B    Proper Dih.  Improper Dih.      CMAP Dih.
    1.31143e+04    6.01914e+04    4.45426e+04    8.16513e+02    1.09101e+02
          LJ-14     Coulomb-14        LJ (SR)   Coulomb (SR)   Coul. recip.
    9.24682e+03   -2.54211e+04    2.74321e+04   -7.99607e+05    3.79274e+03
 Position Rest.     Dih. Rest.      Potential    Kinetic En.   Total Energy
    2.46217e+03    2.21280e+02   -6.63099e+05    1.92559e+05   -4.70540e+05
  Conserved En.    Temperature Pressure (bar)   Constr. rmsd
   -4.64203e+05    3.01773e+02   -3.41670e+02    1.91513e-06

           Step           Time
          85000       85.00000

   Energies (kJ/mol)
           Bond            U-B    Proper Dih.  Improper Dih.      CMAP Dih.
    1.22884e+04    6.06034e+04    4.48108e+04    9.84850e+02    9.47910e+01
          LJ-14     Coulomb-14        LJ (SR)   Coulomb (SR)   Coul. recip.
    9.25552e+03   -2.52793e+04    2.83663e+04   -8.00556e+05    3.65547e+03
 Position Rest.     Dih. Rest.      Potential    Kinetic En.   Total Energy
    2.33698e+03    2.41458e+02   -6.63197e+05    1.93411e+05   -4.69786e+05
  Conserved En.    Temperature Pressure (bar)   Constr. rmsd
   -4.64253e+05    3.03108e+02   -3.67727e+02    1.94965e-06

           Step           Time
          86000       86.00000

   Energies (kJ/mol)
           Bond            U-B    Proper Dih.  Improper Dih.      CMAP Dih.
    1.27396e+04    6.06035e+04    4.49390e+04    9.51050e+02    9.19600e+01
          LJ-14     Coulomb-14        LJ (SR)   Coulomb (SR)   Coul. recip.
    9.17754e+03   -2.55683e+04    2.68407e+04   -7.99394e+05    3.73201e+03
 Position Rest.     Dih. Rest.      Potential    Kinetic En.   Total Energy
    2.33399e+03    2.07771e+02   -6.63346e+05    1.93077e+05   -4.70268e+05
  Conserved En.    Temperature Pressure (bar)   Constr. rmsd
   -4.64256e+05    3.02585e+02   -3.29102e+02    1.93116e-06

           Step           Time
          87000       87.00000

   Energies (kJ/mol)
           Bond            U-B    Proper Dih.  Improper Dih.      CMAP Dih.
    1.30564e+04    6.03910e+04    4.47205e+04    1.02422e+03    6.48202e+01
          LJ-14     Coulomb-14        LJ (SR)   Coulomb (SR)   Coul. recip.
    9.24345e+03   -2.58928e+04    2.76992e+04   -7.98882e+05    3.71080e+03
 Position Rest.     Dih. Rest.      Potential    Kinetic En.   Total Energy
    2.42671e+03    2.26780e+02   -6.62211e+05    1.92675e+05   -4.69535e+05
  Conserved En.    Temperature Pressure (bar)   Constr. rmsd
   -4.64274e+05    3.01954e+02   -3.90589e+02    1.93492e-06

           Step           Time
          88000       88.00000

   Energies (kJ/mol)
           Bond            U-B    Proper Dih.  Improper Dih.      CMAP Dih.
    1.26666e+04    5.98953e+04    4.48282e+04    9.66808e+02    1.05881e+02
          LJ-14     Coulomb-14        LJ (SR)   Coulomb (SR)   Coul. recip.
    9.37058e+03   -2.52348e+04    2.71325e+04   -8.01062e+05    3.65752e+03
 Position Rest.     Dih. Rest.      Potential    Kinetic En.   Total Energy
    2.36902e+03    1.98970e+02   -6.65106e+05    1.92643e+05   -4.72463e+05
  Conserved En.    Temperature Pressure (bar)   Constr. rmsd
   -4.64302e+05    3.01904e+02   -2.48345e+02    1.94398e-06

           Step           Time
          89000       89.00000

   Energies (kJ/mol)
           Bond            U-B    Proper Dih.  Improper Dih.      CMAP Dih.
    1.27063e+04    6.04857e+04    4.49153e+04    9.27885e+02    9.74643e+01
          LJ-14     Coulomb-14        LJ (SR)   Coulomb (SR)   Coul. recip.
    9.22513e+03   -2.54447e+04    2.70622e+04   -8.00728e+05    3.71954e+03
 Position Rest.     Dih. Rest.      Potential    Kinetic En.   Total Energy
    2.41016e+03    2.30004e+02   -6.64394e+05    1.92920e+05   -4.71473e+05
  Conserved En.    Temperature Pressure (bar)   Constr. rmsd
   -4.64318e+05    3.02338e+02   -6.17852e+02    1.94785e-06

           Step           Time
          90000       90.00000

   Energies (kJ/mol)
           Bond            U-B    Proper Dih.  Improper Dih.      CMAP Dih.
    1.30240e+04    6.12212e+04    4.49137e+04    9.84032e+02    9.13048e+01
          LJ-14     Coulomb-14        LJ (SR)   Coulomb (SR)   Coul. recip.
    9.13245e+03   -2.56455e+04    2.63858e+04   -7.99020e+05    3.64112e+03
 Position Rest.     Dih. Rest.      Potential    Kinetic En.   Total Energy
    2.56526e+03    2.21559e+02   -6.62484e+05    1.92682e+05   -4.69802e+05
  Conserved En.    Temperature Pressure (bar)   Constr. rmsd
   -4.64328e+05    3.01966e+02   -9.98671e+01    1.93663e-06

           Step           Time
          91000       91.00000

   Energies (kJ/mol)
           Bond            U-B    Proper Dih.  Improper Dih.      CMAP Dih.
    1.30757e+04    6.06430e+04    4.47901e+04    9.60901e+02    7.88191e+01
          LJ-14     Coulomb-14        LJ (SR)   Coulomb (SR)   Coul. recip.
    9.15762e+03   -2.52133e+04    2.78757e+04   -7.99590e+05    3.70016e+03
 Position Rest.     Dih. Rest.      Potential    Kinetic En.   Total Energy
    2.42072e+03    2.29959e+02   -6.61870e+05    1.93990e+05   -4.67880e+05
  Conserved En.    Temperature Pressure (bar)   Constr. rmsd
   -4.64351e+05    3.04015e+02   -4.94091e+02    1.93297e-06

           Step           Time
          92000       92.00000

   Energies (kJ/mol)
           Bond            U-B    Proper Dih.  Improper Dih.      CMAP Dih.
    1.29403e+04    6.09046e+04    4.49973e+04    1.01302e+03    4.88859e+01
          LJ-14     Coulomb-14        LJ (SR)   Coulomb (SR)   Coul. recip.
    9.13530e+03   -2.52701e+04    2.57666e+04   -7.97565e+05    3.75472e+03
 Position Rest.     Dih. Rest.      Potential    Kinetic En.   Total Energy
    2.37184e+03    1.98728e+02   -6.61704e+05    1.93749e+05   -4.67955e+05
  Conserved En.    Temperature Pressure (bar)   Constr. rmsd
   -4.64367e+05    3.03638e+02   -4.29667e+02    1.92699e-06

           Step           Time
          93000       93.00000

   Energies (kJ/mol)
           Bond            U-B    Proper Dih.  Improper Dih.      CMAP Dih.
    1.26560e+04    6.06999e+04    4.50602e+04    1.00596e+03    1.67251e+02
          LJ-14     Coulomb-14        LJ (SR)   Coulomb (SR)   Coul. recip.
    9.28737e+03   -2.53906e+04    2.62292e+04   -7.97564e+05    3.77956e+03
 Position Rest.     Dih. Rest.      Potential    Kinetic En.   Total Energy
    2.40473e+03    1.95570e+02   -6.61469e+05    1.94302e+05   -4.67167e+05
  Conserved En.    Temperature Pressure (bar)   Constr. rmsd
   -4.64391e+05    3.04504e+02   -5.15351e+02    1.96140e-06

           Step           Time
          94000       94.00000

   Energies (kJ/mol)
           Bond            U-B    Proper Dih.  Improper Dih.      CMAP Dih.
    1.25596e+04    6.08295e+04    4.49208e+04    9.52403e+02    9.82101e+01
          LJ-14     Coulomb-14        LJ (SR)   Coulomb (SR)   Coul. recip.
    9.36052e+03   -2.51653e+04    2.63646e+04   -7.97258e+05    3.68975e+03
 Position Rest.     Dih. Rest.      Potential    Kinetic En.   Total Energy
    2.44736e+03    2.35194e+02   -6.60965e+05    1.93313e+05   -4.67652e+05
  Conserved En.    Temperature Pressure (bar)   Constr. rmsd
   -4.64396e+05    3.02955e+02   -2.19949e+02    1.95516e-06

           Step           Time
          95000       95.00000

   Energies (kJ/mol)
           Bond            U-B    Proper Dih.  Improper Dih.      CMAP Dih.
    1.26117e+04    6.05392e+04    4.49032e+04    1.00654e+03    9.43645e+01
          LJ-14     Coulomb-14        LJ (SR)   Coulomb (SR)   Coul. recip.
    9.51246e+03   -2.56806e+04    2.59086e+04   -7.97060e+05    3.75021e+03
 Position Rest.     Dih. Rest.      Potential    Kinetic En.   Total Energy
    2.34472e+03    1.97740e+02   -6.61872e+05    1.93152e+05   -4.68720e+05
  Conserved En.    Temperature Pressure (bar)   Constr. rmsd
   -4.64424e+05    3.02701e+02   -5.80976e+02    1.93498e-06

           Step           Time
          96000       96.00000

   Energies (kJ/mol)
           Bond            U-B    Proper Dih.  Improper Dih.      CMAP Dih.
    1.23797e+04    6.05325e+04    4.50868e+04    9.89924e+02    4.50743e+01
          LJ-14     Coulomb-14        LJ (SR)   Coulomb (SR)   Coul. recip.
    9.43003e+03   -2.52151e+04    2.65623e+04   -7.97259e+05    3.78766e+03
 Position Rest.     Dih. Rest.      Potential    Kinetic En.   Total Energy
    2.37708e+03    1.91156e+02   -6.61092e+05    1.94384e+05   -4.66708e+05
  Conserved En.    Temperature Pressure (bar)   Constr. rmsd
   -4.64451e+05    3.04632e+02   -3.63428e+02    1.96206e-06

Writing checkpoint, step 96100 at Thu May 21 16:18:29 2026


           Step           Time
          97000       97.00000

   Energies (kJ/mol)
           Bond            U-B    Proper Dih.  Improper Dih.      CMAP Dih.
    1.27272e+04    6.13408e+04    4.50419e+04    1.11497e+03    1.20105e+02
          LJ-14     Coulomb-14        LJ (SR)   Coulomb (SR)   Coul. recip.
    9.14215e+03   -2.58124e+04    2.69071e+04   -7.98708e+05    3.62898e+03
 Position Rest.     Dih. Rest.      Potential    Kinetic En.   Total Energy
    2.32465e+03    2.28247e+02   -6.61945e+05    1.95073e+05   -4.66871e+05
  Conserved En.    Temperature Pressure (bar)   Constr. rmsd
   -4.64447e+05    3.05712e+02   -3.71942e+02    1.93041e-06

           Step           Time
          98000       98.00000

   Energies (kJ/mol)
           Bond            U-B    Proper Dih.  Improper Dih.      CMAP Dih.
    1.27281e+04    6.09678e+04    4.50570e+04    8.97154e+02    7.49910e+01
          LJ-14     Coulomb-14        LJ (SR)   Coulomb (SR)   Coul. recip.
    9.37293e+03   -2.55557e+04    2.63593e+04   -7.96429e+05    3.77657e+03
 Position Rest.     Dih. Rest.      Potential    Kinetic En.   Total Energy
    2.36134e+03    2.18342e+02   -6.60171e+05    1.94652e+05   -4.65520e+05
  Conserved En.    Temperature Pressure (bar)   Constr. rmsd
   -4.64451e+05    3.05052e+02   -3.63019e+02    1.92929e-06

           Step           Time
          99000       99.00000

   Energies (kJ/mol)
           Bond            U-B    Proper Dih.  Improper Dih.      CMAP Dih.
    1.28724e+04    6.07873e+04    4.50472e+04    1.06010e+03    1.10047e+02
          LJ-14     Coulomb-14        LJ (SR)   Coulomb (SR)   Coul. recip.
    9.39875e+03   -2.51700e+04    2.83245e+04   -7.99160e+05    3.80605e+03
 Position Rest.     Dih. Rest.      Potential    Kinetic En.   Total Energy
    2.38732e+03    2.18495e+02   -6.60318e+05    1.93696e+05   -4.66622e+05
  Conserved En.    Temperature Pressure (bar)   Constr. rmsd
   -4.64452e+05    3.03555e+02   -4.52332e+02    1.93340e-06

           Step           Time
         100000      100.00000

   Energies (kJ/mol)
           Bond            U-B    Proper Dih.  Improper Dih.      CMAP Dih.
    1.26595e+04    6.07573e+04    4.50412e+04    9.89591e+02    1.05012e+02
          LJ-14     Coulomb-14        LJ (SR)   Coulomb (SR)   Coul. recip.
    9.30455e+03   -2.52714e+04    2.63519e+04   -7.96283e+05    3.85413e+03
 Position Rest.     Dih. Rest.      Potential    Kinetic En.   Total Energy
    2.36576e+03    2.22621e+02   -6.59903e+05    1.93525e+05   -4.66377e+05
  Conserved En.    Temperature Pressure (bar)   Constr. rmsd
   -4.64474e+05    3.03287e+02   -5.33845e+02    1.95242e-06

           Step           Time
         101000      101.00000

   Energies (kJ/mol)
           Bond            U-B    Proper Dih.  Improper Dih.      CMAP Dih.
    1.28587e+04    6.10184e+04    4.50492e+04    9.64361e+02    6.78027e+01
          LJ-14     Coulomb-14        LJ (SR)   Coulomb (SR)   Coul. recip.
    9.37424e+03   -2.57594e+04    2.67160e+04   -7.96848e+05    3.74831e+03
 Position Rest.     Dih. Rest.      Potential    Kinetic En.   Total Energy
    2.40909e+03    2.32479e+02   -6.60169e+05    1.91587e+05   -4.68582e+05
  Conserved En.    Temperature Pressure (bar)   Constr. rmsd
   -4.64478e+05    3.00249e+02   -7.29380e+02    1.91164e-06

           Step           Time
         102000      102.00000

   Energies (kJ/mol)
           Bond            U-B    Proper Dih.  Improper Dih.      CMAP Dih.
    1.27317e+04    6.08349e+04    4.49516e+04    1.04700e+03    9.47662e+01
          LJ-14     Coulomb-14        LJ (SR)   Coulomb (SR)   Coul. recip.
    9.18494e+03   -2.54585e+04    2.52605e+04   -7.96299e+05    3.85790e+03
 Position Rest.     Dih. Rest.      Potential    Kinetic En.   Total Energy
    2.50389e+03    2.27334e+02   -6.61063e+05    1.93196e+05   -4.67867e+05
  Conserved En.    Temperature Pressure (bar)   Constr. rmsd
   -4.64511e+05    3.02771e+02   -8.95436e+02    1.94483e-06

           Step           Time
         103000      103.00000

   Energies (kJ/mol)
           Bond            U-B    Proper Dih.  Improper Dih.      CMAP Dih.
    1.26533e+04    6.08565e+04    4.49693e+04    9.37942e+02    1.09459e+02
          LJ-14     Coulomb-14        LJ (SR)   Coulomb (SR)   Coul. recip.
    9.45520e+03   -2.51577e+04    2.59633e+04   -7.97178e+05    3.79640e+03
 Position Rest.     Dih. Rest.      Potential    Kinetic En.   Total Energy
    2.39516e+03    2.58376e+02   -6.60940e+05    1.92392e+05   -4.68548e+05
  Conserved En.    Temperature Pressure (bar)   Constr. rmsd
   -4.64542e+05    3.01511e+02   -2.52461e+02    1.95572e-06

           Step           Time
         104000      104.00000

   Energies (kJ/mol)
           Bond            U-B    Proper Dih.  Improper Dih.      CMAP Dih.
    1.25049e+04    6.04789e+04    4.49784e+04    1.00940e+03    6.96855e+01
          LJ-14     Coulomb-14        LJ (SR)   Coulomb (SR)   Coul. recip.
    9.27536e+03   -2.50892e+04    2.66333e+04   -7.97583e+05    3.88789e+03
 Position Rest.     Dih. Rest.      Potential    Kinetic En.   Total Energy
    2.45194e+03    1.93382e+02   -6.61189e+05    1.93882e+05   -4.67307e+05
  Conserved En.    Temperature Pressure (bar)   Constr. rmsd
   -4.64552e+05    3.03846e+02   -4.58020e+02    1.94427e-06

           Step           Time
         105000      105.00000

   Energies (kJ/mol)
           Bond            U-B    Proper Dih.  Improper Dih.      CMAP Dih.
    1.27349e+04    6.07662e+04    4.50255e+04    1.08723e+03    1.20849e+02
          LJ-14     Coulomb-14        LJ (SR)   Coulomb (SR)   Coul. recip.
    9.26969e+03   -2.50576e+04    2.70445e+04   -7.98952e+05    3.75033e+03
 Position Rest.     Dih. Rest.      Potential    Kinetic En.   Total Energy
    2.39755e+03    1.97320e+02   -6.61615e+05    1.93618e+05   -4.67997e+05
  Conserved En.    Temperature Pressure (bar)   Constr. rmsd
   -4.64551e+05    3.03432e+02   -5.69205e+02    1.94782e-06

           Step           Time
         106000      106.00000

   Energies (kJ/mol)
           Bond            U-B    Proper Dih.  Improper Dih.      CMAP Dih.
    1.29113e+04    6.09859e+04    4.52303e+04    9.24476e+02    5.50334e+01
          LJ-14     Coulomb-14        LJ (SR)   Coulomb (SR)   Coul. recip.
    9.27275e+03   -2.50747e+04    2.67970e+04   -7.98409e+05    3.79251e+03
 Position Rest.     Dih. Rest.      Potential    Kinetic En.   Total Energy
    2.35411e+03    2.36922e+02   -6.60923e+05    1.93352e+05   -4.67571e+05
  Conserved En.    Temperature Pressure (bar)   Constr. rmsd
   -4.64571e+05    3.03015e+02   -7.23527e+02    1.94791e-06

           Step           Time
         107000      107.00000

   Energies (kJ/mol)
           Bond            U-B    Proper Dih.  Improper Dih.      CMAP Dih.
    1.28783e+04    6.14539e+04    4.49417e+04    1.02329e+03    8.89538e+01
          LJ-14     Coulomb-14        LJ (SR)   Coulomb (SR)   Coul. recip.
    9.09349e+03   -2.56631e+04    2.67385e+04   -7.97650e+05    3.89628e+03
 Position Rest.     Dih. Rest.      Potential    Kinetic En.   Total Energy
    2.47467e+03    2.54494e+02   -6.60470e+05    1.92799e+05   -4.67671e+05
  Conserved En.    Temperature Pressure (bar)   Constr. rmsd
   -4.64569e+05    3.02149e+02   -5.26930e+02    1.92956e-06

           Step           Time
         108000      108.00000

   Energies (kJ/mol)
           Bond            U-B    Proper Dih.  Improper Dih.      CMAP Dih.
    1.28892e+04    6.12423e+04    4.49188e+04    9.30539e+02    1.07939e+02
          LJ-14     Coulomb-14        LJ (SR)   Coulomb (SR)   Coul. recip.
    9.43475e+03   -2.54116e+04    2.50142e+04   -7.94160e+05    3.76505e+03
 Position Rest.     Dih. Rest.      Potential    Kinetic En.   Total Energy
    2.30631e+03    2.46302e+02   -6.58716e+05    1.94750e+05   -4.63966e+05
  Conserved En.    Temperature Pressure (bar)   Constr. rmsd
   -4.64599e+05    3.05206e+02   -4.50422e+02    1.94162e-06

           Step           Time
         109000      109.00000

   Energies (kJ/mol)
           Bond            U-B    Proper Dih.  Improper Dih.      CMAP Dih.
    1.28607e+04    6.13380e+04    4.49045e+04    9.53026e+02    8.23545e+01
          LJ-14     Coulomb-14        LJ (SR)   Coulomb (SR)   Coul. recip.
    9.29394e+03   -2.55783e+04    2.75038e+04   -7.98246e+05    3.84668e+03
 Position Rest.     Dih. Rest.      Potential    Kinetic En.   Total Energy
    2.48218e+03    1.96432e+02   -6.60362e+05    1.94289e+05   -4.66074e+05
  Conserved En.    Temperature Pressure (bar)   Constr. rmsd
   -4.64610e+05    3.04483e+02   -3.33009e+02    1.93825e-06

           Step           Time
         110000      110.00000

   Energies (kJ/mol)
           Bond            U-B    Proper Dih.  Improper Dih.      CMAP Dih.
    1.30539e+04    6.10110e+04    4.49623e+04    1.04567e+03    1.05405e+02
          LJ-14     Coulomb-14        LJ (SR)   Coulomb (SR)   Coul. recip.
    9.19045e+03   -2.53792e+04    2.68414e+04   -7.97853e+05    3.81953e+03
 Position Rest.     Dih. Rest.      Potential    Kinetic En.   Total Energy
    2.40217e+03    2.23278e+02   -6.60577e+05    1.93242e+05   -4.67336e+05
  Conserved En.    Temperature Pressure (bar)   Constr. rmsd
   -4.64637e+05    3.02842e+02   -4.87184e+02    1.92570e-06

           Step           Time
         111000      111.00000

   Energies (kJ/mol)
           Bond            U-B    Proper Dih.  Improper Dih.      CMAP Dih.
    1.25340e+04    6.13877e+04    4.47230e+04    9.49622e+02    1.31052e+02
          LJ-14     Coulomb-14        LJ (SR)   Coulomb (SR)   Coul. recip.
    9.13888e+03   -2.53874e+04    2.61848e+04   -7.98019e+05    3.78315e+03
 Position Rest.     Dih. Rest.      Potential    Kinetic En.   Total Energy
    2.43263e+03    2.57196e+02   -6.61884e+05    1.93159e+05   -4.68725e+05
  Conserved En.    Temperature Pressure (bar)   Constr. rmsd
   -4.64657e+05    3.02712e+02   -4.50042e+02    1.94121e-06

           Step           Time
         112000      112.00000

   Energies (kJ/mol)
           Bond            U-B    Proper Dih.  Improper Dih.      CMAP Dih.
    1.27586e+04    6.08710e+04    4.51475e+04    1.00068e+03    6.20580e+01
          LJ-14     Coulomb-14        LJ (SR)   Coulomb (SR)   Coul. recip.
    9.24088e+03   -2.55693e+04    2.79579e+04   -8.00136e+05    3.71602e+03
 Position Rest.     Dih. Rest.      Potential    Kinetic En.   Total Energy
    2.39530e+03    2.35802e+02   -6.62320e+05    1.93748e+05   -4.68572e+05
  Conserved En.    Temperature Pressure (bar)   Constr. rmsd
   -4.64658e+05    3.03636e+02   -1.50954e+02    1.93114e-06

           Step           Time
         113000      113.00000

   Energies (kJ/mol)
           Bond            U-B    Proper Dih.  Improper Dih.      CMAP Dih.
    1.26420e+04    6.12664e+04    4.48364e+04    9.90120e+02    1.49752e+02
          LJ-14     Coulomb-14        LJ (SR)   Coulomb (SR)   Coul. recip.
    9.27823e+03   -2.54718e+04    2.70237e+04   -7.99075e+05    3.75082e+03
 Position Rest.     Dih. Rest.      Potential    Kinetic En.   Total Energy
    2.41599e+03    1.99098e+02   -6.61994e+05    1.92631e+05   -4.69362e+05
  Conserved En.    Temperature Pressure (bar)   Constr. rmsd
   -4.64673e+05    3.01886e+02   -5.00107e+02    1.91889e-06

           Step           Time
         114000      114.00000

   Energies (kJ/mol)
           Bond            U-B    Proper Dih.  Improper Dih.      CMAP Dih.
    1.29579e+04    6.15370e+04    4.50926e+04    1.01226e+03    8.24696e+01
          LJ-14     Coulomb-14        LJ (SR)   Coulomb (SR)   Coul. recip.
    9.35959e+03   -2.58546e+04    2.65713e+04   -7.98572e+05    3.81901e+03
 Position Rest.     Dih. Rest.      Potential    Kinetic En.   Total Energy
    2.38320e+03    2.06745e+02   -6.61405e+05    1.93759e+05   -4.67646e+05
  Conserved En.    Temperature Pressure (bar)   Constr. rmsd
   -4.64688e+05    3.03652e+02   -4.53894e+02    1.92423e-06

           Step           Time
         115000      115.00000

   Energies (kJ/mol)
           Bond            U-B    Proper Dih.  Improper Dih.      CMAP Dih.
    1.27062e+04    6.14922e+04    4.50945e+04    1.01455e+03    8.11788e+01
          LJ-14     Coulomb-14        LJ (SR)   Coulomb (SR)   Coul. recip.
    9.30772e+03   -2.56220e+04    2.71389e+04   -7.99332e+05    3.71209e+03
 Position Rest.     Dih. Rest.      Potential    Kinetic En.   Total Energy
    2.45153e+03    2.31091e+02   -6.61724e+05    1.94328e+05   -4.67397e+05
  Conserved En.    Temperature Pressure (bar)   Constr. rmsd
   -4.64707e+05    3.04544e+02   -5.97669e+02    1.91822e-06

           Step           Time
         116000      116.00000

   Energies (kJ/mol)
           Bond            U-B    Proper Dih.  Improper Dih.      CMAP Dih.
    1.28146e+04    6.16099e+04    4.52286e+04    8.86953e+02    6.46171e+01
          LJ-14     Coulomb-14        LJ (SR)   Coulomb (SR)   Coul. recip.
    9.28678e+03   -2.56691e+04    2.63501e+04   -7.97772e+05    3.76391e+03
 Position Rest.     Dih. Rest.      Potential    Kinetic En.   Total Energy
    2.37310e+03    2.31212e+02   -6.60831e+05    1.94129e+05   -4.66702e+05
  Conserved En.    Temperature Pressure (bar)   Constr. rmsd
   -4.64723e+05    3.04233e+02   -3.28589e+02    1.93566e-06

           Step           Time
         117000      117.00000

   Energies (kJ/mol)
           Bond            U-B    Proper Dih.  Improper Dih.      CMAP Dih.
    1.26715e+04    6.08944e+04    4.48571e+04    9.77564e+02    9.68205e+01
          LJ-14     Coulomb-14        LJ (SR)   Coulomb (SR)   Coul. recip.
    9.32696e+03   -2.51766e+04    2.66611e+04   -7.99276e+05    3.73067e+03
 Position Rest.     Dih. Rest.      Potential    Kinetic En.   Total Energy
    2.40019e+03    2.24300e+02   -6.62612e+05    1.93538e+05   -4.69074e+05
  Conserved En.    Temperature Pressure (bar)   Constr. rmsd
   -4.64739e+05    3.03306e+02   -5.41449e+02    1.94940e-06

           Step           Time
         118000      118.00000

   Energies (kJ/mol)
           Bond            U-B    Proper Dih.  Improper Dih.      CMAP Dih.
    1.30153e+04    6.11926e+04    4.49655e+04    9.01805e+02    1.12124e+02
          LJ-14     Coulomb-14        LJ (SR)   Coulomb (SR)   Coul. recip.
    9.13443e+03   -2.51996e+04    2.60932e+04   -7.98285e+05    3.72852e+03
 Position Rest.     Dih. Rest.      Potential    Kinetic En.   Total Energy
    2.41574e+03    2.17299e+02   -6.61708e+05    1.93284e+05   -4.68424e+05
  Conserved En.    Temperature Pressure (bar)   Constr. rmsd
   -4.64748e+05    3.02909e+02   -3.59124e+02    1.93534e-06

           Step           Time
         119000      119.00000

   Energies (kJ/mol)
           Bond            U-B    Proper Dih.  Improper Dih.      CMAP Dih.
    1.26660e+04    6.09905e+04    4.49971e+04    9.74069e+02    6.23602e+01
          LJ-14     Coulomb-14        LJ (SR)   Coulomb (SR)   Coul. recip.
    9.26246e+03   -2.54234e+04    2.68097e+04   -7.98651e+05    3.71886e+03
 Position Rest.     Dih. Rest.      Potential    Kinetic En.   Total Energy
    2.28905e+03    2.51133e+02   -6.62053e+05    1.92656e+05   -4.69397e+05
  Conserved En.    Temperature Pressure (bar)   Constr. rmsd
   -4.64762e+05    3.01925e+02   -3.44023e+02    1.94532e-06

           Step           Time
         120000      120.00000

   Energies (kJ/mol)
           Bond            U-B    Proper Dih.  Improper Dih.      CMAP Dih.
    1.25588e+04    6.16917e+04    4.49908e+04    9.72475e+02    6.82467e+01
          LJ-14     Coulomb-14        LJ (SR)   Coulomb (SR)   Coul. recip.
    9.34679e+03   -2.59790e+04    2.61312e+04   -7.97245e+05    3.65283e+03
 Position Rest.     Dih. Rest.      Potential    Kinetic En.   Total Energy
    2.38113e+03    2.27593e+02   -6.61203e+05    1.94535e+05   -4.66668e+05
  Conserved En.    Temperature Pressure (bar)   Constr. rmsd
   -4.64781e+05    3.04869e+02   -5.29731e+02    1.93722e-06

           Step           Time
         121000      121.00000

   Energies (kJ/mol)
           Bond            U-B    Proper Dih.  Improper Dih.      CMAP Dih.
    1.26504e+04    6.13788e+04    4.50170e+04    9.34928e+02    7.72193e+01
          LJ-14     Coulomb-14        LJ (SR)   Coulomb (SR)   Coul. recip.
    9.38198e+03   -2.51506e+04    2.64394e+04   -7.97366e+05    3.88855e+03
 Position Rest.     Dih. Rest.      Potential    Kinetic En.   Total Energy
    2.44707e+03    1.98907e+02   -6.60102e+05    1.94202e+05   -4.65900e+05
  Conserved En.    Temperature Pressure (bar)   Constr. rmsd
   -4.64792e+05    3.04347e+02   -3.02909e+02    1.93717e-06

           Step           Time
         122000      122.00000

   Energies (kJ/mol)
           Bond            U-B    Proper Dih.  Improper Dih.      CMAP Dih.
    1.25500e+04    6.11712e+04    4.50400e+04    9.49255e+02    2.01446e+02
          LJ-14     Coulomb-14        LJ (SR)   Coulomb (SR)   Coul. recip.
    9.26009e+03   -2.51300e+04    2.65758e+04   -7.97995e+05    3.73946e+03
 Position Rest.     Dih. Rest.      Potential    Kinetic En.   Total Energy
    2.35667e+03    2.28409e+02   -6.61053e+05    1.93601e+05   -4.67451e+05
  Conserved En.    Temperature Pressure (bar)   Constr. rmsd
   -4.64805e+05    3.03406e+02   -7.19886e+02    1.92377e-06

           Step           Time
         123000      123.00000

   Energies (kJ/mol)
           Bond            U-B    Proper Dih.  Improper Dih.      CMAP Dih.
    1.26606e+04    6.19545e+04    4.49224e+04    9.15030e+02    1.19792e+02
          LJ-14     Coulomb-14        LJ (SR)   Coulomb (SR)   Coul. recip.
    9.20444e+03   -2.59241e+04    2.78357e+04   -7.99562e+05    3.71081e+03
 Position Rest.     Dih. Rest.      Potential    Kinetic En.   Total Energy
    2.36710e+03    2.11988e+02   -6.61584e+05    1.94488e+05   -4.67096e+05
  Conserved En.    Temperature Pressure (bar)   Constr. rmsd
   -4.64829e+05    3.04795e+02   -4.75055e+02    1.92559e-06

           Step           Time
         124000      124.00000

   Energies (kJ/mol)
           Bond            U-B    Proper Dih.  Improper Dih.      CMAP Dih.
    1.29418e+04    6.05717e+04    4.51842e+04    9.52645e+02    1.09139e+02
          LJ-14     Coulomb-14        LJ (SR)   Coulomb (SR)   Coul. recip.
    9.21904e+03   -2.55906e+04    2.68159e+04   -7.98535e+05    3.80348e+03
 Position Rest.     Dih. Rest.      Potential    Kinetic En.   Total Energy
    2.50930e+03    2.63198e+02   -6.61755e+05    1.92464e+05   -4.69291e+05
  Conserved En.    Temperature Pressure (bar)   Constr. rmsd
   -4.64847e+05    3.01624e+02   -6.35624e+02    1.92775e-06

           Step           Time
         125000      125.00000

Writing checkpoint, step 125000 at Thu May 21 16:32:02 2026


   Energies (kJ/mol)
           Bond            U-B    Proper Dih.  Improper Dih.      CMAP Dih.
    1.28672e+04    6.03673e+04    4.51840e+04    9.78030e+02    8.38467e+01
          LJ-14     Coulomb-14        LJ (SR)   Coulomb (SR)   Coul. recip.
    9.23329e+03   -2.49853e+04    2.66327e+04   -7.99877e+05    3.74737e+03
 Position Rest.     Dih. Rest.      Potential    Kinetic En.   Total Energy
    2.45452e+03    2.49996e+02   -6.63064e+05    1.93253e+05   -4.69811e+05
  Conserved En.    Temperature Pressure (bar)   Constr. rmsd
   -4.64862e+05    3.02860e+02   -2.57224e+02    1.93100e-06


Energy conservation over simulation part #1 of length 125 ps, time 0 to 125 ps
  Conserved energy drift: -5.52e-04 kJ/mol/ps per atom


	<======  ###############  ==>
	<====  A V E R A G E S  ====>
	<==  ###############  ======>

	Statistics over 125001 steps using 1251 frames

   Energies (kJ/mol)
           Bond            U-B    Proper Dih.  Improper Dih.      CMAP Dih.
    1.27937e+04    6.10229e+04    4.51154e+04    9.74885e+02    9.71897e+01
          LJ-14     Coulomb-14        LJ (SR)   Coulomb (SR)   Coul. recip.
    9.28188e+03   -2.57106e+04    2.66693e+04   -7.97516e+05    3.76051e+03
 Position Rest.     Dih. Rest.      Potential    Kinetic En.   Total Energy
    2.39466e+03    2.25652e+02   -6.60890e+05    1.93458e+05   -4.67433e+05
  Conserved En.    Temperature Pressure (bar)   Constr. rmsd
   -4.63959e+05    3.03181e+02   -4.63031e+02    0.00000e+00

   Total Virial (kJ/mol)
    7.57514e+04   -9.88373e+01    2.28894e+02
   -9.73636e+01    7.51340e+04    3.27006e+01
    2.34685e+02    3.55588e+01    7.48586e+04

   Pressure (bar)
   -5.02808e+02    5.99888e+00   -1.12807e+01
    5.93548e+00   -4.74941e+02   -2.52843e+00
   -1.15298e+01   -2.65140e+00   -4.11344e+02

         T-SOLU         T-MEMB         T-SOLV
    3.03639e+02    3.03232e+02    3.03097e+02


	M E G A - F L O P S   A C C O U N T I N G

 NB=Group-cutoff nonbonded kernels    NxN=N-by-N cluster Verlet kernels
 RF=Reaction-Field  VdW=Van der Waals  QSTab=quadratic-spline table
 W3=SPC/TIP3p  W4=TIP4p (single or pairs)
 V&F=Potential and force  V=Potential only  F=Force only

 Computing:                               M-Number         M-Flops  % Flops
-----------------------------------------------------------------------------
 Pair Search distance check           49549.353094      445944.178     0.1
 NxN Ewald Elec. + LJ [F]           6895891.396944   537879528.962    92.4
 NxN Ewald Elec. + LJ [V&F]           69711.339824     8992762.837     1.5
 NxN Ewald Elec. [F]                  33673.370544     2054075.603     0.4
 NxN Ewald Elec. [V&F]                  340.423504       28595.574     0.0
 1,4 nonbonded interactions            8330.316642      749728.498     0.1
 Calc Weights                         26847.589779      966513.232     0.2
 Spread Q Bspline                    572748.581952     1145497.164     0.2
 Gather F Bspline                    572748.581952     3436491.492     0.6
 3D-FFT                             2460307.932306    19682463.458     3.4
 Solve PME                            33048.264384     2115088.921     0.4
 Reset In Box                            89.491250         268.474     0.0
 CG-CoM                                  89.562843         268.689     0.0
 Bonds                                 1264.885119       74628.222     0.0
 Propers                               9845.328762     2254580.286     0.4
 Impropers                              121.750974       25324.203     0.0
 Dihedral Restr.                         38.250306        7650.061     0.0
 Pos. Restr.                            302.002416       15100.121     0.0
 Virial                                  89.619138        1613.144     0.0
 Stop-CM                                 89.562843         895.628     0.0
 Calc-Ekin                              179.125686        4836.394     0.0
 Lincs                                 1862.139897      111728.394     0.0
 Lincs-Mat                            12418.599348       49674.397     0.0
 Constraint-V                          9522.201177       85699.811     0.0
 Constraint-Vir                          76.661280        1839.871     0.0
 Settle                                1932.640461      715076.971     0.1
 Virtual Site 3fad                        0.126252          22.220     0.0
 CMAP                                    35.500284       60350.483     0.0
 Urey-Bradley                          5952.172617     1089247.589     0.2
-----------------------------------------------------------------------------
 Total                                               581995494.876   100.0
-----------------------------------------------------------------------------


    D O M A I N   D E C O M P O S I T I O N   S T A T I S T I C S

 av. #atoms communicated per step for force:  2 x 0.0
 av. #atoms communicated per step for vsites: 3 x 0.0
 av. #atoms communicated per step for LINCS:  2 x 0.0


      R E A L   C Y C L E   A N D   T I M E   A C C O U N T I N G

On 1 MPI rank, each using 16 OpenMP threads

 Activity:              Num   Num      Call    Wall time         Giga-Cycles
                        Ranks Threads  Count      (s)         total sum    %
--------------------------------------------------------------------------------
 Domain decomp.            1   16       1250      16.896        788.959   0.5
 Vsite constr.             1   16     125001       6.185        288.800   0.2
 Neighbor search           1   16       1251      22.966       1072.372   0.7
 Force                     1   16     125001    3010.339     140565.256  85.6
 PME mesh                  1   16     125001     348.657      16280.247   9.9
 NB X/F buffer ops.        1   16     250002      39.563       1847.373   1.1
 Vsite spread              1   16     126252       7.582        354.020   0.2
 Write traj.               1   16         29       0.454         21.220   0.0
 Update                    1   16     125001      18.212        850.401   0.5
 Constraints               1   16     125001      42.502       1984.611   1.2
 Kinetic energy            1   16       2501       0.312         14.548   0.0
 Rest                                              4.141        193.368   0.1
--------------------------------------------------------------------------------
 Total                                          3517.810     164261.176 100.0
--------------------------------------------------------------------------------
 Breakdown of PME mesh activities
--------------------------------------------------------------------------------
 PME spread                1   16     125001     118.759       5545.354   3.4
 PME gather                1   16     125001      84.478       3944.610   2.4
 PME 3D-FFT                1   16     250002     132.762       6199.231   3.8
 PME solve Elec            1   16     125001       9.607        448.606   0.3
--------------------------------------------------------------------------------

               Core t (s)   Wall t (s)        (%)
       Time:    56284.960     3517.810     1600.0
                         58:37
                 (ns/day)    (hour/ns)
Performance:        3.070        7.817
Finished mdrun on rank 0 Thu May 21 16:32:02 2026

