freeSelLabel TYR 36
0 45.54497380905557
1 13.262647420240548
2 13.224659903225463
3 13.447052626310997
4 13.241580133000527
5 13.370509412862289
6 13.412361442925542
7 13.05899512953508
8 13.490269874334707
9 13.665466492344809
10 13.618997414957862
11 13.498385192119159
12 14.062582077207722
13 16.082565949329375
14 17.17192521820415
15 17.940548554275072
16 17.399320824158785
17 17.7675751899232
18 17.956127353731862
19 19.595376660996088
20 21.08001933550141
21 21.82949764321494
22 22.630586545741462
23 24.088229446049443
24 23.918256014678185
25 24.208750415044506
26 24.046852314642194
27 24.232523510204313
28 24.832528370765388
29 25.022202532821435
30 28.565285783378464
31 28.617076763536517
32 28.93556592257785
33 30.13655563482718
34 30.361877298002423
35 29.89990608948758
36 31.346001566612482
37 31.511854228262447
38 31.050640949564567
39 34.17395380299472
40 34.5074955820749
41 35.792848756926745
42 37.531426643225984
43 38.333287141932715
44 39.145550128527084
45 39.427979169280036
46 40.013826826941546
47 40.65369337900255
48 40.340893814719536
49 44.432335323173874
50 45.18765691810652
51 45.54497614917608
freeSelLabel THR 64
0 18.808752565396517
1 27.54119821068338
2 27.639119361681416
3 27.90176494949457
4 27.664096780503282
5 27.4422241582667
6 26.902464793825757
7 27.0088752948714
8 26.72337735957384
9 26.54265931063056
10 26.45120424217582
11 25.654934830720563
12 24.69763708696789
13 21.686374682457302
14 19.90775260559575
15 19.339911399423286
16 19.488181780314775
17 19.122754885429607
18 19.33166538507355
19 17.92909537970945
20 16.809789101193626
21 16.641547609375817
22 16.155851715570403
23 14.5829307399048
24 14.372780317620862
25 14.479465063492091
26 14.476098265584831
27 14.432946965060337
28 14.170911782631626
29 13.784184079360951
30 10.338658380448784
31 10.222568187955224
32 10.373675749685473
33 10.08586188556675
34 10.024191998848623
35 10.18961279127949
36 11.04936273858
37 11.098494130975864
38 11.049955990023633
39 12.665770597122394
40 12.776340608218284
41 13.83056527317631
42 14.301950662795763
43 14.503011223826606
44 14.724762084650864
45 14.935842673736223
46 14.468032658932236
47 14.74357526904887
48 14.97967099078389
49 17.87337390786371
50 18.41930515225207
51 18.80876037874612
freeSelLabel LEU 67
0 23.488438110323845
1 24.052448447400128
2 24.0764864922111
3 24.37225874215987
4 24.20448335378867
5 23.56008085471918
6 23.06974670982252
7 23.201048485077575
8 22.913942102411706
9 23.230574020081207
10 23.11896284049615
11 22.507532573217535
12 21.494273963450162
13 18.687667101882546
14 17.236228403692472
15 16.75613987388303
16 16.881008618485666
17 16.51457146011814
18 16.322717818332404
19 16.286168731491095
20 15.025534148524583
21 14.975075218272835
22 15.101218059936134
23 13.819589736398033
24 13.61084496074645
25 13.776732809253213
26 13.763377978429496
27 13.53268745524123
28 13.644044985987282
29 13.283095425039553
30 11.712224373075697
31 12.117295478188272
32 12.255214534495764
33 12.149920394877983
34 12.386753205536957
35 12.460195690299548
36 13.808703350629195
37 14.022492171095168
38 13.886245879161576
39 16.28911522432526
40 17.021769689980108
41 18.121600711370753
42 18.802722058225893
43 19.448349068286333
44 19.570775757598128
45 19.84722524369657
46 19.661063738012363
47 19.776972179414678
48 20.050554828065206
49 22.85446652843361
50 23.537745780758993
51 23.488444322175464
freeSelLabel VAL 68
0 24.208288774811184
1 23.289121513792512
2 23.749720876085235
3 23.637581408977262
4 23.710614211964344
5 23.45283121428944
6 22.97427463968602
7 23.049541159947754
8 22.8669450179757
9 23.25567614658913
10 23.179085488492312
11 22.47421077294812
12 21.205595643123694
13 18.53774033786947
14 16.999077603913214
15 16.189020577534464
16 16.482385984956654
17 16.20716029808183
18 16.66305043464787
19 16.171766277940264
20 15.469464325430904
21 15.594666180903092
22 15.557980339219254
23 14.429716570317934
24 14.256632472836934
25 14.644299146097076
26 14.563081265062845
27 14.527781627387085
28 14.452527589002083
29 14.402375059021903
30 12.619011416132965
31 12.64518087852791
32 12.597650686709152
33 12.76507619623079
34 12.755012050297543
35 13.11639053478801
36 14.213321014194948
37 14.040369757849637
38 14.161273852199953
39 16.453882035332203
40 16.74881407280107
41 17.758150360596968
42 18.497536313052617
43 19.407593561757245
44 19.37661488796998
45 19.54930391094227
46 19.684529482771904
47 19.982696513347683
48 19.968836345141053
49 23.18391568118645
50 23.99865120152984
51 24.208295885194495
freeSelLabel LEU 71
0 28.238803191738796
1 17.79955273248746
2 18.075372561942828
3 17.96756750151125
4 18.11916448081576
5 17.569893126955325
6 17.480760319048127
7 17.344234834858288
8 17.09288039470111
9 17.38468672305901
10 17.272637014487948
11 17.06434302908848
12 16.058884652267892
13 13.170908337502619
14 11.410452473180435
15 11.563579912453863
16 11.37027101912233
17 11.117342834163827
18 10.983840688349245
19 11.654924579371077
20 11.11613572203816
21 11.249430942060705
22 12.3402750264305
23 11.776342560022771
24 11.742769597809884
25 11.933755752822108
26 11.463737414519528
27 11.921417315595507
28 12.242045971049373
29 12.169694407987958
30 12.674944150647073
31 13.253419398952317
32 13.457364052313944
33 13.56621099292608
34 14.038166044219302
35 14.359497863676152
36 15.303768946370289
37 15.682486856123923
38 15.414604471498462
39 18.540100208572404
40 19.305195872235444
41 20.846018515027655
42 21.410555736010156
43 22.366750227876967
44 22.99760445384023
45 22.79808749549904
46 23.093453944082917
47 23.751388669068582
48 23.657293907364757
49 27.210604909700688
50 27.77627282959889
51 28.238808862129922
freeSelLabel ASP 75
0 33.40552624073962
1 15.449762850688012
2 15.480166799160894
3 15.573877027724683
4 15.67322913626148
5 15.301920120391094
6 15.307695089034851
7 15.078753606042214
8 14.861811764074181
9 15.438692441517743
10 15.000662215609667
11 15.031463591466581
12 14.19529941017163
13 12.662833748401534
14 11.760887373707725
15 11.870125054704282
16 12.094455772344741
17 11.965265930830439
18 12.148340068690848
19 13.617130109967059
20 13.76180910751109
21 14.316762210529317
22 15.518453958792014
23 15.515096908733232
24 15.470562583447615
25 15.694120996203567
26 15.160858934736876
27 15.515036641737192
28 16.048590586172672
29 16.063670034102536
30 17.783477548484104
31 18.193460134690895
32 18.414265694997066
33 18.93770468592096
34 19.124910983604234
35 19.3673022195111
36 20.58014519959288
37 20.846541526771837
38 20.806511168315122
39 23.727832288508058
40 24.168376372173007
41 25.58620523687089
42 26.449723693195157
43 27.448582511325338
44 27.851342726735744
45 28.226365291188884
46 28.137035041803006
47 28.755254434961724
48 28.776663783513307
49 32.30038088447364
50 32.85894783003677
51 33.40552522697623
freeSelLabel VAL 78
0 38.44715700724851
1 11.115761576288161
2 10.920155420513469
3 11.09301344954332
4 11.041975390440893
5 10.88783687083215
6 10.80674191609428
7 10.836499450865384
8 10.736978144462878
9 11.034459322188791
10 10.562226901930766
11 10.661686858299227
12 10.15467465851443
13 10.447622235704818
14 10.617662027853745
15 10.598194566144535
16 10.962818935648773
17 11.103061566517036
18 11.206378523001892
19 13.433766207740037
20 14.237820474911867
21 14.981469273926491
22 16.50176086307934
23 17.195911513482915
24 17.158818767702552
25 17.26565903234176
26 17.145994787198397
27 17.37843315529669
28 18.00216765463401
29 18.370835393580233
30 21.04678543036215
31 21.548720237384988
32 21.90229138628595
33 22.987281645838532
34 22.855396728115792
35 23.04451408795803
36 24.602384912824288
37 24.63965213645158
38 24.60428361086478
39 28.206781794728297
40 28.756824744751476
41 29.9306837324214
42 31.100241441330017
43 32.15237349762525
44 32.80567822383121
45 33.10087512202184
46 33.322681072517575
47 33.709649199776386
48 33.61709031926713
49 37.39335269002813
50 37.69389519545073
51 38.44716126848727
freeSelLabel VAL 82
0 42.76336571685468
1 9.290220990865148
2 9.23931102910579
3 9.547481170025176
4 10.010490843556672
5 9.460396685920497
6 9.251363191777347
7 9.348630822660082
8 9.190972544015237
9 9.46563802153694
10 9.67410078413713
11 10.27577893690236
12 10.314493274306828
13 11.442696717796338
14 12.483779684189233
15 12.58329073044425
16 12.895202924772175
17 13.10521891760932
18 13.258123632604248
19 15.708488358341953
20 17.28148108137344
21 17.745473228003426
22 19.498288819076357
23 20.372925219911462
24 20.383295944712394
25 20.731378203007687
26 20.372650723563464
27 20.84314112151245
28 21.684496388628318
29 21.78349715390811
30 24.88653813956317
31 25.55029841665006
32 25.779855919822225
33 26.81417662150777
34 27.10169844559523
35 27.381438211068073
36 28.681398471339225
37 28.902460835202476
38 28.835858037602772
39 32.287644842583425
40 33.14144299264873
41 34.194688966504486
42 35.60530231187313
43 36.777147785595965
44 37.16936673570037
45 37.43368998096483
46 37.65108528676618
47 38.18453539861481
48 38.35099000589926
49 41.51200570419325
50 42.21639967365984
51 42.763368325581986
freeSelLabel MET 83
0 43.19081482329027
1 11.515997977362018
2 11.30022399217178
3 11.51757145834755
4 11.514864810440313
5 11.305238604220438
6 11.250616628516093
7 11.188495851113101
8 11.227736087194614
9 11.402210808495637
10 11.540312305592973
11 11.769780151927234
12 11.844612850037024
13 13.508725247656253
14 13.972223065698161
15 14.291937064620608
16 14.372557763515593
17 14.8093165864002
18 14.610357723376376
19 17.019347706835813
20 18.41315147957945
21 19.133048699712145
22 20.469577578879615
23 21.3395596989436
24 21.421012616900505
25 21.500014745701833
26 21.41738130245418
27 21.849272223725304
28 22.45491343706423
29 22.539520846804265
30 25.51921423227414
31 26.068602583520978
32 26.29081886169558
33 27.438074949558548
34 27.613820954109784
35 27.452481231345367
36 29.151746880337893
37 29.450649118399145
38 29.05556673762866
39 32.37329933570747
40 33.05003034092622
41 34.09411265836703
42 35.45503531521762
43 36.65906655952492
44 37.36965079234595
45 37.355861587412974
46 37.5935732621404
47 38.183153988033055
48 38.30197863843926
49 41.94114666683994
50 42.48450105135653
51 43.190818892915274
freeSelLabel TRP 85
0 49.60737233713165
1 14.121210246075293
2 14.353261083149839
3 13.863441579044148
4 14.483336084074171
5 14.138685614685784
6 14.189408887755354
7 14.30056951018915
8 14.514627713839394
9 14.56472744684028
10 15.110120048399757
11 15.310809208930012
12 15.956955354871942
13 18.281416225614922
14 19.494837212330847
15 19.604653723771307
16 19.789021085034495
17 20.0750245126378
18 20.109080020494066
19 22.680026392151483
20 23.952765220179952
21 24.704848097859543
22 26.34381415793667
23 27.065368761409044
24 27.678901192245434
25 27.71923893484981
26 27.7602923270204
27 27.530109921717887
28 28.515168687083012
29 28.758212862454894
30 32.20105418423553
31 32.392111260768
32 32.84647710621331
33 33.91122600490176
34 34.245880746845
35 34.06092673353745
36 36.05818726015283
37 35.760311576454725
38 35.81263640262265
39 39.266194239553684
40 39.99987574963327
41 41.235887375031304
42 42.6337026518626
43 43.625509060397064
44 43.93469649820986
45 44.30829465846643
46 44.4947541030222
47 44.976372124606755
48 45.06677069388671
49 48.68905281693382
50 49.23419482535524
51 49.607375103782545
freeSelLabel VAL 86
0 46.91296236371866
1 9.533916042928126
2 9.883605247117096
3 10.24301512729447
4 10.359882744828296
5 10.15723273271783
6 9.923715520629367
7 10.156541069826234
8 10.291507539664599
9 10.504798069251015
10 10.597745807636022
11 10.788843264636757
12 11.677958772462247
13 14.684048181727173
14 15.896208393840029
15 16.680107718038848
16 16.431744001512477
17 16.59058124645913
18 16.934075111551664
19 18.99697250728377
20 20.521061567306006
21 21.305080986608484
22 22.63381961428639
23 23.978292088319694
24 24.087326452937557
25 24.19026870412075
26 24.145583953026815
27 24.29131017035495
28 25.03815010758067
29 25.15683912981276
30 29.412592879640734
31 29.2732727057505
32 30.049792382059874
33 30.96077540301316
34 31.07059835420272
35 31.06832975915149
36 33.06327038570977
37 32.738507544909226
38 33.01220904795638
39 36.264610340228096
40 36.984475640641236
41 37.96884175249037
42 39.494034168478514
43 40.61860877133141
44 41.058014430895334
45 41.25063369549613
46 41.371494344311635
47 42.3751721984979
48 42.31190264456854
49 45.89366267575951
50 46.2791535409885
51 46.91296866886467
freeSelLabel LEU 89
0 53.02406267750385
1 11.88202315208393
2 13.060749213575752
3 13.08966244748179
4 13.379057403385172
5 13.260158905006447
6 13.249866079711785
7 13.546158455781121
8 13.500292557849669
9 13.383948288153254
10 13.96085846312194
11 14.161896951711933
12 15.457851394896418
13 18.859792070841145
14 20.234701907255754
15 21.119639101516746
16 20.863206007839924
17 21.275401411094318
18 21.622074491774928
19 23.672916515790703
20 25.43719702325188
21 26.041981333116098
22 27.114903837519154
23 28.56747194607699
24 28.6328834485914
25 29.295872914982812
26 29.637866823215738
27 29.666083703104764
28 30.477148909151126
29 30.423646368204974
30 34.2719130858307
31 34.71221443281418
32 35.36447754900593
33 36.438427507702755
34 36.69773545964142
35 36.55990332312307
36 38.63369429092403
37 38.44869638528868
38 38.29977361760433
39 42.2144923342745
40 42.593259398901985
41 43.82536854911964
42 45.19263990268314
43 46.51025223979805
44 47.16099370141962
45 47.61171328539258
46 47.99163390068723
47 48.370080445400525
48 48.321890292262324
49 51.75309143787976
50 52.158417548250455
51 53.0240655044336
freeSelLabel TRP 96
0 55.150453064936656
1 13.228277341262968
2 14.092463624496707
3 13.950377612507644
4 14.307824000598613
5 14.346472946572733
6 14.588827387203732
7 14.786160745429044
8 14.700366131643495
9 14.739710644238807
10 15.465158812142118
11 15.53811418591868
12 17.06147030596878
13 20.330843805795094
14 22.019925210799858
15 22.535936406084787
16 22.348252369298624
17 22.863231277674835
18 23.17203231285409
19 25.490933528870336
20 27.38758147033923
21 27.458558063943805
22 29.09392853302894
23 30.476407213644332
24 31.16412989500031
25 30.95974599507861
26 31.365710526470934
27 31.56237998026435
28 32.48945704378586
29 32.40012847580603
30 37.18183911326551
31 37.15589790327192
32 37.62127460941406
33 38.643514889387696
34 38.581901941647445
35 38.48035510757363
36 40.95840722150586
37 40.63477402769002
38 40.930345402718885
39 44.51120806106866
40 45.21999199451095
41 46.63079358314232
42 48.04375347535594
43 48.94782765081768
44 49.56184212898159
45 50.01697974743709
46 50.477810992459
47 50.460063044226345
48 51.01055372427923
49 54.00905188789853
50 54.67270023158058
51 55.15045955449924
freeSelLabel CYS 103
0 52.66261504260436
1 11.367242393021739
2 11.63632333641092
3 11.787192851718672
4 12.123502506602367
5 11.919171437258635
6 12.270103758390826
7 12.299773900579314
8 12.216595145008489
9 12.356764017090004
10 13.052344469716633
11 13.168612907113035
12 14.392957375260897
13 17.088478389517544
14 19.07105364416599
15 19.50440578376882
16 19.44797222467773
17 19.48614590049916
18 20.213422168380326
19 22.610060319664974
20 24.187412333725902
21 24.555113541094467
22 26.1165048789392
23 27.72878412108412
24 28.274426992593863
25 28.098505152545698
26 28.492478890121347
27 28.557976164393686
28 29.244989918334454
29 29.338005058089024
30 33.963039419199895
31 33.859626352834816
32 34.29028338522083
33 35.49922989296842
34 35.67928616160657
35 35.62655993249337
36 37.637191461852815
37 37.73356896325007
38 37.39839881948893
39 41.446247479842604
40 42.087280341388514
41 43.38900245144895
42 44.73311198148676
43 46.18007121967801
44 46.64897264293604
45 46.604176361817
46 47.337282473630424
47 47.68957135555926
48 48.206088643312256
49 51.52737382208951
50 51.85735184907709
51 52.662622227018524
freeSelLabel PHE 106
0 47.94666444909749
1 8.930582076365768
2 9.155032691605184
3 8.935586495763555
4 9.61376828516652
5 9.30823314645299
6 9.495453858935097
7 9.51709065101355
8 9.514517397052446
9 9.61311318987304
10 10.200566357639602
11 9.93709411696206
12 11.421912292021993
13 13.49639948614819
14 15.264631321962892
15 15.402208199898093
16 15.775773507645084
17 15.889105952086755
18 16.145796680706912
19 18.78510011488126
20 20.593491747910363
21 20.94458723278886
22 22.602547054574313
23 23.717083261156287
24 24.276216924729
25 24.07150449477929
26 24.521973458996822
27 24.766714876371026
28 25.42259732631346
29 25.386186656135894
30 29.48405485157592
31 29.766135825745287
32 30.03909931947293
33 31.421912140702513
34 31.364650536911753
35 31.53922744314987
36 33.12748425707922
37 33.718631288641724
38 33.328048367013466
39 37.083334144739396
40 37.82063189022198
41 38.93934653577953
42 40.508779518859825
43 41.469259572674545
44 42.069186032489746
45 42.33396444934479
46 42.62763613277176
47 43.45946601471866
48 43.46038499331884
49 47.22376867635149
50 47.58105973576285
51 47.946672203125786
freeSelLabel VAL 107
0 47.06068300715268
1 6.020499631697729
2 6.202432448261674
3 6.060604738590693
4 6.862870020167315
5 6.376686558117064
6 6.760449218453557
7 6.8538627135418295
8 6.707501237495652
9 6.90072838982548
10 7.679813244297094
11 7.469538221613135
12 8.78959506921892
13 11.121923615984857
14 13.395619962800687
15 13.072252566163941
16 13.410281569415512
17 13.754378252196531
18 14.027740473330345
19 16.729492608478566
20 18.435877208183882
21 18.752476741858132
22 20.093321673302107
23 21.867898967906356
24 22.455056325331388
25 22.251912964369595
26 22.495157509133072
27 22.820623712148457
28 23.253098661140445
29 23.378062997753283
30 28.334302346499197
31 28.21702446736783
32 28.410393416910413
33 29.84011518128637
34 29.76827487970307
35 29.972314125585683
36 31.697188178303573
37 31.9542054346777
38 31.532681205326497
39 35.57407347588643
40 36.549153750113966
41 37.577581671024916
42 39.076174575783284
43 40.52179022440174
44 40.792490534667664
45 41.285851496432514
46 41.79418020387406
47 42.419309386226914
48 42.97552573700097
49 46.0067255784446
50 46.31613475061236
51 47.06068662725778
freeSelLabel THR 108
0 44.519596833138465
1 9.137889199534317
2 9.33511643127098
3 9.237813830193016
4 9.393677733056688
5 9.43183820060287
6 9.116276514927236
7 9.292523577318628
8 9.4717578257067
9 9.204643468276346
10 9.549629646276738
11 9.28691679169649
12 10.323737579154859
13 11.597036186569197
14 12.846377768724556
15 12.902011039704908
16 13.020302515983335
17 13.141882377394086
18 13.32270527568457
19 15.921602651491058
20 17.298298905152272
21 17.419396073031486
22 19.027918608296993
23 20.198991076647918
24 20.699563081137615
25 20.7366066229298
26 20.914150828830596
27 21.036068318285604
28 21.905727117892905
29 22.018091235334172
30 26.400361506021024
31 26.30561299641719
32 26.450623976998774
33 28.04639808860245
34 28.251751047982946
35 28.21621610031735
36 30.002039149305524
37 30.132989988521878
38 29.951922028947497
39 34.0737267246959
40 34.670886866403286
41 35.62153500818575
42 37.299694926162154
43 38.38638088504042
44 38.94853359336088
45 39.25064059967326
46 39.58986837876595
47 40.22007597184065
48 40.39371320174695
49 43.42562262134944
50 43.72061008443063
51 44.519604321659266
freeSelLabel LEU 109
0 43.14615450243319
1 10.851195861826472
2 10.370345450689676
3 10.723319360066917
4 10.612710333494874
5 10.470454937199797
6 10.246529897902041
7 10.571777108228236
8 10.560837268949212
9 10.542148731240307
10 10.748833026642878
11 10.723087404152265
12 11.262101392936769
13 12.066882100828547
14 12.96173814714599
15 12.912658050538184
16 12.821822555438443
17 13.198993845877254
18 13.579033208020318
19 16.157007039055603
20 17.329278264615468
21 17.687547800737583
22 19.58590319008122
23 20.30636639399459
24 20.624517729779352
25 20.88616269018536
26 20.832386463639963
27 21.09445139496764
28 21.863912501534887
29 21.859464760951816
30 25.7214909064031
31 25.745308931149367
32 25.845879312518466
33 27.3154159295513
34 27.048697176722985
35 27.39267506134237
36 29.018378468167064
37 29.177349556597772
38 28.96272580831441
39 32.827649075001936
40 33.55641439689014
41 34.64086912588153
42 36.048492806201445
43 37.48114630872203
44 37.800872492635214
45 37.64217738309658
46 37.89608470212423
47 38.704055971571144
48 38.957191048202226
49 42.176087447946685
50 42.644439454385015
51 43.146159416855994
freeSelLabel ASP 110
0 41.560971262344346
1 5.764840905239041
2 5.311125278330233
3 5.6649257176768195
4 5.553291997881322
5 5.435469394387705
6 5.388342615037357
7 5.554909650716607
8 5.601559775120941
9 5.581780032508407
10 5.64962253773573
11 5.706377279958453
12 5.887623999255485
13 7.028781045014064
14 8.2492302786521
15 8.239035548841793
16 8.069906571126744
17 8.541021929648988
18 8.569721415717662
19 11.328109155067338
20 13.003987385507754
21 13.240439442820934
22 15.168854753936047
23 16.699811720213386
24 17.3181589852265
25 17.567247941316037
26 17.201435499959253
27 17.128242047332133
28 18.485116729022806
29 18.012947534767385
30 21.94191078332284
31 22.319109521808247
32 22.444798760269745
33 23.859655597744975
34 24.40153420352668
35 24.051831642293266
36 25.654520340627897
37 26.089503924423415
38 25.842791136522074
39 29.801457938559043
40 30.47952761842456
41 31.614213853674816
42 33.23311588281747
43 34.455394799095465
44 35.05713085142296
45 35.43729807836783
46 35.78280486647417
47 36.666788170495735
48 36.86084728075618
49 40.46922787109948
50 40.045999547384184
51 41.5609746064136
freeSelLabel VAL 111
0 39.96435544045974
1 6.25507535249234
2 6.149279236329481
3 6.124864901030824
4 6.048847371902433
5 6.195395099142603
6 5.865685805277314
7 6.1345379493028105
8 5.782419329408092
9 5.914641431574456
10 5.808110365284537
11 5.509501667085213
12 5.5927608471598695
13 5.966052287917286
14 7.0191088574602984
15 7.250128277078901
16 7.136141003364948
17 7.397215084658151
18 7.574593693299658
19 10.140468490002878
20 11.72912170172308
21 12.064970024960392
22 13.636649079036825
23 15.197389318070975
24 15.159031833114938
25 15.29785037230157
26 15.309145264121607
27 15.76785896607476
28 16.599154943291
29 16.469634779123368
30 21.533132700451926
31 21.631815927572287
32 21.702206296060982
33 22.800595859390867
34 22.92085049816153
35 23.02839371728323
36 24.71036324294879
37 24.73216821787064
38 24.676277489392653
39 28.756323077174258
40 29.628036572524564
41 30.511801527010974
42 32.24514869034505
43 33.730709474083795
44 33.96802092707987
45 34.30701060310813
46 34.53595626477997
47 35.35114659866706
48 35.37542046452492
49 38.98594685729142
50 39.155263090515284
51 39.96435866301323
freeSelLabel MET 112
0 38.72820698349923
1 11.365483560336413
2 11.200842975379643
3 11.368380555212255
4 11.679972434367718
5 11.648597030285844
6 11.362662624656904
7 11.465006146544242
8 11.28503104555122
9 11.680223378474373
10 11.643788900354362
11 11.27585997646562
12 11.399505286738721
13 10.74859273239827
14 10.590482726618571
15 10.759796830137342
16 10.708415157319985
17 10.787856377193586
18 10.994513552647051
19 13.380858043792513
20 14.158183578774896
21 14.22998016293144
22 15.624723096001837
23 16.507862383735986
24 16.659237010903322
25 16.544200714979777
26 16.62313048125844
27 17.39358582952904
28 17.780740543110717
29 17.65084217828866
30 21.424815508370614
31 21.64810595358954
32 21.953414707997542
33 23.011167683958675
34 22.989230122368173
35 23.658816093635753
36 24.85622405908244
37 25.371264834963796
38 25.007071130477275
39 29.20710286863487
40 29.429841044074315
41 30.7518509248116
42 31.732858530986874
43 33.194030257397635
44 33.48075041696022
45 33.777925752059204
46 34.07282707135428
47 34.38561357594662
48 34.72665824867492
49 37.77957434859342
50 37.91899961927662
51 38.72821079632746
freeSelLabel MET 113
0 37.901117360947886
1 11.196739038875572
2 10.636270888141688
3 10.865655888799683
4 11.04470916122741
5 10.566862962781281
6 10.650421281300897
7 10.952964611187559
8 10.395687035209557
9 10.581283394112523
10 10.641575621651258
11 10.328953687908028
12 10.955626240458447
13 10.13835863370779
14 10.225806897586974
15 10.245938702978222
16 10.255447197449557
17 10.086643264342264
18 10.524633783039553
19 12.74360620556474
20 13.710617762182567
21 13.919891523646003
22 15.761703491194782
23 15.585599240721898
24 16.437044762933134
25 16.681032144566057
26 16.209741517840154
27 16.823612232229838
28 17.42314563731086
29 17.445709609605256
30 20.89331503149572
31 20.862120062411208
32 20.957769182720607
33 22.357122933456367
34 22.134153544162206
35 22.464154599329166
36 23.940392696429296
37 24.10508758844912
38 24.024941364822844
39 27.65920413487941
40 28.113272423549567
41 29.41997777973049
42 30.711178817219437
43 31.77312197492894
44 32.24036455473923
45 32.45982891599814
46 32.55932483679521
47 33.40019887305193
48 33.68574642674518
49 36.85703309575213
50 37.015490312139356
51 37.90112001431892
freeSelLabel CYS 114
0 35.59866092274122
1 8.38611412614787
2 8.330099219233515
3 8.075414707896341
4 8.275429978540792
5 7.8069538274144845
6 7.869516351352338
7 7.803923717087927
8 7.352514449482129
9 7.803193745107274
10 7.5212353659613465
11 7.402418281382956
12 7.108233109543043
13 5.076141867792555
14 4.541407654890578
15 4.507526014355139
16 4.593282428432817
17 4.394992377167956
18 4.859386297489689
19 7.159813914877645
20 8.126987830621351
21 8.365926795464457
22 10.154728662892508
23 10.63210168681721
24 11.24650793367746
25 11.385966246702964
26 11.059776006748523
27 11.59535713856428
28 12.15208034019892
29 12.317744107251684
30 16.68685311588286
31 16.708085093131675
32 16.801466496171468
33 18.196089970948336
34 18.40856906423515
35 18.352965545988585
36 20.062843998745883
37 20.196141752371044
38 20.18782972996539
39 24.223098908182827
40 24.658144044595524
41 25.68720923564687
42 27.786597966563505
43 28.428005838136148
44 29.073071050918198
45 29.35963221082186
46 29.843419730145087
47 30.527869596783503
48 31.03556684641583
49 34.41814820127592
50 34.13961442301854
51 35.59866404195797
freeSelLabel THR 115
0 34.814010623273695
1 11.637148831419797
2 11.620298833835609
3 11.359875585527641
4 11.531809617992376
5 11.344298363017947
6 11.253905426988174
7 11.24938555351196
8 10.477905666468445
9 11.116821119141909
10 11.122517512188635
11 10.400161899249115
12 9.898530027629665
13 8.166026988864962
14 7.410038550331826
15 7.462391163096078
16 7.45042021697111
17 7.571970563189911
18 7.494489314804757
19 9.140665447057494
20 9.322799611103399
21 9.15337835834366
22 10.631011453729514
23 11.383069299099585
24 11.679398574573373
25 11.977108815655257
26 11.469213086671527
27 12.166117224080178
28 12.613441036226428
29 12.813995440978852
30 16.887644750587615
31 16.76725270297226
32 17.030384909877526
33 17.93666182674325
34 17.983614783326374
35 18.267339141338795
36 19.73760414969809
37 20.121766226287196
38 20.250770215123186
39 23.98265640624371
40 24.645402619373506
41 25.743910748925572
42 27.33853655687683
43 28.505316383181743
44 28.783420103044207
45 28.889651757945572
46 29.506674623902665
47 29.95107508495232
48 30.33641737453104
49 33.43468496281481
50 33.47873518105456
51 34.81401466551158
freeSelLabel ALA 116
0 32.72934807607925
1 14.086720434502455
2 13.86438602580405
3 13.549935672347061
4 14.031220239101831
5 13.62487802677234
6 13.57600097707173
7 13.678725727394493
8 12.877355436595954
9 13.424159613058839
10 13.50700689142876
11 13.136620227646238
12 12.813813677287332
13 10.613476063150507
14 9.704105847960996
15 9.717903081681442
16 9.807104132209146
17 9.729124709105367
18 9.720323438388293
19 11.306357790436554
20 11.296909327262785
21 10.950889727089546
22 12.22685782120516
23 12.190054777584969
24 12.724431354193664
25 12.843750314505618
26 12.515633913071282
27 13.070613630126319
28 13.467600798938628
29 13.493115339882554
30 16.314205627528462
31 16.385954810643476
32 16.537111207028765
33 17.569398398071424
34 17.348262463382454
35 17.39381233442026
36 19.08917685768528
37 19.01731536854263
38 19.100081015756878
39 22.799122084485482
40 23.659815197852595
41 24.68696077866079
42 26.128483439567017
43 27.130774574637847
44 27.64742433172588
45 27.78369301317583
46 27.74941191269943
47 28.131545242883618
48 28.833928459764945
49 31.77241922181847
50 31.613848431253675
51 32.72935219457728
freeSelLabel SER 117
0 31.42513960208376
1 13.289937394718399
2 13.097788390143311
3 13.06260771338943
4 12.946440369815127
5 12.542731498733772
6 12.69593508576512
7 12.775369060120303
8 12.153829315081992
9 12.610608615123855
10 12.413767015667567
11 12.097349677556828
12 11.62852638477483
13 8.968595038197199
14 7.752123737725722
15 7.699051757057853
16 7.778411470637927
17 7.408113976997832
18 7.6595267148522925
19 8.927574752094905
20 8.953620377760243
21 8.94185629801188
22 9.886139361174909
23 9.464603736555638
24 9.951287913905144
25 10.077564131890846
26 9.821416367560122
27 10.524792441196166
28 10.931723835002456
29 11.012922534125835
30 13.650387308660383
31 13.826729065811762
32 13.998205067504013
33 15.320822455457318
34 15.132584373922949
35 15.057894819771263
36 16.682608412114302
37 16.767693470787275
38 16.826328887344236
39 20.588310637165655
40 21.05525730866767
41 22.40977656488606
42 23.7450560378485
43 24.86892629194115
44 25.406513619410863
45 25.412853632350252
46 25.75673285320811
47 26.457585764144277
48 26.729290535645905
49 29.995915565715762
50 30.045578411172677
51 31.425146507001337
freeSelLabel ILE 118
0 29.334582282633068
1 14.626541404064302
2 14.644879071044105
3 14.279014228863447
4 14.338652631348737
5 13.892983952464213
6 14.193561807968376
7 13.90101858261149
8 13.311760076604777
9 14.018872701848824
10 13.117474062777012
11 12.780557285587683
12 11.500793253904323
13 9.434465107612334
14 6.295802966019835
15 5.864458392727048
16 5.78709586477829
17 5.852220070719636
18 5.234443883949426
19 5.075292996591282
20 4.74615611659487
21 4.630386066310186
22 5.220875123588944
23 5.495723105379914
24 6.094448107186755
25 5.987489498330373
26 5.8377306140148395
27 6.3033667568287255
28 6.773334492632643
29 6.9477088047721685
30 10.840287166848462
31 11.04814330420745
32 11.189851405569627
33 12.69931998591589
34 12.462480515887524
35 12.862604143054538
36 14.242757417930703
37 14.41814304920371
38 14.278008076081942
39 18.247632892408514
40 18.883104278940124
41 20.366938213075343
42 21.59877602546079
43 22.779162537334926
44 23.342040361124422
45 23.24908077387857
46 23.506063990702945
47 24.179135825163183
48 24.624490042257932
49 28.499937355536357
50 28.150883871111873
51 29.334589741731797
freeSelLabel LEU 119
0 29.36895515119727
1 16.915843126321448
2 16.96337469800603
3 16.704228998831717
4 16.99861392344335
5 16.513102207927712
6 16.64289234734596
7 16.58779182901182
8 15.878916369965523
9 16.329430701653642
10 15.878320156537024
11 15.5877310381785
12 14.585267088155447
13 12.432251044546149
14 10.651777046375399
15 10.430045684744123
16 10.243765707683762
17 10.237569215952831
18 9.804550243729624
19 9.900468161543204
20 9.313468471785667
21 8.602579607334295
22 9.795139326388131
23 10.203621926139638
24 10.757150614845715
25 10.44194053290437
26 10.619266106499893
27 10.664496737677027
28 10.536236205636
29 11.15226968556087
30 13.102651030736318
31 13.505654371401581
32 13.739396694704993
33 14.595376599243659
34 14.380082839441386
35 14.549159511347513
36 15.807168821122678
37 16.06517949944684
38 16.010999794007596
39 19.425742356882353
40 20.45918274841607
41 21.731057761291304
42 23.148437875094878
43 23.992364309348375
44 24.21859222431768
45 24.62845549531111
46 24.526912851558684
47 25.06628113428714
48 25.504931448211195
49 28.4080565890087
50 28.09858499349861
51 29.369125171251582
freeSelLabel ASN 120
0 27.214492382359566
1 18.44878165320066
2 18.286257683735215
3 18.288008382088943
4 18.166113028320623
5 18.0135093500491
6 17.97008925438194
7 17.796437598860404
8 17.648417085401068
9 17.634796109540314
10 17.434014318323523
11 17.186899274749404
12 16.426143984836845
13 13.828761462895026
14 12.207216946046557
15 11.689276988434015
16 11.813226456360354
17 11.929779434770692
18 11.459521109384644
19 11.643881838223734
20 10.565789163766933
21 10.641745347434636
22 11.063306555113028
23 11.086933947212886
24 11.168515161024475
25 11.320896718025391
26 10.985338505154024
27 10.912143008811306
28 11.113165166192983
29 11.334612111700215
30 12.176761001574093
31 12.499858247285687
32 12.624990831369129
33 12.919826561945046
34 13.005268689347568
35 12.951742192440372
36 14.009186999044962
37 14.445455637917256
38 14.02300942736274
39 17.65029678944463
40 18.197790050505322
41 19.965122966308186
42 20.94354244469865
43 21.863961075816604
44 22.065899140130806
45 22.39059162340933
46 22.4329582847446
47 22.778313450711323
48 23.148609584368472
49 26.27199864733969
50 26.124102442372408
51 27.214666657708516
freeSelLabel LEU 121
0 23.139896882702118
1 18.38896715638619
2 17.9886088966918
3 18.39986246043783
4 18.405527477876362
5 18.47092735255858
6 18.27832650217596
7 17.74571836504415
8 17.50198968648484
9 17.803099691203276
10 17.212381055824498
11 16.971771817234327
12 15.817480645288265
13 12.52212717696284
14 11.08214524260419
15 10.284035248720876
16 10.640014541290965
17 10.306842530543049
18 10.285232808291815
19 8.678839917948952
20 7.486128668312116
21 7.828320533429304
22 6.829996171437979
23 6.7427147456635925
24 6.545732667848185
25 6.690972283459195
26 6.531222485483744
27 6.5199184961003835
28 6.5050160602783045
29 6.388490189888269
30 7.477792840658245
31 7.853163812070876
32 7.904429248477621
33 8.856842785922804
34 8.618502308988036
35 8.658886191729161
36 10.043325521543247
37 10.310000900212856
38 10.176023309395966
39 13.143725568342068
40 14.029845912952867
41 15.018310855098909
42 16.87865008545089
43 17.621549791875122
44 18.203052910076714
45 18.294660721707377
46 18.134220876303047
47 18.844042609246987
48 19.208155445202042
49 22.979850162828985
50 23.111956598181994
51 23.139903864582553
freeSelLabel CYS 122
0 23.423654625584646
1 20.488920375357676
2 20.789330768034485
3 21.150913131654615
4 21.07747811319777
5 20.554794568935623
6 20.792012738335654
7 20.38072420170104
8 20.26187809209841
9 20.139759323425277
10 19.587992503519114
11 19.327777354879778
12 17.913504505223198
13 15.198939207200842
14 13.218583587115186
15 12.544796004372591
16 12.917198128975453
17 12.405652355551148
18 12.261554489040892
19 11.005183480854308
20 9.560282904147002
21 9.277238829008652
22 8.648095316461333
23 7.584575657073616
24 7.4481730314791434
25 7.754486030378219
26 7.49907364453873
27 7.612080591448663
28 7.843167817975633
29 7.850623395284063
30 8.555511913328269
31 8.658980570817109
32 8.496254078471413
33 9.16249915237404
34 9.13826004553742
35 9.212875968178588
36 10.533129966914128
37 10.916569598556459
38 10.47914519719833
39 13.721109761970634
40 14.72479446984587
41 16.115575424985554
42 17.573530427475028
43 18.582054594334622
44 18.806970296889574
45 18.861265555428027
46 18.91521096928392
47 19.606185044551022
48 20.027548160328365
49 22.601618860150953
50 22.6944421980742
51 23.42366179237701
freeSelLabel ALA 123
0 22.611527871006324
1 22.92132676402935
2 23.17762711555503
3 22.92783796852239
4 23.034733711714832
5 22.657768089862255
6 22.871012616295484
7 22.414761139340346
8 22.390514700080136
9 22.53825336288072
10 21.808818172275082
11 21.52272272219909
12 20.456197023312683
13 17.630257103999625
14 16.03273942051607
15 15.330831335317473
16 15.609602157790992
17 15.276673068719433
18 15.316827056770457
19 14.244428400493385
20 12.725046950223822
21 12.824083202115215
22 12.294000613877175
23 11.339914148109061
24 11.2769136243282
25 11.37214470431685
26 11.148074555239264
27 11.174378263503709
28 11.123779071771738
29 11.065930153624754
30 9.74314588189413
31 9.949315326811995
32 10.048455966529175
33 10.32052221846788
34 10.224784663664554
35 10.33895318443209
36 11.432333061570828
37 12.054498876454225
38 11.657722868167808
39 14.32808326836184
40 15.3071554702141
41 16.458772709926926
42 17.482690271732576
43 18.21856641675996
44 18.062429666096225
45 18.47154950435432
46 18.55723090539052
47 18.689819790220135
48 19.23220217625295
49 21.731191393520007
50 21.85866925481381
51 22.61152723056508
freeSelLabel ILE 124
0 20.162376971797315
1 23.515930993860767
2 23.916064801314395
3 23.85149944638397
4 23.797101223020718
5 23.328911454558806
6 23.241630096670637
7 23.200810910431624
8 23.083353688893535
9 22.82696994208606
10 22.78283517723392
11 22.324317462078227
12 21.076426278180584
13 18.064408435313467
14 16.33131801505587
15 15.631840159232894
16 15.966639869124247
17 15.676175234568301
18 15.681637091357372
19 13.990696866428415
20 12.470692970629472
21 12.509565873250569
22 11.726578065540629
23 10.273058453572402
24 10.265306740718355
25 10.083875399884645
26 10.214494022655053
27 9.994619572133955
28 9.769974897613311
29 9.614425351074797
30 6.564946400232074
31 6.8052690468355355
32 7.304910329025983
33 7.015188776492095
34 7.3158667112624265
35 7.405784231220785
36 8.203802339469682
37 8.745931366577688
38 8.576419679385985
39 11.139207884998807
40 11.925251207290081
41 13.029586956032121
42 14.206994649729156
43 14.965056525284595
44 14.929518204702601
45 15.523573115296195
46 15.615325163975694
47 15.602929713827791
48 16.218721332072818
49 19.34047350920772
50 19.563339868410072
51 20.16238451653987
freeSelLabel SER 125
0 18.28117611715854
1 24.346613920773443
2 24.905196045046335
3 24.927404919599205
4 24.869582793726764
5 24.63541021682861
6 24.684517069544665
7 24.235803111105596
8 24.041336758548578
9 24.019642814179214
10 23.880830129337568
11 23.326798547657745
12 22.265988663562432
13 18.405022045839303
14 16.813586256687284
15 16.121809926023683
16 16.30846891889244
17 15.834107028494103
18 15.678979314569299
19 13.90773918081912
20 11.974938756236691
21 11.552728229664389
22 10.794895706376584
23 8.704271202656946
24 8.729442171816084
25 8.826058049584985
26 8.704702422555314
27 8.718761388065015
28 8.315959111567102
29 8.03496463844476
30 5.398077083446398
31 5.367908640768515
32 5.4772211235271335
33 5.48682813464778
34 5.6622520383004264
35 5.640905488812039
36 6.381605658698067
37 6.725248666876738
38 6.515121146885047
39 9.027006409547141
40 10.108284511891664
41 11.173629752730815
42 12.302207525387514
43 12.91825566188058
44 13.085801100585075
45 13.816334045240115
46 13.720515911706118
47 14.0866551710902
48 14.852392291282355
49 17.216671976656826
50 17.575542607428357
51 18.281182947908903
freeSelLabel ILE 126
0 19.34054213955027
1 26.34015763565436
2 26.586420456391327
3 26.989342722141366
4 26.663139247509548
5 26.667333412482307
6 26.61944670506855
7 26.21127477557978
8 26.213807089135685
9 25.97490784570421
10 25.882734757012805
11 25.532549117055176
12 24.445810761035627
13 21.01449981818737
14 19.234584274481758
15 18.569177885688717
16 18.885337301326622
17 18.66069291031724
18 18.30710759231023
19 16.828461639442825
20 15.28590600472911
21 14.755269039081798
22 14.418250139225783
23 12.44665718545554
24 12.39100537950666
25 12.586217393789054
26 12.556591466343988
27 12.554264788874534
28 12.384720221650834
29 11.984803676295519
30 10.173019695811671
31 9.945346046276205
32 10.090142883556652
33 10.100659191120387
34 10.17569188611068
35 10.144985575554369
36 10.902110074279793
37 11.237995564297526
38 11.05811620080822
39 13.102244171994196
40 13.854323433618916
41 14.731157708943
42 15.651995303604552
43 15.8111597649894
44 15.963233334551049
45 16.301961444141877
46 16.11763705505195
47 16.225917924852713
48 16.803692646630875
49 18.820576410154057
50 18.904780102321737
51 19.34055047852336
freeSelLabel ASP 127
0 16.3655344429155
1 28.727348176304613
2 29.0296830723923
3 29.353147924826057
4 29.11480477768443
5 28.862634835869503
6 28.764530701153536
7 28.414795075367188
8 28.371337297601887
9 28.45747292814763
10 28.16238668544483
11 27.649531231271382
12 26.627616011773735
13 22.97272965193352
14 21.063093889577665
15 20.695197448969544
16 20.819538678248346
17 20.405152387410723
18 20.404815272584226
19 19.080427338462105
20 17.44223980782884
21 17.09777526881198
22 16.58915601861368
23 14.630205066876304
24 14.54279180979053
25 14.633302396733006
26 14.605623256083609
27 14.535461428991379
28 14.07928764726116
29 13.796284633154011
30 10.127456306481527
31 9.986593911459243
32 9.935557588724805
33 9.523440517586277
34 9.574500310364623
35 9.74590674412472
36 10.324634524112202
37 10.300225602836221
38 10.234773041282725
39 11.323898591163582
40 11.793122900221768
41 12.631518331903498
42 12.923367976734637
43 13.088916136480025
44 13.162349498957557
45 13.426828427118236
46 13.073450649158396
47 13.099130551198153
48 13.608957164356164
49 15.812551688823298
50 16.083339626980496
51 16.365541204162568
freeSelLabel ARG 128
0 12.234873775652908
1 30.36016086367912
2 30.96664475424334
3 31.13502663602647
4 30.656958812389977
5 30.44419146643671
6 30.41834601082126
7 30.078017803659964
8 29.884467553040942
9 29.97882645781709
10 29.924449296303163
11 29.160885928494533
12 28.11027370472284
13 24.398279431335368
14 22.494254529257642
15 21.935507696423283
16 22.087588112038137
17 21.740074737114114
18 21.605044313115155
19 19.97066602688708
20 18.270421478263557
21 17.875139071546734
22 17.03010841167982
23 14.964688786430097
24 14.71225717359423
25 14.96443497325441
26 14.907788722131198
27 14.719141800573997
28 14.004020797774215
29 13.710831805576666
30 8.73407251925535
31 8.466360982399522
32 8.413623329414593
33 7.350044399372285
34 7.320609952206948
35 7.642301410421716
36 7.257008912828232
37 6.955265890527055
38 7.191328308816498
39 6.853299382227508
40 7.335408654299687
41 7.951109678469551
42 8.039771342193582
43 8.734746966391924
44 8.720882062953274
45 9.050937496536978
46 8.677186234764196
47 8.839267643795035
48 9.317540671565741
49 11.5925494313953
50 11.970464524463829
51 12.234880297607209
freeSelLabel TYR 129
0 14.809248967840709
1 30.728278916206214
2 31.315748983704694
3 31.17151965102023
4 31.01690307533692
5 30.79386171560814
6 30.944820215985125
7 30.64055340610342
8 30.554468337666602
9 30.399625826917124
10 30.376412859527896
11 29.62726809932679
12 28.560191377828904
13 24.910336540519555
14 23.383790294760423
15 22.82527002170261
16 23.04363984083621
17 22.69224944884123
18 22.476892065374795
19 20.452991100447278
20 18.95386287626553
21 17.989027052335796
22 17.36062490527384
23 15.705944900493975
24 15.363573967897521
25 15.527891685840538
26 15.244090922940627
27 15.369478815710078
28 14.721582736718084
29 14.574356171258446
30 11.018532850496213
31 10.788932648458081
32 10.662448824411458
33 10.072132107670766
34 9.91093571360877
35 10.269819849125325
36 10.076775339354782
37 10.096021560400386
38 10.017876806735746
39 10.583291424106983
40 11.268762633707262
41 11.421439775973743
42 12.2967501512192
43 12.422638268011307
44 12.331779525782887
45 12.82085856504847
46 12.448594965022988
47 12.507231489276684
48 13.156002124926871
49 14.359321073175034
50 14.634686253363364
51 14.809257403889035
freeSelLabel THR 130
0 14.29185467682398
1 32.674908189652484
2 33.23505899015135
3 33.48981871105933
4 33.29544593294177
5 33.07658433770586
6 33.10179971101513
7 32.68323828270507
8 32.64090238777661
9 32.623167646452984
10 32.46434159449273
11 31.84690396512379
12 30.90079818349126
13 27.320330936083483
14 25.578258658095255
15 25.262020469945565
16 25.26003646551627
17 24.392534557932365
18 24.649653328913587
19 23.303127531579484
20 21.466143127273643
21 20.864134216780858
22 20.314280616186643
23 18.335273154919317
24 18.20923096317817
25 18.28449269806125
26 18.23858610105301
27 18.254166431628196
28 17.47901109112758
29 17.26493722180925
30 13.556679813194094
31 13.272435244589655
32 13.458497526362931
33 12.721940218329838
34 12.499661770665439
35 12.946277452533302
36 12.793901011650965
37 12.72836716066465
38 12.750645765795644
39 12.548055844161116
40 13.217651403865503
41 13.515637984766707
42 13.552493862779347
43 13.474193434836216
44 13.176408475472652
45 13.31893282470433
46 12.968233031255664
47 12.634431623423344
48 13.142215313580236
49 14.149663206066538
50 14.556001971631769
51 14.291862427005658
freeSelLabel ALA 131
0 10.17803037493234
1 34.154593162426146
2 35.29464174091745
3 35.68243888533721
4 35.06847162799182
5 34.646447712174606
6 35.84677357977132
7 34.11995219036622
8 34.30767583213959
9 34.505147714892
10 34.1165930688015
11 33.300072828568275
12 32.11008712080774
13 28.144503743033717
14 26.76993309051397
15 26.185850990684177
16 26.116844891338697
17 25.68247708727807
18 25.742326462934457
19 23.9676499329487
20 22.546557402127764
21 22.167726696202532
22 21.28899099507109
23 19.16749201889298
24 18.71918263882095
25 18.99394494506569
26 18.796282214031894
27 18.91556571062666
28 18.045065744240755
29 17.474548221428485
30 12.762483535586576
31 12.683972397666231
32 13.112178556468473
33 11.99352844470615
34 11.808073032175344
35 11.779551542708672
36 11.295982130689014
37 11.542183884643029
38 11.333707253311504
39 9.838933405621713
40 10.307379246217144
41 10.553279602922226
42 10.119750442676857
43 9.934066585086878
44 9.49565949770499
45 9.196395462524658
46 8.877889679840939
47 8.118399810889565
48 8.838602474633202
49 9.813503418553857
50 10.326036850911867
51 10.178029615330646
freeSelLabel VAL 132
0 7.905603006257774
1 34.88982392004884
2 35.48331334977348
3 35.36480029821152
4 35.074176175376365
5 34.882762613862305
6 34.9775351799121
7 34.42904897948283
8 34.81198999140471
9 34.68168835397247
10 34.19046207776503
11 33.75691228105616
12 32.38508719663488
13 28.69221646982187
14 26.976381055267083
15 26.127933456732997
16 26.653503937383906
17 26.100701866118495
18 26.13990359038942
19 23.785510203578433
20 22.3245584024677
21 21.795253753454883
22 20.569076414586576
23 18.59187296731446
24 18.291900670835748
25 18.441712284018458
26 18.417759376518884
27 18.012641935219417
28 17.554101300309846
29 17.32505907144682
30 12.371070940357157
31 12.208167243044302
32 12.294083782825629
33 10.987257122513215
34 10.703558408760436
35 10.516425358863625
36 9.860539595031417
37 9.893506752944363
38 9.860725653011556
39 7.57047241722326
40 7.847750773194695
41 8.046872396337225
42 7.615343627862196
43 7.093816093522049
44 6.998525686914071
45 6.9498779295907225
46 6.69770447546791
47 6.356861173684926
48 6.843959993298912
49 7.870178791813908
50 7.910591380751601
51 7.905605136871803
freeSelLabel VAL 133
0 11.965011126597934
1 34.48856780066468
2 34.80436675828441
3 34.81794807200671
4 34.59388998536529
5 34.70758919513342
6 34.74536971550842
7 34.295312807588935
8 34.22576944909879
9 34.24345906165055
10 33.95318624608093
11 33.32996166102518
12 32.58683671733493
13 28.692332825849185
14 27.103803268307278
15 26.270939688946
16 26.564452722692472
17 26.252736308675143
18 25.832085731120035
19 23.99667910410171
20 22.061456825133934
21 21.37991263444857
22 20.646793733719235
23 18.60315097758924
24 18.243909169844652
25 18.589433236480627
26 18.329858192406626
27 18.3818115234639
28 17.484049406484793
29 17.817244926986763
30 13.565655085874797
31 13.405317125025565
32 13.148275277373598
33 12.443581802610671
34 11.90422358369008
35 12.135207681700646
36 11.532672681989668
37 11.250379894823483
38 11.012262579832102
39 10.532482742582994
40 11.06112825141041
41 10.831942909863495
42 10.954583895327879
43 10.882265453654103
44 11.208885716618978
45 11.198020813119282
46 10.875752685857321
47 10.67395582771324
48 11.294766676822226
49 11.788845151610934
50 11.793075005211453
51 11.965016743552834
freeSelLabel VAL 157
0 29.59345863253469
1 19.95218533087499
2 20.156992678216586
3 20.037218062116583
4 19.754452526575946
5 19.802408410713106
6 19.993860077532243
7 19.483891454511948
8 19.388570322177067
9 19.428801476726854
10 19.096091165676285
11 18.759797380080276
12 18.34685399282184
13 15.977896954248791
14 14.358921671119347
15 14.262580633737999
16 14.167577711547434
17 14.30517056574294
18 13.627922045684269
19 14.229714712977962
20 13.546465425579413
21 13.456313426298497
22 14.176739370322007
23 14.38673535361636
24 14.593419675274516
25 14.651999243297137
26 14.438759440538943
27 14.352830712838676
28 14.436502323641893
29 14.702258632464863
30 15.579369171960188
31 16.210493248503415
32 16.152184726207846
33 16.694306535636446
34 16.69869748937905
35 17.129416865242998
36 17.883484574127895
37 18.029613145975627
38 18.137104507095692
39 21.379462834635362
40 22.195924047591987
41 23.477859213524827
42 24.17987767809392
43 25.01560083749543
44 25.493265518282
45 25.77351817534827
46 25.560084720060175
47 25.566893118864282
48 26.562327363721476
49 28.144792611471217
50 28.70705173226555
51 29.59346083209549
freeSelLabel LEU 160
0 32.8802597385687
1 19.703607507911254
2 19.342631775873947
3 19.251083360459926
4 19.428877479449135
5 19.21492624298527
6 18.989766903993175
7 19.198043657371727
8 18.66244530176771
9 19.154534125017776
10 18.655832236080705
11 18.198014633975905
12 17.431687856749285
13 15.954789016552759
14 14.414392276406382
15 14.567364469858779
16 14.518707583879603
17 14.635333682309108
18 14.439921528818411
19 14.80918879094635
20 14.366472767829281
21 14.142829729805127
22 15.106940686993894
23 15.287324198741992
24 15.812277944663649
25 15.989782413885706
26 15.68469789928498
27 16.049519413492277
28 15.856714608058816
29 16.448335155187927
30 18.70643483210749
31 18.811796783955135
32 19.275392817727866
33 19.99368025259412
34 19.49910803135198
35 20.149879762280815
36 21.076013285924212
37 21.370297299886687
38 21.234726347516172
39 24.621845236121377
40 25.42819186193463
41 26.978893569648086
42 27.860659719477056
43 29.00024317580625
44 28.942012435843548
45 29.463848164253264
46 29.345519050800764
47 29.31060060464194
48 29.83777592619772
49 32.14102203085267
50 32.52293927786834
51 32.88026677626882
freeSelLabel VAL 164
0 37.610043219589535
1 15.10018655178664
2 15.251103579902752
3 15.092218281070162
4 15.109130106380809
5 15.252771708215816
6 15.174434057880223
7 14.985644276769825
8 14.556367801349657
9 14.82807460019791
10 14.650201584019516
11 14.000846935854755
12 13.371101284523206
13 12.693873530723277
14 12.007331373375807
15 12.519228175293998
16 12.658298919463025
17 12.733699156508711
18 12.247064010039121
19 13.83467936673425
20 14.237272391625625
21 13.894670710778078
22 14.903889522129719
23 15.473664807539144
24 15.388776525125353
25 15.575285589130656
26 15.69940325642011
27 15.989692013480381
28 16.33020231618256
29 17.080104807119053
30 20.99920451399407
31 20.64452944004419
32 20.993242778247993
33 22.091466630336093
34 22.387491629333407
35 22.418776964703184
36 23.77288623617865
37 23.976001265126676
38 23.983838634232825
39 27.8668435609771
40 28.564286715885263
41 29.682598755812716
42 31.19462766648044
43 32.371002197769556
44 32.59203770634725
45 32.74935990718286
46 33.46218891774392
47 33.58687051978077
48 33.87999974578689
49 36.575936606820854
50 36.794339951071244
51 37.61004643204282
freeSelLabel CYS 181
0 53.20683435312505
1 9.856450282738026
2 10.588502782122482
3 10.833046149206902
4 10.814095001204546
5 11.017518041322198
6 10.93084089377791
7 11.12410785662445
8 11.758891790426977
9 11.042093056999791
10 11.715591020345604
11 12.137740917896519
12 13.615143014514555
13 17.252213536845666
14 18.96299076586065
15 19.79326890339182
16 19.909703723696587
17 20.005536864615696
18 20.476510163967177
19 22.803823960317136
20 24.44559809314401
21 24.78382213306115
22 26.23410834499392
23 28.269442805248875
24 28.697187147347226
25 28.738484056578585
26 28.92326347829578
27 29.044372516445144
28 29.50267409936702
29 29.79380554113791
30 34.87622072397477
31 34.757278633952254
32 34.97429774338019
33 36.44134139559279
34 36.646352115281566
35 36.196235875523804
36 38.22021442400694
37 38.38413624264026
38 38.24345248684769
39 41.90698238405223
40 42.66244913503062
41 44.12002274749691
42 45.461981205769625
43 46.76880281702796
44 47.52619368625774
45 47.526428059618496
46 48.16601706018317
47 48.66306996445689
48 48.80696141627413
49 52.45199855844031
50 53.00790420780419
51 53.206841357514946
freeSelLabel SER 182
0 51.33661721528042
1 8.843350744574863
2 8.408637305233608
3 8.729177112246791
4 8.768332351811868
5 8.240382289281733
6 8.562458351112383
7 9.162238715627794
8 9.098119823714876
9 8.77831248945651
10 9.305596746184202
11 9.660053201391289
12 11.268682466723824
13 14.939643968320004
14 16.579210141134144
15 17.139742643411186
16 16.79235606286753
17 17.25978541182571
18 17.75847624180781
19 19.97505771436424
20 22.068051628034514
21 21.98945913407614
22 23.4234481610523
23 25.328717050692752
24 25.639348590785133
25 25.349012588258077
26 26.206375192596894
27 26.1111622812979
28 26.5386679246841
29 26.887084574903323
30 31.709291916516502
31 31.499412831688158
32 32.18418116492728
33 33.757687774948074
34 33.85326956298566
35 33.623920214048816
36 35.00603259320812
37 35.609232756226014
38 35.552409744657766
39 39.37346048606074
40 39.91962961166494
41 41.575461196767975
42 43.110112620539226
43 44.107961032474265
44 44.8375144289598
45 45.525255957123626
46 45.78035230299047
47 47.06732447333459
48 46.691447644371834
49 50.25708247000816
50 51.01633027428392
51 51.3366213503011
freeSelLabel ILE 183
0 48.95924370079858
1 6.487778155430092
2 6.7615087050236236
3 6.644336325031539
4 7.205866588373877
5 7.52627150835713
6 7.164249937247783
7 7.18238687958039
8 8.367700373336588
9 7.2596118197355874
10 7.777252312612522
11 7.842205891207645
12 8.807968013527251
13 12.480958012102676
14 14.187431195182949
15 14.262739415019055
16 14.176093282661116
17 14.466385136531873
18 15.045598156070591
19 16.728983036916627
20 18.635613704021804
21 19.000464136268622
22 19.910600164538703
23 22.113799996936528
24 22.37032295079119
25 22.097992553646172
26 22.987592136240693
27 23.21684748745336
28 23.353921952969113
29 23.328814303653058
30 28.495660850695007
31 28.567213473883236
32 29.055225941496765
33 30.2975076519555
34 30.24922325366671
35 29.9599418688626
36 31.856025392776267
37 32.276413161992984
38 32.55995729982404
39 36.59091400182637
40 36.920168827593685
41 38.121662962930536
42 40.20539887660732
43 41.57328456913925
44 42.08545054619222
45 42.383214411140315
46 43.36651670722061
47 43.82821103276611
48 44.24513923875151
49 47.73008911523275
50 48.398875147462476
51 48.95925098600798
freeSelLabel PHE 188
0 45.297577378871814
1 7.698215999252538
2 8.273052344598058
3 8.299882806164856
4 8.255248788612278
5 8.227229302258687
6 8.431427733800902
7 8.608726415840946
8 8.615521998790985
9 8.595205528646721
10 8.58546393332686
11 8.971885689914096
12 9.400685078233087
13 11.575072010275974
14 13.08655315584829
15 13.205558612214208
16 13.233608483963112
17 13.279170715889222
18 13.325186866640923
19 15.456575940816771
20 16.984125325631243
21 16.966346385204332
22 18.36093357057355
23 20.111497239980448
24 20.378846307891315
25 20.2625567059343
26 20.400746214611228
27 20.59879459549373
28 21.123426939846574
29 21.92547387437166
30 26.674316687599124
31 26.62831208756577
32 26.94608514698303
33 28.270572356081022
34 28.37549467038074
35 28.40801555913415
36 30.358721917459
37 30.274452789874154
38 30.04479998100036
39 33.96220544823657
40 34.64697796332702
41 35.42214869705943
42 37.21970843120269
43 38.8319826854623
44 39.24409962379058
45 39.926479043432224
46 40.25143996517794
47 40.721065824453184
48 41.18845646455637
49 44.313591167327566
50 44.55888917005614
51 45.29758088148587
freeSelLabel VAL 189
0 44.80841750329997
1 8.670172550452238
2 8.537218624318811
3 8.567164414131584
4 8.695443839378315
5 8.988264443272346
6 9.055603322079548
7 8.950875277697435
8 9.622270382515268
9 9.142574369009704
10 8.984604074773523
11 8.64366583401389
12 8.598430052688254
13 10.86980963867458
14 12.079759225984992
15 12.177703165672998
16 11.967760174633728
17 12.182985419876008
18 12.330901053776087
19 14.018795453573416
20 15.572873495723782
21 15.7056907660768
22 16.588445931363072
23 18.642480840078065
24 19.47861181582031
25 18.900581216179855
26 19.057563036701122
27 18.897995893414127
28 18.99427869798359
29 19.856062365937557
30 25.105055488051317
31 25.234690447553362
32 25.72117579398692
33 26.593841632395833
34 26.98399014897469
35 27.098964365723745
36 28.830199374543227
37 29.171066177848395
38 28.773819775565357
39 32.49690251381777
40 32.95001713233388
41 33.87007683068146
42 36.23130093429868
43 37.305491173210996
44 38.00744529847112
45 38.361206609385434
46 39.313998130568486
47 39.61033717158079
48 40.21044064186338
49 43.5858887302665
50 43.88464478762825
51 44.808425091175565
freeSelLabel ILE 190
0 43.85235485615972
1 13.412934208091988
2 13.490997811161636
3 13.385069697827424
4 13.418446398594225
5 13.717775242022864
6 13.695423318063765
7 13.704564597884476
8 13.99995934460895
9 13.651673329624806
10 13.166831003281606
11 13.159468002864454
12 13.293756613113157
13 14.28541169017924
14 15.527035930562805
15 15.115599909275884
16 15.3430702098257
17 15.523332311624001
18 15.524947195370203
19 16.091438449428157
20 17.09110014161135
21 17.569209948410787
22 17.530621023204016
23 19.832900649982307
24 19.99451856478364
25 20.06395813376988
26 20.15432345995341
27 20.130023784647516
28 20.66212627409061
29 20.94650788144457
30 25.59917281740218
31 25.691533892876205
32 26.345738343491274
33 27.559238848891784
34 27.993385448064735
35 27.974128117258093
36 29.743776575080542
37 29.867747496233466
38 29.343736183683095
39 33.19256026707772
40 33.6933701410136
41 34.995362273401525
42 36.78180047563113
43 37.65054555531643
44 38.17721323202161
45 38.52520288407932
46 39.97426898933653
47 39.28055157275106
48 40.48863509113251
49 43.22771232395551
50 43.857542487841826
51 43.852358616529756
freeSelLabel TYR 191
0 41.1651695968992
1 12.431894954119112
2 12.70988096956537
3 13.061165573586555
4 12.5340621624736
5 12.808926957845603
6 12.75778542358001
7 12.681076539798267
8 12.842465308657557
9 12.576848151581656
10 12.427267367673078
11 12.09790678245074
12 12.299415855593749
13 12.096451278705326
14 13.462609651178608
15 13.2341521569572
16 13.461909687806441
17 13.450562704600229
18 13.505478024499562
19 14.856666352019612
20 15.398407582302996
21 15.719922339120806
22 16.158404998259048
23 17.680112422761248
24 17.655920912547924
25 17.70553983291792
26 17.56929009318755
27 18.00449305117054
28 18.755901770514942
29 18.94809784840184
30 23.793516613216916
31 23.996204292601952
32 24.348465254597816
33 25.305993731275414
34 25.230329384093594
35 25.611122539800768
36 27.30454015545229
37 27.408314709088756
38 27.02104528618825
39 30.981894935167023
40 31.60425277674668
41 32.460810694223994
42 34.508890719897465
43 35.489051030597075
44 35.79846847260612
45 36.56805351513932
46 37.04296979550553
47 37.11012013358457
48 37.926303242552336
49 40.40634598342696
50 40.89270428120426
51 41.16517693117288
freeSelLabel SER 192
0 40.0678000329602
1 7.839127854431626
2 8.016372072540799
3 8.21360502148352
4 7.74372104899086
5 8.051942486632337
6 7.9179038979918355
7 7.991413028645747
8 8.142864855050826
9 7.983605858885402
10 7.746880604178744
11 7.531155911469069
12 7.623133869763118
13 7.729998253754648
14 9.338605668873262
15 9.349367339825763
16 9.361586711301403
17 9.489542208317454
18 9.473395902694024
19 11.056254155826045
20 11.884030780643556
21 12.314305695484494
22 13.183255878552895
23 14.936234391448608
24 15.487651163218402
25 15.202145460346511
26 15.331758577556908
27 15.502520398031308
28 15.912132261230642
29 16.684004246566783
30 21.349357911036304
31 21.556824516953718
32 21.898848309503872
33 23.123439276912567
34 23.329150726980163
35 23.343472984303972
36 25.28827114923564
37 25.48453260389475
38 24.881763569758334
39 28.794677516587385
40 29.296243368825518
41 30.554429840016244
42 32.20265272005784
43 33.597596768468925
44 34.17959228089344
45 34.55900880163158
46 35.32827997087028
47 35.535984582821285
48 36.04402563035593
49 39.00135537022967
50 39.387662542481564
51 40.06780442351856
freeSelLabel SER 193
0 38.635632032765365
1 10.143011722131417
2 10.035855376099446
3 10.08718375387376
4 9.987175169092783
5 10.197690664373692
6 10.257959839857712
7 10.140811191561571
8 9.550773252465161
9 10.242238500571448
10 9.256063808012971
11 9.212909175711768
12 8.869909556637499
13 9.15414680793108
14 9.783577489659606
15 9.306241764224897
16 9.595535212221792
17 9.643374516339433
18 9.567241449481124
19 10.01738176334852
20 10.651523870241348
21 11.273800826361619
22 11.486139487055606
23 13.50000629249999
24 13.922176812434962
25 13.636028905413493
26 13.867000859551961
27 13.95929681009704
28 14.376828782126694
29 14.74741004579337
30 19.671365732525953
31 19.891658969681743
32 20.22996832016962
33 21.582016662027375
34 21.962022699469014
35 21.93416475722517
36 23.65061161008749
37 23.928663344934552
38 23.463322560182714
39 27.063437609757788
40 27.501675858118837
41 28.882088680126078
42 30.611553687468206
43 31.85946309549659
44 32.05150358313889
45 33.06018265256006
46 33.55872027711589
47 33.96408213694365
48 34.64702241433907
49 37.63382509333996
50 38.14238314704209
51 38.63563581170274
freeSelLabel VAL 194
0 37.368326783484704
1 14.49182149149296
2 14.378465819584644
3 14.469625105741516
4 14.189933295606815
5 14.524231682545611
6 14.595532432110183
7 14.110125223421838
8 13.816257181156853
9 14.173663597456851
10 13.700240232161596
11 13.45577404750315
12 13.293914603472217
13 13.172598131948599
14 13.321421138815797
15 12.89689638867665
16 13.28437474266633
17 13.126749286354482
18 12.995289280050297
19 12.693489310720874
20 13.069937389951258
21 13.088214206728312
22 13.103537475951049
23 14.442812549256152
24 14.673632418511936
25 14.472271967151999
26 14.315230003304107
27 14.433546124482454
28 15.497867935770877
29 15.70991735101425
30 19.914645714932686
31 20.382529064980233
32 20.71416458891352
33 21.261078382730577
34 21.848459028390547
35 21.954899488435057
36 23.484798807834633
37 23.463357735982232
38 22.983284103197647
39 26.523179936576188
40 27.489975903320392
41 28.644903372899044
42 30.497920403032357
43 31.331355479503376
44 31.709644151114702
45 32.42574861072382
46 32.8801358053158
47 33.026619259923464
48 33.95916134835959
49 36.18399658819628
50 36.58191695915064
51 37.368334363429945
freeSelLabel VAL 195
0 36.24954267036751
1 14.694386173767711
2 14.374984761526065
3 14.757496773217877
4 14.103748882240232
5 14.293554703924018
6 14.08648073442142
7 14.604716331268616
8 13.960158901775461
9 14.053235601536961
10 13.568456655277275
11 13.371121753764834
12 13.232237671555703
13 12.395214059408184
14 12.877826669188616
15 12.5281292895391
16 12.664846428433925
17 12.575066565416074
18 12.348442665637712
19 12.636099696410298
20 12.854423807621583
21 12.86363696261174
22 13.28187868794028
23 13.51790508799855
24 13.46124239030573
25 13.61355736739173
26 13.332081870813012
27 13.502223108197796
28 14.280199427795214
29 14.90793724326359
30 19.068008541640733
31 19.18220109110213
32 19.814718731269615
33 20.75242367402574
34 20.732761707183258
35 21.12616857091033
36 23.205022427393995
37 23.142044345652682
38 22.479473898516538
39 26.466329350569577
40 27.18153424673244
41 28.147321141096917
42 29.913027217224876
43 31.324587226071866
44 31.417223266700358
45 31.645948006679948
46 32.14648804407853
47 32.462268075917414
48 33.02119722824333
49 35.516895715253476
50 35.867339166850584
51 36.24954740421111
freeSelLabel SER 196
0 35.38563253078842
1 10.972895113302648
2 10.594484830202665
3 10.879401094912419
4 10.391524859713583
5 10.649359103274417
6 10.315114799808592
7 10.333251189186358
8 9.981829828625362
9 9.812849983710803
10 9.957317227678846
11 9.496651932995734
12 9.23678659676036
13 8.132916505019905
14 8.487229384637567
15 8.387032668974493
16 8.349351063368918
17 8.353556060030492
18 8.242827447680671
19 8.900350836491668
20 9.208714471298505
21 9.398262053437568
22 10.241166051065337
23 10.473865884002167
24 10.520446984209562
25 10.443700008801214
26 10.356660044884297
27 10.55334322110404
28 11.074588123582902
29 12.480468275477438
30 16.146217209138946
31 16.682991549567813
32 17.00522188146721
33 18.134483921526215
34 18.26972158991146
35 18.781662138377953
36 20.799940690757786
37 21.139348078907073
38 20.250481019436382
39 24.327792673627386
40 25.152578861991515
41 26.250095960312827
42 28.40600317838919
43 29.34540176594945
44 29.95381862899142
45 29.968870201116136
46 30.640971454636613
47 30.9605540141476
48 31.55247355086038
49 34.44824497293715
50 34.80869013061291
51 35.38563698778142
freeSelLabel PHE 197
0 33.44984542159742
1 10.962989057526185
2 10.45441370353414
3 10.340993512457757
4 10.144448610463542
5 10.059409538359503
6 9.632751320531078
7 10.079254950940147
8 9.52325384336428
9 9.921982165991986
10 9.388361075931575
11 9.141785084616863
12 8.612423524852556
13 6.984307994259177
14 5.618286209296817
15 5.697667648162528
16 5.61535430503098
17 5.721458862983434
18 5.492689921406162
19 5.059316441621305
20 5.341262544308751
21 5.926025065645786
22 5.899879242320993
23 8.422693185893781
24 8.698360648663183
25 8.919329777724279
26 8.112735720542508
27 8.816159906370853
28 9.09883650794587
29 8.97180117256931
30 13.645659865742251
31 13.992655008094076
32 14.45483621685516
33 15.692554002730478
34 15.743289329528872
35 15.734160241361346
36 17.77570373871534
37 17.63038365462554
38 17.75961595301975
39 21.32387661548275
40 21.90047704462414
41 23.02492599735456
42 25.30565318951143
43 26.424533046245784
44 26.91573601213085
45 27.17092145855469
46 26.757372968489786
47 28.04131682082086
48 28.669637657522067
49 32.536447242793045
50 33.10427187701748
51 33.44984909689513
freeSelLabel TYR 198
0 34.254052924246295
1 13.827573727982662
2 13.632517616911072
3 13.375542406134418
4 13.251666661140412
5 13.163051696112229
6 13.080794094661785
7 13.29083859068872
8 12.834925435203774
9 13.244494613303935
10 12.55780602056339
11 12.310031781854182
12 12.049583137003324
13 10.774076896883429
14 9.577024245133517
15 9.672807172710753
16 9.274262016045691
17 9.757096348183191
18 9.751036481430395
19 8.61157231334775
20 9.016690513305326
21 9.34332901040667
22 9.102105314786758
23 10.993043376546076
24 11.345919794748298
25 11.164143938743424
26 11.081079572042892
27 11.271322466627714
28 11.75380455775192
29 11.813960783947643
30 16.72228786419367
31 16.87708192070669
32 17.5203045159395
33 18.30945612289535
34 18.81102132704067
35 18.509029513859577
36 19.969452336688256
37 19.806816804185754
38 20.01701994450643
39 23.154375898871624
40 23.818468252956055
41 24.82983832218978
42 25.378918967573178
43 26.39745105365739
44 27.144495977894486
45 27.629894583870847
46 28.410899096184185
47 28.79945533660523
48 29.74125046366225
49 32.870783848836425
50 33.55285661033457
51 34.2540567205634
freeSelLabel LEU 199
0 32.33350817516639
1 17.94749139887856
2 18.000105719019384
3 17.86132215034838
4 17.430450759246362
5 17.687959686943387
6 17.295273888293693
7 17.34243103731279
8 17.198224471111875
9 17.08355501814152
10 16.74417021421468
11 16.31333548208105
12 15.850585948682642
13 14.073067137905744
14 13.304467799491059
15 13.308490877311176
16 13.156109453537072
17 13.348833966865149
18 12.9193476010691
19 11.951098587822333
20 11.694554148537163
21 11.511517859191356
22 11.500015005269251
23 11.08494293443764
24 11.42313783887057
25 11.389873123567812
26 10.918789340689237
27 10.857787422436838
28 12.090326803283043
29 12.525785597752424
30 15.196263069959928
31 15.273898494737747
32 15.82522442554311
33 16.936236146687076
34 17.221836422949007
35 17.567807960755665
36 18.948904100945956
37 19.210962601478965
38 18.898983785029127
39 22.00378847424059
40 22.745578047895133
41 23.584836081740463
42 25.36951695563758
43 26.192146203064375
44 26.67177375171656
45 27.190130680323268
46 27.25058584556204
47 27.723107857617833
48 28.488203473254117
49 30.864137978688234
50 31.241395453112613
51 32.3335129154397
freeSelLabel PRO 200
0 29.330503221930904
1 16.38708187818763
2 16.131142181472477
3 15.565144028497757
4 15.962043653667836
5 15.598009136719156
6 15.660663231456953
7 16.07364297816115
8 15.576718931684628
9 15.5660628007919
10 14.793183920946133
11 14.577666697094003
12 13.640125758010049
13 11.15904527057176
14 10.3214414165358
15 9.994321106830991
16 9.949043190275852
17 10.095186715072435
18 9.611897185287825
19 8.19605262468823
20 8.037010453101445
21 7.5800284424239255
22 7.580761585388339
23 6.885189251584669
24 7.036289036857004
25 7.103836447824166
26 7.025888637365337
27 6.326744619314749
28 7.915534013175707
29 8.246350469359138
30 11.29700392924753
31 11.25517082680821
32 11.972519976517539
33 13.005793140266892
34 13.740269002888084
35 13.8134809915442
36 15.530316587080645
37 15.796231466141009
38 15.736076631700863
39 18.785477584569367
40 19.60684415609298
41 20.54619179533219
42 22.450213922561836
43 23.39657333907593
44 23.937959235830014
45 24.332739602531
46 24.564935373550775
47 24.844980874761195
48 25.74441633234541
49 28.31048982054512
50 28.77339432722053
51 29.33050411684865
freeSelLabel PHE 201
0 27.115585472140197
1 16.551744752326886
2 16.34879850439516
3 16.45732290631004
4 16.25152392152342
5 16.313392905612773
6 16.360579340806634
7 16.45821095638567
8 15.681818779225347
9 16.32175205443066
10 15.649763131548404
11 14.985394400130431
12 14.016469169243523
13 10.762343819637996
14 8.848473769137858
15 8.95305958598926
16 9.202031083988228
17 9.005121584831311
18 8.989614514777985
19 6.497738388254885
20 5.90593130111128
21 5.596702683210203
22 5.204474458387353
23 5.297164492447698
24 5.793236468209192
25 5.1662038593162105
26 5.3538610292662945
27 5.696398563544151
28 5.30924032870188
29 5.75956316820228
30 9.847386686824251
31 9.515123072948708
32 9.952603351179674
33 11.22607165429104
34 11.173428550131096
35 10.957832448440756
36 12.675761947514307
37 12.405701595083498
38 12.320122739982082
39 15.862884503453738
40 16.24176547049651
41 17.55599384512538
42 19.73913756238329
43 20.416964843193846
44 21.37008539635455
45 21.53138127553828
46 22.013139814630087
47 22.53592794034065
48 23.19976829350558
49 26.129284874511903
50 26.841751737128536
51 27.115593163648445
freeSelLabel GLY 202
0 26.701613805002733
1 19.588729915713227
2 19.52891781616515
3 19.39448712036697
4 19.481970593883805
5 19.484521672371574
6 19.52572525914043
7 19.843320917259728
8 19.236298269556766
9 19.366102235766785
10 18.615103757371365
11 18.296229026674677
12 17.329708562898244
13 14.358115363947277
14 13.08165688824868
15 13.075239138653792
16 12.85842990035475
17 13.09613994996268
18 12.782922797123474
19 10.781418118882982
20 9.890999607515653
21 9.568903779651992
22 8.75695518576389
23 8.451304908467176
24 8.51887078489625
25 8.425079126763416
26 8.054313376302629
27 8.389268926254871
28 8.656586649274653
29 8.804782450617852
30 11.301087603590757
31 11.487538221603218
32 11.815438305131867
33 13.32129804512908
34 12.98288953793993
35 12.281575325644209
36 13.912939276902708
37 13.899308307682617
38 13.540425667668714
39 16.425711216092836
40 17.04670151461188
41 18.31740048281912
42 19.703366356788134
43 20.75365345126407
44 21.137764984802793
45 21.67983385269206
46 21.86144416065332
47 22.627600386630213
48 23.22635890008526
49 25.78650663894574
50 26.409435026673528
51 26.701614495872004
freeSelLabel VAL 203
0 25.348938216458524
1 21.89399513587868
2 21.861515451934498
3 21.567007040593733
4 21.73832457650249
5 21.815830476703272
6 21.46910400504353
7 21.636888685133496
8 21.333125507449697
9 21.035224163719057
10 20.99998898049486
11 20.40090318980575
12 19.63449730845665
13 16.859261409663763
14 15.455260214190798
15 15.440928406023405
16 15.18653074443609
17 15.3561891538752
18 14.726392960312605
19 13.182880109390503
20 12.15598383238261
21 11.843348709567273
22 11.387930429417143
23 9.838835928017723
24 9.562621498248998
25 9.996900261577155
26 9.5925256699324
27 9.36849111906243
28 10.053315826492227
29 10.121276414600075
30 11.241991370285234
31 10.7979744929907
32 11.511409752272964
33 12.625056532213694
34 12.770670830678174
35 12.481364770207056
36 13.697053716698004
37 14.285000181320244
38 13.995324004624184
39 15.72123022879581
40 17.15018315651371
41 18.092987418637406
42 19.270238625872736
43 19.924252156703968
44 20.41328961246639
45 21.11951090590966
46 21.126866073105173
47 21.70150524269567
48 22.34794848966554
49 24.691694266249446
50 25.34349380317653
51 25.348946823579766
freeSelLabel THR 204
0 22.374892766205928
1 20.835351752904245
2 20.87199076273825
3 20.85026540697525
4 20.55446506075171
5 20.89072937966441
6 20.728042738625657
7 20.486624935896728
8 20.331962005988277
9 20.311449593933215
10 20.038883834466073
11 19.458372156480074
12 18.25548485008093
13 14.495072801532533
14 13.039859808583675
15 12.488762996336241
16 12.630693320343571
17 12.687216839224963
18 12.343181268744882
19 10.31765421418319
20 9.001038158272044
21 8.56074029771084
22 8.152556380569672
23 6.069077097975418
24 5.65636727948601
25 5.782531550992268
26 5.73000272846293
27 5.656904856046096
28 5.611582083373045
29 5.484193715736331
30 6.075210543969537
31 5.902777329415592
32 6.642900951295709
33 7.775583707466254
34 7.863360418739194
35 7.548376848226944
36 9.21282796602801
37 9.494800598106346
38 9.41505156224155
39 11.897470736512807
40 13.070546636902359
41 13.898840629066633
42 15.610171827761095
43 16.53451287875245
44 17.157174476943005
45 17.48759580448849
46 17.556514387619025
47 18.194070447960453
48 18.891245630358974
49 21.43662516658434
50 21.998619187754155
51 22.37490097856007
freeSelLabel VAL 205
0 22.77612806587867
1 22.34817990950753
2 22.973096069509367
3 22.47214763734407
4 22.19865239428861
5 22.371509385889826
6 22.277852499590658
7 22.43273880851105
8 22.342239209506996
9 21.856649373356507
10 21.622496897054077
11 21.32524284003785
12 19.868544246587604
13 16.119773835910983
14 14.74250533849105
15 14.304302328489104
16 14.78178271235452
17 14.522344973750137
18 14.295524934101405
19 11.48055655277494
20 10.563095520963433
21 10.23713528904361
22 9.412012828207041
23 8.117250957703098
24 7.731555431755551
25 8.064040290420461
26 7.924486868001487
27 7.989281192134524
28 7.619934611283429
29 7.6531543298059495
30 8.83250768375892
31 9.028978805430613
32 8.974445112698001
33 9.567532680107021
34 9.302111475689815
35 8.899197800799756
36 9.431841450899766
37 9.74929942388274
38 9.07995898499077
39 12.105120407515633
40 12.5198564223142
41 12.844972554588693
42 15.287296127417202
43 16.354114588639867
44 16.985591887392815
45 17.35536586602499
46 17.689885377538527
47 18.258890111571503
48 19.044476310845948
49 21.875915447669197
50 22.389712262979863
51 22.776135533964474
freeSelLabel LEU 206
0 22.523641011369538
1 26.333014073412645
2 26.369879265217637
3 25.90779246219739
4 26.288087898435503
5 26.44390729143418
6 26.60171783680561
7 26.423452554575622
8 26.10657158805739
9 25.646264357770132
10 25.64584847395717
11 25.26064370686219
12 24.085369510691987
13 20.752609322761685
14 19.13107351812553
15 19.093050473539993
16 19.132320753061723
17 19.21999219387155
18 18.539002821043002
19 16.49868032597081
20 15.596929050351699
21 14.983764250569923
22 13.473909153655345
23 12.394742741921656
24 12.00567500807241
25 12.820253227149431
26 12.493621709417582
27 12.600793663045238
28 12.440292911634852
29 12.377500946597776
30 12.286143611359428
31 11.904746714282787
32 12.336215266093363
33 12.516750965328368
34 12.76107011301715
35 12.158557403159914
36 12.504664219290744
37 12.616688944537328
38 12.392309360287934
39 14.11004004737781
40 15.016464413011061
41 14.747186836951755
42 16.658576335274606
43 17.39557003181305
44 17.84941347367879
45 18.315433321478515
46 18.53374568596354
47 19.278460732145216
48 19.49804185713417
49 21.353058150098065
50 22.302455803003497
51 22.52364792176089
freeSelLabel VAL 207
0 18.865867953055425
1 26.0569872837509
2 26.241041115417
3 26.03767645791872
4 26.032510907561676
5 26.131004073470102
6 25.86714699950784
7 25.832674068356397
8 25.519320120034237
9 25.711306997912775
10 25.447282074295487
11 24.61838626195756
12 23.583937064080825
13 19.920120123001716
14 18.630877399757814
15 17.805642591560254
16 18.299773636931516
17 18.03724043609737
18 17.56063451349444
19 15.641356245038498
20 14.13046478706226
21 13.358543864786606
22 12.58793881046745
23 10.773373778487493
24 10.61156186705515
25 10.88396317594558
26 10.568485937285235
27 10.514911915820415
28 10.249714408600335
29 10.195153348568672
30 8.021331457024635
31 7.8296575193267115
32 8.14693017842297
33 8.466786970366165
34 8.915493233390059
35 8.362587476385025
36 9.227681003382028
37 9.393084955168788
38 9.19402159860234
39 10.37745619644597
40 11.75111010441844
41 12.206541238734093
42 13.773361840394116
43 14.124511276076761
44 14.470213083301644
45 15.058572706557728
46 15.031448912255488
47 15.369610154154236
48 16.038131556452402
49 18.152005705744116
50 18.838078862800625
51 18.865875022333906
freeSelLabel TYR 208
0 16.160706877593686
1 26.75246191150061
2 26.688395158384107
3 26.427070229635174
4 26.45644006575898
5 26.455687374119258
6 26.115087690718923
7 25.807258439414984
8 26.25522856408727
9 25.93821600413526
10 25.324291423232157
11 25.16032008943552
12 23.59532387878893
13 20.07292677362399
14 18.105223642077245
15 17.714791598130372
16 17.823856524888306
17 17.731189645029254
18 17.47654223781219
19 15.00195207076815
20 13.284908490962353
21 12.990145464851224
22 11.590809279613765
23 10.09107847592757
24 9.969136265575248
25 9.937646459585228
26 9.843640059245566
27 9.911615139872868
28 9.41038018268649
29 9.05896663712913
30 6.354801318566607
31 6.356722353683196
32 6.589900601851932
33 5.880565623511762
34 5.70118494884122
35 5.332521259347795
36 4.4807731457724875
37 4.716830094534133
38 4.4023231830593055
39 6.246053290177433
40 6.62575352441685
41 7.968775156086925
42 8.862767564893652
43 9.58484530404688
44 10.248723537613392
45 10.856630228720848
46 10.771567262867116
47 11.946668465180633
48 11.883508471386426
49 15.19582139812085
50 16.010554389843573
51 16.16070690134442
freeSelLabel ALA 209
0 17.766853910685576
1 28.752939350799682
2 28.6618963946752
3 28.599217947999975
4 28.723661987572186
5 28.482695695557645
6 28.529403377825172
7 28.184063598674154
8 28.49804195759653
9 28.08455436295746
10 27.77242425336262
11 27.339968755460998
12 26.092300058549686
13 22.29503587470161
14 20.46061020506922
15 20.544224160600848
16 20.17400127181024
17 20.476995496429705
18 20.228721935338807
19 17.71247982846319
20 16.121692699198476
21 15.757736394413165
22 14.491430093134163
23 13.109399374007845
24 12.883111463793117
25 13.126716200028703
26 12.904986052936035
27 12.86349469168337
28 12.407001228447424
29 12.15668010848397
30 10.551439565532728
31 10.337778479202724
32 10.205019070868001
33 9.960150392176491
34 9.71300644827943
35 9.299845089944895
36 8.678973436141678
37 8.79790520419306
38 8.359339434648582
39 9.64889361205441
40 10.347184902406477
41 9.781420714547915
42 11.583937938040458
43 12.162391918374594
44 12.950208855177465
45 13.509955504515933
46 13.569843132815548
47 14.421739432326598
48 15.017506330767404
49 17.16458209397339
50 17.50415617835595
51 17.76686208071296
freeSelLabel ILE 211
0 12.065893479077832
1 30.563687617522394
2 31.064438606754795
3 30.60488245865538
4 30.48762415431618
5 30.74847566963086
6 30.82570789864204
7 30.110499712516187
8 30.48608090118305
9 30.19871139674332
10 29.7461802564436
11 29.450203187981593
12 28.131549179102514
13 24.47867854919384
14 22.718581185619747
15 22.020586018900115
16 22.366186271055575
17 22.16570277508375
18 21.74527539039171
19 19.54770685264938
20 17.869737765755325
21 17.24551126350109
22 16.11844195530743
23 14.409274332324639
24 14.176465004650456
25 14.359735582363411
26 13.88706609090994
27 13.992831569232816
28 13.322734285020548
29 13.391024525167134
30 8.878653421985375
31 8.58858047165578
32 8.43986185486375
33 7.53529216512582
34 7.325690989768729
35 7.270698146784982
36 6.354336617021953
37 6.313000959363101
38 6.112526228969182
39 5.5003189286245755
40 5.860412574735183
41 6.086190648214564
42 7.083521579502344
43 7.339953771684218
44 7.768642324465341
45 8.17314112556699
46 8.108999262755253
47 8.845872496456607
48 9.106645760760818
49 11.714458915904693
50 12.172459416956013
51 12.065893479077832
freeSelLabel TYR 212
0 14.252520742850423
1 31.817502554415608
2 31.551654527732182
3 31.340208403715188
4 31.087647647613498
5 31.16809194140786
6 30.980932629973505
7 30.64995719489551
8 30.71474156840514
9 30.573889088600215
10 30.245342767618787
11 29.913194127956316
12 28.418324821439107
13 24.884387050967373
14 23.550370184751127
15 22.94567433896488
16 23.128426496236308
17 23.3708300522421
18 22.76882489237997
19 19.95154931050171
20 18.66432299055651
21 18.1338768977224
22 16.48692057833692
23 15.412763358217765
24 15.18690838502932
25 15.536859148657062
26 15.342062835709353
27 15.317956272652637
28 14.370144787202868
29 14.436056674463941
30 11.260383668686442
31 11.208451639354662
32 10.819563963617433
33 10.075941320433035
34 9.6936387911938
35 9.344270149112386
36 8.005582072817493
37 8.140128809226823
38 8.051966719939475
39 6.8898044791312865
40 6.925324607377281
41 6.3479967267306785
42 7.898048748142299
43 8.902416510543583
44 9.639189094429929
45 9.623445482677937
46 10.027672779583199
47 10.717105121598776
48 11.445395448314676
49 13.682128145642512
50 13.834577288111472
51 14.252519953318897
freeSelLabel VAL 213
0 14.315325746374782
1 34.89437130516548
2 34.811549128141436
3 34.38068280861748
4 34.62759713683673
5 34.675898752079526
6 34.473242243901424
7 34.138351114185106
8 34.274977039418054
9 33.893289223343224
10 33.82674672378183
11 33.32387773680356
12 31.79660134788524
13 28.540630649210684
14 26.868449056614345
15 26.4034083599732
16 26.35781080070235
17 26.456697663878384
18 26.45258862602971
19 23.521981663451626
20 21.909938558221032
21 21.517018951286303
22 20.1804819560037
23 19.024284636251142
24 18.3608038875992
25 18.874507050913166
26 18.661314183926116
27 18.690307142247836
28 17.692338481968296
29 17.99012427365139
30 14.966284033863221
31 14.888506560178808
32 14.323728463976028
33 13.627956275216624
34 13.333305054510033
35 13.179416577939028
36 11.8170521885452
37 11.742282680854482
38 11.835431472783593
39 10.674376039207477
40 10.752795341849291
41 10.128860799652672
42 10.792410386558128
43 11.529136290421858
44 11.608089111999057
45 11.573571165372597
46 11.852686570896838
47 12.42109805402869
48 12.830163704066477
49 13.666188129058872
50 13.844183946966737
51 14.315332965123995
freeSelLabel VAL 214
0 10.132350883767318
1 36.61883342198685
2 37.00587237855419
3 36.75957121881713
4 36.836675154834644
5 36.64662951945868
6 36.80000928392473
7 36.30980575343761
8 36.569356055863494
9 36.18455959903711
10 35.80246607227227
11 35.498381864192694
12 33.9379869258551
13 30.34349848127306
14 28.507742462716028
15 28.218970114456372
16 28.312437485712994
17 28.228266522639913
18 28.067774934950016
19 25.426344069152485
20 23.73723503437963
21 23.37122697570972
22 21.921156172642952
23 20.450977962916998
24 20.090528774299507
25 20.379936539306406
26 19.8886647106162
27 19.938619224182254
28 19.116200985708378
29 19.13439237993864
30 14.809647683453331
31 14.661866146269588
32 14.204575516824752
33 13.32564881871129
34 12.996299501702099
35 13.138725262959367
36 11.644734924180693
37 11.658395790971715
38 11.923333268916535
39 9.840367046857272
40 9.508388098156798
41 9.25798524612221
42 8.716670224308242
43 8.727897995353791
44 8.848596559690014
45 8.693667156579956
46 8.296328604500376
47 8.900780585159493
48 9.342750557857494
49 9.759731209258467
50 9.7372878668975
51 10.132356323210358
freeSelLabel LEU 215
0 7.75771017643517
1 35.7379552420335
2 35.89004963068232
3 35.95055386659092
4 35.71594457692223
5 35.53247544748733
6 35.23990521712318
7 35.0642959661624
8 35.14490902835032
9 35.002272799004615
10 34.73177254739221
11 34.2938156071674
12 32.85506071643276
13 28.991679085750867
14 27.3646560874477
15 27.020873260123814
16 27.21031107923804
17 26.73468073921143
18 26.454576739309868
19 24.331512993826482
20 22.879347586676488
21 22.302645364283652
22 20.678218272691318
23 19.140820776059197
24 18.92969182811467
25 18.945558684109333
26 18.73341402243424
27 18.514500067415504
28 18.199014550159216
29 17.502305089146606
30 12.947358188683673
31 12.770554984052836
32 12.403217850951677
33 11.087024781704208
34 10.917669099220042
35 11.076130841005725
36 8.973291139309543
37 8.85977182759931
38 9.070204337527224
39 6.478624448391831
40 6.032228793247082
41 5.416590224943751
42 4.324315698047346
43 4.012543595685811
44 4.07731123357968
45 4.179514724506447
46 4.420357080907364
47 4.633751392465756
48 5.126341511215493
49 7.20114862194417
50 7.6907356988493465
51 7.75771017643517
freeSelLabel LYS 216
0 12.662722139388405
1 36.97144107534802
2 37.31089077239965
3 36.89986732618288
4 36.83499603995066
5 36.768269396914306
6 36.31206043244909
7 36.12514002726362
8 36.34727275236245
9 36.26499267711791
10 35.60974680897469
11 35.27587698716726
12 33.63482939727631
13 30.301894394545506
14 28.923767788581596
15 28.64006325708657
16 28.6439040772421
17 28.823729214503715
18 28.311294967663667
19 25.759039268895044
20 24.20772113401402
21 23.731106626640674
22 22.249688438844355
23 20.748029528642338
24 20.804171964781904
25 21.029712719317
26 20.728568325145613
27 20.56147136004698
28 20.162020737699304
29 19.807104737681463
30 16.317723079179743
31 16.158161266278583
32 15.850471041386868
33 15.002215229191162
34 14.625976880172342
35 14.31621830080906
36 12.594512003383286
37 12.673598976719902
38 12.768780910494767
39 10.426792086826156
40 9.973433793733614
41 8.799840337258072
42 9.260468962566835
43 9.610910417885556
44 9.917389883007962
45 9.811969484664623
46 10.375185923397545
47 10.756447375004642
48 10.667372304463631
49 11.636970691166592
50 12.150632441421482
51 12.662728355495593
freeSelLabel GLN 217
0 12.0340339475176
1 40.45763795975741
2 40.75448407804585
3 40.67805557767075
4 40.711562617756016
5 40.47393182171339
6 40.697794075873354
7 39.94991576782039
8 40.0877007703647
9 39.968051065208066
10 39.37700183193024
11 39.06829223445708
12 37.71120025494573
13 34.11434625989574
14 32.586466229932725
15 32.31151746734952
16 32.326717763942
17 32.51864674709019
18 32.193665470861646
19 29.42475374608623
20 27.560593592915836
21 27.319953641054553
22 25.901388401032545
23 24.434193598614964
24 24.22576311808065
25 24.446998354994378
26 24.158996500605582
27 24.0881289640112
28 23.485474266725145
29 23.34683081328158
30 19.5179702499931
31 19.44821048475315
32 19.091050425645346
33 18.581979034982215
34 18.12926832042632
35 17.75875310892436
36 16.10083569324247
37 15.988769615139397
38 16.29487815390027
39 13.634903713266008
40 13.319397841648652
41 12.434884475795258
42 12.253000711292003
43 11.979491424250188
44 12.185197535376615
45 12.034717172275366
46 12.273713996976156
47 12.014357248992608
48 12.250253468798247
49 11.66962031219522
50 11.818563399999704
51 12.034037859027663
freeSelLabel ARG 218
0 5.7739410327605105
1 40.521050817370444
2 40.795300606365856
3 40.75233900214163
4 40.643282469917736
5 40.382550226521765
6 40.36628491606999
7 39.9972101909791
8 39.953231271950195
9 39.89837806213458
10 39.7304783280193
11 39.20975299162069
12 37.61635309304146
13 33.986184548505555
14 32.53574827933742
15 32.0436719311597
16 31.989217491446077
17 32.153655765175266
18 31.897132173164017
19 29.19535885401661
20 27.552098079433595
21 27.033871256108384
22 25.873558041271927
23 23.968948316639104
24 23.761385986013607
25 23.862047883485264
26 23.574342885794398
27 23.600015586668313
28 23.026088756692708
29 22.727821842805714
30 17.628437501557524
31 17.972539215193706
32 17.13951499232804
33 16.277590751973666
34 15.987159864626092
35 15.668705288687027
36 14.147003020764192
37 14.062847244466289
38 14.314769391175632
39 11.058514728118514
40 10.880334461648285
41 9.944513843918768
42 8.812021452443702
43 8.014587833484804
44 8.001097288826541
45 7.8560842090927325
46 7.549416413324296
47 7.320849851766225
48 7.128583692253233
49 5.585528862797977
50 5.663367444278996
51 5.7739410327605105
freeSelLabel ARG 219
0 9.56156287068013
1 40.72796480015634
2 41.000102026825125
3 40.78322178459631
4 40.797281831074464
5 40.6670476630757
6 40.600412043968255
7 40.040360236208834
8 40.21862765674909
9 39.902112863220786
10 39.56527255411493
11 39.28724872053961
12 37.894592814354944
13 34.499941163646284
14 33.03728389603052
15 32.82145890485877
16 32.780956777764814
17 32.61119476789058
18 32.16607162966907
19 29.667516266149022
20 28.142212718715303
21 27.64674878672086
22 26.339497989698703
23 24.79878537956934
24 24.614070251790903
25 24.706101400796854
26 24.5661781201896
27 24.36787268568539
28 23.920473431696358
29 23.661717050143434
30 19.249943310913615
31 19.30636621673839
32 18.565667565638922
33 17.741507375161113
34 17.508518010211546
35 17.124947208837458
36 15.434289207223818
37 15.100247384241305
38 15.370451530880189
39 11.60528436738299
40 11.332847228055725
41 10.12453798375364
42 9.419577769456453
43 9.16660058026099
44 9.036811741851094
45 9.100275578472395
46 9.177339193475733
47 9.206923681999315
48 9.326297755418748
49 9.489359013848535
50 9.407453868842987
51 9.56156283249901
freeSelLabel ARG 220
0 13.168529290201462
1 44.462359134458836
2 44.845333517970104
3 44.57200748600881
4 44.56000876264822
5 44.56447471431384
6 44.34997381407429
7 44.0378491168853
8 43.87967210436159
9 43.81387739347538
10 43.08780425003014
11 42.85214474350004
12 41.327702214505265
13 37.90634538628964
14 36.68093532417562
15 36.224444327138244
16 36.36542376866339
17 36.31806494834044
18 36.034458931226794
19 33.23926558021314
20 31.7627276581561
21 31.21544126482623
22 29.618570205808577
23 28.12614915534969
24 27.844304379580112
25 28.07853223056132
26 27.69027276593572
27 27.674168781079135
28 27.100463053581617
29 27.091564452911623
30 22.975536079292766
31 23.005386102451787
32 22.553029972086392
33 21.957883016383335
34 21.524919293961734
35 21.12765207636547
36 19.315087237048406
37 19.234517331473565
38 19.260584845121567
39 16.179414638251412
40 15.846051711849544
41 14.611283616997271
42 13.990570207113878
43 13.736555979194245
44 13.988387982618736
45 13.64783965207446
46 13.820415488395009
47 13.835424413505082
48 13.625244767896346
49 12.80400394406333
50 12.786496016269096
51 13.168529783931659
freeSelLabel LYS 221
0 10.962093471260864
1 46.156689760088334
2 46.23017535802156
3 46.70944028767419
4 46.37583304321101
5 45.966183801726544
6 46.25953338867187
7 45.574096996230296
8 45.650030072240675
9 45.48491627591688
10 45.25271605233528
11 44.714347710351824
12 43.26129936810062
13 39.555617685470416
14 37.99329797134728
15 37.70178981235469
16 37.694528830420815
17 37.69647849748354
18 37.36027808819057
19 34.67907633796221
20 33.13262349048816
21 32.5952539308477
22 31.403824898715897
23 29.370299130842213
24 29.58298206491198
25 29.635412339818632
26 29.208885310016488
27 29.171714140493062
28 28.863174525907077
29 28.40646736785655
30 24.14463839677736
31 23.952521103477284
32 23.49316897705298
33 22.68195658949414
34 22.352740410705426
35 22.28010623936141
36 20.691770026358558
37 20.69634232701148
38 20.52693034489221
39 16.966484388026135
40 17.015671729297555
41 15.932739729181634
42 15.330759140110118
43 14.570033884992549
44 13.78370107544866
45 13.759190338580993
46 13.581379058962995
47 13.434304752211835
48 13.198064122051106
49 10.959016985533435
50 10.700632271072697
51 10.962093472462893
freeSelLabel ARG 222
0 8.727732077876924
1 45.16544608539268
2 46.13154847266492
3 46.08692776617709
4 45.94357598339123
5 45.93344598249052
6 45.777333722337126
7 44.922796867418626
8 44.95202511523728
9 45.08330311294612
10 44.65333607163061
11 44.61196114756986
12 43.0940228508859
13 39.56262857969271
14 37.63504562013935
15 37.49056554225731
16 37.54009780794871
17 37.489306409166666
18 37.09588108089938
19 34.82312578605117
20 33.21257647189089
21 32.785272964737516
22 31.563605364337484
23 29.751997295064754
24 29.734284171098125
25 29.741496445307053
26 29.35090357450854
27 29.287059718024814
28 29.0108200008773
29 28.69571918230391
30 23.674384390959816
31 23.57191796489708
32 23.08328227199434
33 22.176350684971286
34 22.000674818591758
35 21.496801321900612
36 19.596480386522387
37 19.646778652151895
38 19.738692038028482
39 15.594135561225793
40 15.380263108978289
41 14.14716039239898
42 12.832798607857558
43 11.853761920916048
44 11.658206793122368
45 11.600541330620741
46 11.458882990708402
47 11.157608019311251
48 10.798889485344153
49 8.789979170233924
50 8.791293011321319
51 8.727733238176155
freeSelLabel ILE 223
0 12.654224927971415
1 46.82261060877289
2 47.24966723998906
3 47.289289051919525
4 47.075568853605304
5 47.223819295763384
6 47.26937397508105
7 46.67681324869981
8 46.766551778485855
9 46.36452707578854
10 46.14670816889474
11 46.38661858210544
12 44.34293949484586
13 41.49897436304959
14 39.61046346732815
15 38.97818078246326
16 39.10320226856969
17 38.905169193305035
18 38.108053761442676
19 35.55972805233935
20 33.94910311330362
21 33.728649226455516
22 32.2120619164998
23 31.01715195983383
24 30.761595909903043
25 30.653068289354355
26 30.578693661419575
27 30.567957750430054
28 30.22341052558523
29 29.80062752608007
30 25.22801179435596
31 25.55247269968884
32 24.596751909611037
33 23.98262638188651
34 23.584388582870993
35 23.381009643584672
36 21.500163316642787
37 21.504825106745418
38 21.361672985279867
39 17.387526735232452
40 17.068614363818764
41 15.93702308744875
42 15.193470245742038
43 14.7938761207497
44 14.295263622189951
45 14.380754574405008
46 14.425852224792552
47 14.210490041635161
48 14.031530860678966
49 12.53666227106559
50 12.797908754241261
51 12.654223047296016
freeSelLabel THR 225
0 12.887386880227279
1 51.14094192641773
2 51.81370379775252
3 51.79561549444802
4 51.50107521424461
5 51.84484246627571
6 51.68447285640509
7 51.65926735449795
8 51.56296313485827
9 51.253139546172584
10 51.21318762589392
11 50.88193840070192
12 49.51451669053104
13 45.82196710295752
14 44.00760889120658
15 43.627455055451684
16 43.982607983802914
17 43.81431771371434
18 43.27871661177352
19 40.67804549393459
20 39.04091549700873
21 38.4918131206648
22 37.10704688558501
23 35.5217565839873
24 35.56615821986946
25 35.59573399179338
26 35.05848369528006
27 35.04450548105276
28 34.839827992099764
29 33.91852043364078
30 29.4921549801821
31 29.37404969193949
32 29.00407294474962
33 28.103387327927322
34 27.8761860830193
35 27.673513911600157
36 26.09447941514588
37 25.97114417745761
38 25.877545636121376
39 21.990110516637504
40 21.493404510088357
41 20.50905078496616
42 19.221716064624317
43 18.015923753967098
44 17.607785451321032
45 17.62378298387648
46 17.498260167348334
47 16.95441402640935
48 16.30580632479497
49 13.530122286379225
50 12.97624633484339
51 12.887383705490386
freeSelLabel GLN 227
0 13.323262760797768
1 53.691265815222394
2 53.87623062300482
3 53.88745793361124
4 53.96978760476338
5 53.19045621462155
6 52.5976558500711
7 52.26404032727539
8 51.70515878460393
9 51.98756599455688
10 51.495567772144796
11 51.141460817500615
12 49.77994244761984
13 46.12879672063231
14 44.742502403800984
15 43.954594747540135
16 43.78272788662625
17 44.28319664080693
18 44.14118291316243
19 41.10117817012423
20 39.46025970867293
21 38.88476543248712
22 37.8301691216808
23 35.998778184311455
24 35.9546899700534
25 36.15121116954343
26 35.96478823454517
27 35.949738409547294
28 35.387781839084006
29 35.30887665806109
30 30.30500204836839
31 29.83373777220595
32 29.974051071778383
33 29.047550816298617
34 28.65781477428123
35 28.21741025874355
36 26.208529225088636
37 26.385327940520433
38 26.29718533033468
39 22.417819134384146
40 22.18177849856099
41 21.120605424223587
42 19.32935660653813
43 18.03327515366342
44 17.552447999803736
45 17.317000229745354
46 17.31358779414962
47 16.23777775338248
48 16.23826468330589
49 12.975810883608789
50 13.202404514557317
51 13.323716655374058
freeSelLabel GLN 230
0 9.402634417598177
1 47.55049052143052
2 47.9906742093905
3 48.389580732915164
4 48.269652312560474
5 47.7331868056401
6 47.31292145878634
7 46.98716954761303
8 46.549911930993325
9 46.95688300494917
10 46.37736665163338
11 46.195801558780396
12 44.778807009100106
13 41.35660542464193
14 39.589734171561226
15 39.33572355422142
16 39.411121686171164
17 39.25175666593742
18 38.792726684554566
19 36.91979797144171
20 35.204082456475724
21 34.86147321339807
22 33.88451661415465
23 31.892694371417335
24 31.38902669570157
25 31.69030931874179
26 31.50132773117851
27 31.45805095831966
28 30.887731292338007
29 30.585843773824887
30 25.245947539963137
31 25.37661266237231
32 24.96005498139075
33 24.13853736386417
34 23.613800631941636
35 23.624259069804275
36 22.160444084151944
37 22.090284527828786
38 21.83232303365945
39 17.798577800972826
40 17.66809418597021
41 16.5857641908459
42 14.643659123957082
43 13.330183991025011
44 12.854444433281037
45 12.76598637340574
46 12.72917001551518
47 12.161245407184113
48 12.039702913576036
49 9.6304023544219
50 9.692849693685067
51 9.402634417598177
freeSelLabel CYS 231
0 7.342815027499392
1 42.89853009556003
2 43.10481757018614
3 43.515440690866484
4 43.528065706895156
5 42.88632178687243
6 42.772809544069275
7 42.43443371469282
8 42.14827372500267
9 42.14116580612241
10 41.61528159095774
11 41.737656756639204
12 40.369250439991795
13 36.862558641754205
14 35.13403556357358
15 34.811582966267125
16 34.58844360631954
17 34.38253293567148
18 34.27493287761595
19 32.262252782915446
20 30.78814200651856
21 30.47087403892605
22 29.691181748881657
23 27.496395493819694
24 27.126105898027678
25 27.22309244822154
26 27.000500953641147
27 27.00701382017683
28 26.62823158800666
29 26.083026404528926
30 21.01620546664186
31 20.724847732462276
32 20.589216366203726
33 19.590966611261404
34 19.200002129652006
35 19.25359244846045
36 17.59593686062825
37 17.693571226440557
38 17.604873207452705
39 13.763019180020748
40 13.445720698669323
41 12.716780549082012
42 10.695659553728058
43 9.280821592290609
44 8.90440585555029
45 8.711675045843416
46 8.874164416218044
47 8.562713484144979
48 8.008452014722677
49 6.868624832329653
50 7.543068232459842
51 7.342811198580356
freeSelLabel VAL 320
0 11.24411372136146
1 40.52380447194002
2 40.51419993083366
3 40.958779732255785
4 40.18165368904972
5 39.93738364418583
6 39.77296402776107
7 39.42406468807989
8 39.18317698499136
9 39.41902708792494
10 39.22761385482726
11 38.5700698448337
12 37.580626530702915
13 34.21929622333234
14 32.26262955246839
15 32.15673153132715
16 32.284666922877506
17 31.82582346297672
18 31.778581056246434
19 30.111553404708484
20 28.59730333927892
21 28.18151162530073
22 27.725082685564644
23 25.835010122023476
24 25.752955072653666
25 25.576194873600087
26 25.67721793914788
27 25.459629841861496
28 24.94711130495831
29 24.4679857617194
30 19.514820113360493
31 19.76063289075784
32 19.399996153940815
33 18.24171154934364
34 18.06654002025665
35 18.249263649685876
36 17.696981545565876
37 17.26277218612558
38 17.398106739764373
39 15.316388607464377
40 15.093689122852036
41 15.081357690727094
42 12.68241868674432
43 12.091774761421293
44 11.882854368745566
45 11.766998331126612
46 10.954567345277743
47 10.891510666583262
48 11.266529447636731
49 11.26177876650755
50 11.493551677539516
51 11.24411189735837
freeSelLabel PRO 321
0 7.833378160550347
1 40.6392733655009
2 41.31310711994368
3 41.66101837375079
4 41.645250515242424
5 41.10780868091566
6 40.713504209764565
7 40.2976598375191
8 40.253137922473165
9 40.26203638362907
10 40.2344579028363
11 39.58758636298551
12 38.70873652296794
13 35.121612747936794
14 33.17540819213095
15 33.087697108294066
16 33.05690901922836
17 32.719838594465806
18 32.30922889341044
19 30.627790694816955
20 29.062315612377926
21 28.61576237505548
22 27.66338553182977
23 25.73089488394422
24 25.39714522478683
25 25.88651342989928
26 25.817292556420064
27 25.244670131339568
28 24.630455769440083
29 24.112067776061682
30 19.14514429147677
31 19.025548240263706
32 18.761767190266884
33 17.82844880758057
34 17.40709516951775
35 17.355542866525607
36 16.770365088806894
37 16.106482540648884
38 16.172193953782408
39 13.499290440308883
40 13.063269760465548
41 12.417122881468677
42 10.28670562830565
43 9.482765468601475
44 8.85875344198843
45 8.72806953533206
46 8.25365087723044
47 8.093481341249246
48 8.131461817506686
49 7.899056423932743
50 7.9140063433019705
51 7.8333759195636485
freeSelLabel LEU 322
0 10.79572020892544
1 39.85662759424844
2 40.64682738445178
3 41.07829313316086
4 40.82320720673446
5 40.53089509219969
6 40.45207029355925
7 39.8682588408749
8 39.93886773790384
9 39.68636954321371
10 39.4508105587599
11 39.17047975238878
12 38.005218767081935
13 34.556350910959615
14 32.87449475220258
15 32.778453678043846
16 32.65224772481744
17 32.211740584778994
18 31.90518220652098
19 30.1973484897241
20 28.882368467259244
21 28.960556101027564
22 27.984841079306406
23 26.056114806696346
24 25.73580633492593
25 25.90028952319055
26 25.78810519370507
27 25.373268401539054
28 24.920999784696903
29 24.360423476024554
30 20.318340275062223
31 19.694201877060898
32 19.30806323491322
33 18.374879905423455
34 18.037769179172034
35 18.362020023350556
36 17.17692637870434
37 16.966321577516666
38 17.273934221025318
39 13.961992930522053
40 13.334741860350443
41 12.733784610816764
42 11.595887318729787
43 10.870660104725374
44 10.485676645411043
45 10.248705797789102
46 10.108840341258068
47 10.310209291343217
48 9.77953098677456
49 10.439241564098722
50 10.902616974886147
51 10.795717532681573
freeSelLabel ARG 323
0 13.626667613675618
1 36.51337482096039
2 36.790689212411685
3 37.20114826766594
4 36.97659570099596
5 36.58416179718087
6 36.47646020872856
7 36.17896591125801
8 35.72668885224571
9 35.768417464977524
10 35.72324196405143
11 35.10920852382375
12 34.03595036205331
13 30.595745803909903
14 28.822707772238722
15 28.8010562140522
16 28.68448374445009
17 28.418095606230104
18 28.133498294306726
19 26.629917389256864
20 25.334574313490094
21 25.236559364349535
22 24.758976728232128
23 22.93199377511656
24 22.35671213912154
25 22.470206192070567
26 22.50599084769084
27 21.99012694770349
28 21.964771924770453
29 21.53954688383756
30 17.152255331604078
31 16.74021801840627
32 16.90657524677064
33 15.777809018526495
34 15.649237431562684
35 15.814251537091488
36 15.13844147526343
37 15.053775684957047
38 15.126780801366284
39 13.576263877896569
40 13.30680622321876
41 13.33280362453439
42 12.293666860054547
43 12.502901312839136
44 12.401508559164077
45 12.07960159642019
46 11.762399084014922
47 11.998765769646788
48 11.809846947597507
49 13.48301493312402
50 13.6145424635975
51 13.626671060997007
freeSelLabel GLU 324
0 8.675869685147623
1 35.32859116728595
2 36.0461460857519
3 36.35534945874688
4 36.18587128897794
5 35.86830633465598
6 35.380159922099416
7 35.08870162014811
8 35.07123443143818
9 35.10378157019945
10 34.96234856975612
11 34.282101671113736
12 33.3953813025997
13 29.83353084887678
14 27.838590334225938
15 27.413938572673974
16 27.546358914733123
17 27.255507420358345
18 26.853894342712387
19 25.060970574323758
20 23.531407748358966
21 23.194644983588212
22 22.46075816411165
23 20.41351922885167
24 20.026936865910482
25 20.376927227279655
26 20.297295406505
27 19.91273388448263
28 19.442446342244775
29 19.04872536860293
30 13.93309857393127
31 13.421022608411864
32 13.558662664087619
33 12.592664265167487
34 12.178527249790017
35 12.403255197841368
36 11.47105791978182
37 11.311669037199149
38 11.403539921933673
39 9.24367484339529
40 8.880100843352514
41 8.603864503441262
42 6.993067727204021
43 7.270880079611327
44 6.902950260358339
45 6.803329140545784
46 6.334400470380314
47 6.702264035517897
48 6.515767916224784
49 8.382380821429324
50 8.724429221003344
51 8.67586808429262
freeSelLabel LYS 325
0 8.31368862816794
1 36.62364595936258
2 37.12028132548636
3 37.3799308253867
4 37.167138597509556
5 36.857319529492635
6 36.754641990894534
7 36.4005523088002
8 36.10857792705642
9 36.376088780718874
10 35.72634843078513
11 35.69202545295955
12 34.33245175394144
13 30.80323392371462
14 29.16960215367215
15 28.945711903521634
16 28.82505082048278
17 28.721926504352528
18 28.142190969060263
19 26.335489188594668
20 24.943027469509158
21 24.44024265886405
22 23.760616976992356
23 21.723547386232777
24 21.10949718832309
25 21.365266743298616
26 21.565669044764935
27 21.244844679633704
28 20.855519252686033
29 20.486564288989136
30 15.747200914241484
31 15.443737028205094
32 15.125392905894387
33 14.522812094208048
34 14.127986834410871
35 14.111235037105988
36 13.01482092042482
37 12.704395545247708
38 12.872071977295697
39 9.265498605281287
40 8.701850655822486
41 7.913039901406898
42 6.761981294091137
43 5.784946484141244
44 5.4447877762007
45 5.377794145396935
46 5.5208939710640985
47 5.480330561474534
48 5.367021885867822
49 7.694926862397415
50 7.7201809564097355
51 8.313686321939615
freeSelLabel LYS 326
0 14.187122412776612
1 32.88446171577746
2 33.06917414551823
3 33.43996527299832
4 32.975471238835055
5 32.807390327551666
6 32.99966212474393
7 32.549457108779116
8 32.15595842118687
9 32.504046670621136
10 32.13363218171134
11 31.745043463137645
12 30.65123108055595
13 27.476552183584847
14 25.613429124044046
15 25.610752698628414
16 25.108624287486816
17 25.247781431200053
18 25.06974155719817
19 23.560632168460828
20 22.10711986579429
21 21.89770244568037
22 21.29314247528551
23 19.466865640899943
24 19.231363824729314
25 19.247995859296708
26 19.15515535315469
27 18.789780904307182
28 18.67922779710642
29 18.204187267007228
30 14.280308343985476
31 14.205507579956413
32 14.094697278749003
33 13.742032005335513
34 13.381958366521403
35 13.563246615670739
36 12.658320045013209
37 12.541393990103717
38 12.464327004102536
39 10.265516068501329
40 9.994052216105509
41 10.017352689342916
42 9.930992044633701
43 10.138741871877464
44 10.023770282882653
45 10.011915619486969
46 9.85817241023629
47 9.977926852079944
48 10.09899052841019
49 13.234044373257813
50 13.6192928869868
51 14.187123532722154
freeSelLabel ALA 327
0 12.845620097166545
1 30.16037083287937
2 30.59586325385605
3 31.241678709218693
4 30.638063993790325
5 30.605354035658962
6 30.351636953999996
7 30.082749564267743
8 29.85144818383757
9 29.996760291150487
10 29.40908518478729
11 29.157647942854002
12 28.09581592274011
13 24.489410334641004
14 22.850546834085026
15 22.568736024535603
16 22.719219344543884
17 22.354536763478585
18 21.7273388037172
19 20.18997812090196
20 18.60747593337785
21 18.249849308595014
22 17.89945428713216
23 15.761880474187546
24 15.502951686519333
25 15.293891371738118
26 15.771105963746788
27 15.153759841046273
28 14.910859153792902
29 14.683741175401705
30 10.013951942720663
31 9.94810234217352
32 9.72036775171152
33 9.316700776845916
34 8.750408696209329
35 8.705009702681295
36 7.909389897104329
37 7.869133582526705
38 7.8815769367971935
39 6.560441103403928
40 6.53725288684653
41 6.715217878031566
42 6.758356358869134
43 7.802688905327172
44 8.090254370659416
45 7.982884947666572
46 7.780728289983825
47 7.93495439002313
48 8.456208255311596
49 11.782349298361504
50 12.346530359509545
51 12.845625374882825
freeSelLabel THR 328
0 12.737809205601133
1 30.152020206576882
2 30.81177327284359
3 30.96111961041884
4 30.45322547239947
5 30.35240870084706
6 30.179683291357392
7 29.712812331467106
8 30.117715440502725
9 29.786823930818084
10 29.21887679413255
11 28.89064326848195
12 27.800568894608933
13 24.06691828282307
14 22.48550413489514
15 22.105833807373273
16 22.076381097651815
17 21.69369505108586
18 21.24148087315881
19 19.10957577715205
20 17.793289207183356
21 17.249484186675815
22 15.892415162156219
23 14.321269747824998
24 14.207776707511991
25 14.178511973137082
26 14.028034524425392
27 13.907263972894176
28 13.390296082295695
29 13.213426377217559
30 8.52787472631364
31 8.130679868575937
32 7.842051129251509
33 7.500141850542914
34 7.461702328369312
35 7.6253934345229695
36 6.638727345104984
37 6.511541223697924
38 6.521609199484965
39 3.8092428627576376
40 3.714953987299814
41 3.85113707813697
42 4.649585132420696
43 5.301351178696729
44 5.492314875526048
45 6.3083481793573
46 6.054734101015192
47 7.578455506697653
48 8.149586219636118
49 11.736032504932917
50 12.05051749435668
51 12.737809205601133
freeSelLabel GLN 329
0 15.253096231250254
1 30.55763064563749
2 30.958138686682908
3 31.380173747684726
4 30.52622976706948
5 30.7652541547821
6 30.74426113732088
7 30.119495715430556
8 30.22071504719493
9 30.09644605028122
10 29.599433087542717
11 29.213799327440086
12 28.17771272846727
13 24.536661816698302
14 23.017495723727443
15 22.852807098917857
16 22.651798254138622
17 22.24899144132971
18 22.107519270604755
19 20.054470935632647
20 18.618520286810103
21 18.539014886816837
22 17.50767313872956
23 15.911414037778819
24 15.699587173161527
25 15.73893967869191
26 15.805958598446479
27 15.315497195757096
28 15.297250688086164
29 14.872406907458808
30 10.827395743034542
31 10.850304375031623
32 10.632543956524573
33 10.058222342599796
34 9.989936211075383
35 10.38580475741768
36 9.22179770132912
37 9.476227976187618
38 9.349428113398718
39 7.51990223023667
40 7.4370134198908655
41 7.84145626587261
42 8.77779420881542
43 9.18343332105611
44 9.120201188276026
45 9.863594082799777
46 9.692383612203813
47 10.241557464198664
48 10.338683020960385
49 14.018947940631538
50 14.912936562643191
51 15.253102655362333
freeSelLabel MET 330
0 18.325072252618806
1 26.385055979033233
2 26.51335861226837
3 26.999643626894628
4 26.425168895997253
5 26.71389918678892
6 26.44778030411225
7 25.77150865555326
8 25.805138705820394
9 25.905561914405716
10 25.290448708004728
11 25.073691788625684
12 24.00418520017486
13 20.695606173933506
14 18.735422994277332
15 18.701329409607546
16 18.556353752999836
17 18.088021132116967
18 17.76698128285682
19 16.300750090299633
20 15.064237404920602
21 15.06202149790027
22 14.386562889276787
23 12.8965225039646
24 12.583974784265815
25 12.404901194355986
26 12.751889284546628
27 12.442544369345503
28 12.306144188002934
29 11.720182465652488
30 8.614809950088071
31 8.55640893238112
32 8.55808456827009
33 8.606537588236472
34 8.49655940023972
35 8.500473444927666
36 8.474282972516324
37 8.738328939441946
38 8.87884037682584
39 9.19830181102214
40 8.876245074633538
41 10.089935168594312
42 10.82844437186673
43 11.571534315379031
44 11.994466227725756
45 12.172991346808747
46 12.0846558696548
47 12.75846138484899
48 13.407177930580021
49 16.970223012462238
50 17.443623915656666
51 18.325077180269798
freeSelLabel VAL 331
0 18.173137123920664
1 24.07269021112002
2 24.444561592677566
3 24.615428709994035
4 24.08427615939443
5 24.062112197804627
6 24.30521067413936
7 23.665260347244274
8 23.569558412682696
9 23.527095256782633
10 23.21220392329177
11 22.8943294537
12 21.68777287842957
13 17.955854804035464
14 16.242612130543115
15 15.843911622472245
16 15.943512833158096
17 15.775918878267937
18 15.238648383936894
19 13.664233320934757
20 12.031633026111415
21 11.546943021187912
22 10.787894340879891
23 9.316716349365313
24 8.915099242197853
25 8.768006091185088
26 9.06334674486804
27 8.80334051381228
28 8.464947003842285
29 8.151609697815786
30 4.2888835183527325
31 4.370783200343707
32 4.236864921104843
33 4.987657649673817
34 4.714858447800165
35 4.474507462897588
36 4.78413018518377
37 4.957148784860993
38 4.964059694268457
39 8.007923469953026
40 9.515025244250513
41 9.333245674829532
42 10.30918955266368
43 11.311091110729002
44 11.837943746124637
45 12.129765529173229
46 11.865765270393124
47 13.0860336356615
48 13.723772219675602
49 16.933448267585778
50 17.831147130198147
51 18.173144256932346
freeSelLabel ALA 332
0 19.62115877694374
1 24.259567786118282
2 24.265512540690942
3 24.567408384386844
4 23.93165428052882
5 24.013358275940714
6 24.228569314403583
7 23.809340969273688
8 23.50289112323881
9 23.49069070158377
10 23.120272060136728
11 22.774177376761006
12 21.290863914734373
13 17.976769431019672
14 16.15508436427444
15 16.16636052866435
16 15.933077216924305
17 15.548324007383247
18 15.363281369521033
19 13.178135974175078
20 11.4461248367622
21 11.404323665256863
22 10.26848440108325
23 9.144460276821773
24 9.273289413278473
25 9.213368518784376
26 9.225015829800908
27 8.920819782657047
28 9.021599842909106
29 8.580216954387417
30 6.199917272346498
31 6.0967456539049625
32 5.778439107546603
33 5.618210898466221
34 5.663763487773411
35 5.344186133881648
36 5.780567886814477
37 5.923447891501085
38 5.99221949515102
39 7.525930199984761
40 8.285583945133164
41 8.93442079517532
42 11.004525829615238
43 11.787361708246227
44 12.263358418799026
45 12.752706907792637
46 13.319047259001586
47 13.927967574310603
48 14.54771401021563
49 18.115842003733622
50 18.5706100076825
51 19.62116514551553
freeSelLabel ILE 333
0 22.18465772113252
1 24.065341173087056
2 24.175410347096864
3 24.030440529546002
4 23.685368161767844
5 23.880528154623907
6 23.69737137533567
7 23.54711622843806
8 23.16044762254581
9 23.38657892808244
10 22.839215917898436
11 22.490436437675303
12 21.523160901131735
13 18.393346451586496
14 16.492584893381547
15 16.537684188924633
16 16.375398342430916
17 16.140031130850193
18 15.991557462414802
19 14.299423459372195
20 13.401058137893386
21 13.290513985561093
22 12.912304210401125
23 11.100327717745605
24 11.200264532113021
25 11.195962430979913
26 11.11721194326057
27 11.1550427141895
28 10.905885762779922
29 10.893948208460486
30 9.88074622349835
31 9.865437028714446
32 9.692122625396388
33 9.758819485568704
34 9.972011541119112
35 9.617041671044213
36 10.19406614110826
37 10.574718900238407
38 10.533572970146714
39 11.777100137945949
40 12.292632668516209
41 12.316465941632842
42 14.439806664549362
43 15.040700705623436
44 15.237909864573144
45 15.719018740904067
46 16.132373687615857
47 16.95501248389163
48 17.311806542781742
49 21.202504636442466
50 21.889370686004803
51 22.184663465364608
freeSelLabel VAL 334
0 23.726217534306148
1 19.98076781819279
2 20.137675809852446
3 20.39139090504912
4 19.805853549316495
5 19.89493763798962
6 20.04003130257739
7 19.46850212706271
8 19.432118474350393
9 19.583375288313434
10 19.05027726749826
11 18.60860718153001
12 17.560082778218934
13 14.296028813585238
14 12.832414142184879
15 12.443279872320034
16 12.552966634847657
17 12.193315750011063
18 12.008767432224792
19 10.670986056701256
20 10.431293782564003
21 10.103654997469306
22 10.414022626769421
23 7.377735714035881
24 7.2724528440742136
25 7.043995430626807
26 7.302325187310238
27 7.36521343147905
28 7.044234041795711
29 7.017524967038065
30 7.184487464135606
31 7.22429712762975
32 7.376110909354694
33 8.604681681198898
34 8.281317233494232
35 7.77576404503098
36 9.256691489874797
37 9.044323232197884
38 8.75252056841289
39 12.683776354603404
40 13.809099808347044
41 14.52949178667617
42 16.036389886878634
43 17.074300667607606
44 17.428104280686973
45 17.582943077646238
46 17.788097252112223
47 18.717335217616984
48 18.926328700793885
49 22.3533430729656
50 23.019568802936174
51 23.72621688701458
freeSelLabel LEU 335
0 23.66402922397544
1 19.257913211708164
2 19.22770373717493
3 19.394837272874156
4 18.861660583693617
5 19.115534213033254
6 18.98976597123047
7 18.84583067775579
8 18.139338573781696
9 18.455985509856717
10 17.769922332696055
11 17.341030273315084
12 15.901501146460523
13 12.81100575433397
14 11.104844684386418
15 10.738646567695925
16 10.64629114154011
17 10.093896561415336
18 9.909464962137076
19 8.280827232048575
20 5.823957496895073
21 5.855309724211779
22 5.481454391806433
23 4.303584510178326
24 4.216988551241053
25 4.602322126341691
26 4.1825429214816205
27 4.268137614314953
28 4.256987322731412
29 4.392845602115202
30 5.228092461524998
31 5.273702575561173
32 5.568576172806098
33 6.731315419839423
34 6.5045531740788665
35 6.3067593381611795
36 7.852034683841074
37 7.3176925871207095
38 7.32547829098074
39 10.56516682472838
40 11.923937260801623
41 13.29519047165918
42 14.715722542698936
43 16.17375779501237
44 16.607015959952037
45 17.52113218055091
46 18.040955455832474
47 18.18584865883521
48 19.15760621812323
49 21.828919119269266
50 22.50415872516726
51 23.66402922397544
freeSelLabel GLY 336
0 26.022716272244192
1 18.903636075705805
2 19.246335785604078
3 19.440139316836024
4 18.859883457278464
5 19.174769944249693
6 18.914102690067903
7 18.583746567286287
8 18.32303737455465
9 18.333331353473778
10 18.187259065824367
11 17.832687380499554
12 16.713749859911616
13 13.219323215038214
14 11.709197601318612
15 11.485957118104405
16 11.517490141466629
17 10.91314826910195
18 10.968689262992175
19 8.757652002017098
20 8.117668513252655
21 7.836214072115122
22 7.9483476035729925
23 7.685056122823413
24 7.636549198849447
25 8.047794671053474
26 7.772881024054687
27 7.798976237379975
28 7.702403243118242
29 7.817121190259352
30 9.156375747218233
31 9.361343800083931
32 9.404969991154955
33 10.381190636166954
34 10.374389263607865
35 10.254020103132065
36 11.079785719074351
37 11.073822124433864
38 10.935605517531288
39 13.601344479128397
40 14.264409633093905
41 14.895533246910132
42 17.1080555323405
43 18.234489065758527
44 18.9741665075634
45 19.482181699635323
46 19.943693251362205
47 20.569148184811215
48 21.007674136013552
49 24.593901284561326
50 25.056521274893193
51 26.022723238004257
freeSelLabel ALA 337
0 27.841436424991993
1 17.620039085261578
2 17.72172213618021
3 17.81967115793842
4 17.33251284632856
5 17.25858590981948
6 17.64220940133186
7 17.24889172626913
8 16.99959942846114
9 16.803411114020992
10 16.746828121044093
11 16.389292713439264
12 15.3422785979218
13 12.50827557026193
14 10.879919586551587
15 11.032032614289125
16 10.848182156614921
17 10.41408132020076
18 10.624516215084727
19 9.00486972951458
20 9.287162926393094
21 9.197047253614798
22 9.634308643829534
23 8.909733610808553
24 8.6458815058712
25 8.879586454426397
26 8.688182562597323
27 9.00021017312285
28 8.874855055632407
29 9.250638303254744
30 11.278294394924199
31 11.25483508075165
32 11.288405267639408
33 12.298088354155745
34 12.300476138537205
35 12.248225207428408
36 13.29576071199294
37 13.601786650222206
38 12.805060382459462
39 16.20488568578795
40 16.716939704801103
41 17.53346660274656
42 19.38276085348418
43 20.657925963331728
44 21.10109040518505
45 21.587259907511562
46 21.94430211707782
47 22.50869560739409
48 23.06514042029191
49 26.643477049126812
50 27.116431737416036
51 27.84143605685975
freeSelLabel PHE 338
0 28.56443832589067
1 13.432338300760698
2 13.397217713148525
3 13.419059906153297
4 13.056409835007805
5 12.936013266342442
6 13.146196957635082
7 12.89667484720345
8 12.328299225344036
9 12.36918407102798
10 12.18581037715501
11 11.960059614746285
12 10.660251099174534
13 7.368274205487927
14 6.740772510557364
15 6.65509713595507
16 6.797139587025537
17 6.138064632325748
18 6.319025215666213
19 5.034188700456028
20 6.110271062454775
21 6.480451016029079
22 6.875466420432906
23 6.4432254281651025
24 6.030995243914568
25 6.245116984940031
26 6.168868175588323
27 6.443874213053337
28 7.067220076398801
29 6.690822101241216
30 10.389120431501473
31 10.598197291681737
32 10.953787692152982
33 12.198923537775498
34 12.112068610325078
35 11.769229594969882
36 13.883546679349944
37 13.491061753440604
38 13.251475028849953
39 17.23809062698868
40 18.33272526515514
41 19.154022036799468
42 21.244611894956552
43 22.523502695257545
44 22.69521734215978
45 22.762597078035178
46 23.16343769304696
47 23.908865318680856
48 24.3128253910033
49 28.02298972248225
50 28.35256246888333
51 28.56444499873006
freeSelLabel ILE 339
0 30.013165815687124
1 14.769190717184628
2 15.238872384410378
3 14.775516061446279
4 14.719169026691539
5 14.604119312342497
6 14.406600970311437
7 14.227602461372653
8 13.902225721120693
9 14.51309555301803
10 14.092766967635116
11 13.672368318622908
12 12.917697305575418
13 9.1770901190004
14 8.090170956575934
15 7.7677358089655995
16 7.608870589279454
17 7.65076989902699
18 7.495516547941245
19 6.658577538593748
20 5.531458279578569
21 5.289278572386625
22 5.588061942598613
23 7.544403505109275
24 7.574945591312916
25 7.865222514628829
26 7.0487005565842225
27 7.536053647280867
28 7.656278730839115
29 7.734209827456169
30 11.912009311173966
31 11.982667830717514
32 11.898318769338257
33 13.69105579130202
34 13.957895603668577
35 13.40373553496789
36 14.426587757871658
37 14.825266588580572
38 14.638968262683404
39 17.656430462266094
40 19.237731688226642
41 19.625034881944288
42 22.081570325039205
43 23.028106588463505
44 23.699664250851416
45 24.11740541282094
46 24.870555060439177
47 25.478921412859165
48 26.043534849005795
49 28.720428177297375
50 29.51196362382139
51 30.013169597930723
freeSelLabel VAL 340
0 31.54676246335098
1 16.191557925238577
2 16.533855181013145
3 16.434604233212905
4 16.50760091573805
5 16.140965517899744
6 16.049267263359898
7 15.93261117893202
8 15.674133688293484
9 15.91656191888795
10 15.97128371154358
11 15.395258904836032
12 14.41689664731612
13 12.464840292940776
14 11.285984337004514
15 11.593248073941089
16 11.21942024849952
17 11.447702868222253
18 11.253558048216446
19 10.478875636637564
20 10.032148486612385
21 10.04916430481335
22 10.30281495261042
23 11.41627401056297
24 11.481645602916029
25 11.846963859201477
26 11.315957533865959
27 11.49688380664454
28 11.594535315712593
29 11.92630877194924
30 14.92474740829294
31 14.598081005742573
32 15.041894864192688
33 15.973743213953702
34 16.073692597553478
35 15.886028460109209
36 16.631049899412933
37 16.761214604302424
38 16.730702231029227
39 19.087856775007907
40 19.775178674198283
41 20.64781167579137
42 22.8031548978637
43 23.86007310600065
44 24.462850174112354
45 25.36970731811358
46 25.78326391639519
47 26.687186751547916
48 26.961638144307013
49 30.21768284476522
50 31.148991979686777
51 31.54676906871521
freeSelLabel CYS 341
0 33.58052666719179
1 12.490220662832096
2 12.910161892243565
3 13.060923658243512
4 12.802254735938769
5 12.610664100184039
6 12.652852699696888
7 12.481175326562392
8 11.85816369581743
9 12.332508149385372
10 12.522629692946712
11 11.66933435868065
12 10.504133567128328
13 9.752690166674975
14 9.151976254402761
15 9.4902493397124
16 9.376281806094768
17 9.500015244280826
18 9.795935212365768
19 9.751685325406365
20 10.299327311703165
21 10.692107736002606
22 11.28249511125432
23 12.394012538179771
24 11.894197285612734
25 12.558490579904259
26 11.870357797073039
27 12.170615981983445
28 12.29691348158697
29 12.424805223683835
30 15.91282690759926
31 15.781376509894669
32 16.264204412818373
33 17.366156428891394
34 17.34233981494911
35 17.002196628437247
36 18.427115231474595
37 18.57293638676326
38 18.400576086327874
39 21.48326852305423
40 22.06128591508583
41 22.98706586311405
42 25.04375987273693
43 26.157003051038163
44 26.78661771583189
45 27.189724565638773
46 27.703950911284142
47 28.409155987471696
48 28.70943021730663
49 32.22510006231194
50 32.88983356835618
51 33.58053314779624
freeSelLabel TRP 342
0 35.606574453241265
1 7.660747377535531
2 8.209891522577186
3 8.100568494219651
4 8.055217432040335
5 7.612948410959515
6 7.6089271178193485
7 7.47587818609734
8 7.366794618579172
9 7.450209963496157
10 7.478167818799447
11 7.143334741341038
12 6.475858536995034
13 5.30727774905008
14 5.584931839457215
15 6.094054120278982
16 6.065746786075733
17 6.6137670244902695
18 6.755404877670808
19 7.0653104933082345
20 8.508223991065687
21 8.823274262173234
22 9.649559712164459
23 11.165197785265521
24 10.500891886359485
25 11.12443585290075
26 10.470556906882425
27 10.495058331356727
28 11.322066231164268
29 11.237884686495342
30 16.243466903214202
31 16.351407515343983
32 17.79863643930594
33 18.401613051476744
34 19.000915564078767
35 18.438474432033267
36 20.179788324609355
37 20.991641305810674
38 20.429003087375502
39 23.604617909798165
40 24.348898293548903
41 25.543714779853055
42 27.934961167841614
43 28.772389872663354
44 29.40975033035603
45 29.693307533528074
46 29.68734797753935
47 30.440223372881565
48 31.456405455819365
49 34.879574050743265
50 35.455946384026056
51 35.60657777125409
freeSelLabel LEU 343
0 35.67131319426403
1 12.931275069872248
2 13.17464964355046
3 13.164428632782089
4 12.741212698478181
5 12.594388498453046
6 13.558021562154277
7 12.494261312181758
8 12.597983391136971
9 13.202601333565832
10 12.930738373173893
11 12.619867341474615
12 12.923928506907737
13 10.75645135253959
14 10.507464205715817
15 10.912445490271853
16 10.620468112619651
17 11.246897412982971
18 11.025514721948767
19 10.334849195902077
20 10.783099982181673
21 12.025716637753236
22 11.788379803067574
23 13.432854272900654
24 13.15913044663986
25 13.499092490959619
26 12.830616258585344
27 13.228304680016983
28 12.863961399985843
29 13.609516108772214
30 18.09194933159626
31 18.549133974260535
32 18.304438910357867
33 19.25536883696447
34 19.537621111158757
35 19.49232630744315
36 20.638185583001952
37 20.98974562828881
38 21.059233484341902
39 24.182174076994066
40 24.612368923845427
41 25.299269713936557
42 27.570379230210154
43 28.44749785010975
44 29.1422135267435
45 29.76592795653293
46 30.27465048531058
47 31.219821744356665
48 31.43935808154422
49 34.920264265492285
50 35.1541903796893
51 35.67132017118008
freeSelLabel PHE 345
0 41.1833091251903
1 5.7936563350776105
2 5.855727446168022
3 5.7768364238859355
4 5.59885360634268
5 6.094727329936017
6 6.3892549264722565
7 5.755600099084812
8 5.70986636697135
9 6.084125179761018
10 5.650828659162986
11 5.894225155520452
12 6.053072462822029
13 7.612999623978385
14 9.295832514690368
15 9.504495853084235
16 9.591203832333528
17 9.904024057260159
18 10.07644927713101
19 11.328094338664622
20 13.104494463474364
21 13.128205995259227
22 14.42777130227887
23 16.339710220202818
24 16.288901417211154
25 16.43158995278209
26 16.824913991586502
27 16.96119037153125
28 17.626784013851825
29 17.025698618933447
30 22.205773612975154
31 22.313015882592797
32 22.702414880132952
33 23.557671565763336
34 24.157333506212378
35 23.699491552408983
36 25.515794656326786
37 26.00163345156857
38 25.93527496396925
39 29.20451943305357
40 29.836158210566147
41 30.56105569944885
42 33.29407499594691
43 34.21537191901284
44 34.64619109243496
45 35.160479566355264
46 35.402191971134314
47 36.36050858489196
48 36.622990696767886
49 40.50200673127201
50 40.745818601642895
51 41.18331694951642
freeSelLabel PHE 346
0 39.083134513917564
1 8.19774123836093
2 7.953871025292317
3 7.742539296373537
4 7.632495610706171
5 7.816733066831413
6 8.175963992892026
7 7.769932905341926
8 7.713008563132725
9 8.354092842837
10 7.728440280523478
11 7.670694606356292
12 8.636024326236669
13 7.656497789151426
14 8.002561831699799
15 7.996191048751188
16 7.826770231296337
17 8.163253445306006
18 8.236119871881732
19 8.732421377436891
20 10.068980110502276
21 10.646091008161308
22 11.422117907408847
23 13.10428836765905
24 13.416162685974802
25 13.388879023436614
26 14.395190982514542
27 14.177802012665898
28 14.563826904015917
29 14.358316216936531
30 19.71461835642018
31 19.851793666636677
32 20.05202251366503
33 21.34648153924218
34 21.222124097554364
35 21.02124134436455
36 22.792503021301464
37 23.13426774213098
38 23.109543328475674
39 26.559680803554265
40 26.83090234903135
41 28.260851333737776
42 30.81070236905169
43 31.630058385009637
44 32.13546357756979
45 32.69673208790439
46 32.92823398111885
47 33.655520082819066
48 34.20799214637144
49 38.476729409350426
50 38.823301037915314
51 39.08314212516967
freeSelLabel LEU 347
0 41.25338206831464
1 13.205492493094162
2 12.826351688991025
3 12.910277477343184
4 12.816983323596327
5 12.928194695152321
6 13.319558415592711
7 12.958301615335579
8 12.978845234008208
9 13.163827379222703
10 12.817735988651364
11 12.948505909696
12 13.433880285656024
13 13.901354936688508
14 14.192571867976925
15 14.190301951639057
16 13.998400010233329
17 14.395111714183193
18 14.515847681422267
19 14.291750268739552
20 15.62583308195657
21 16.38791344254499
22 16.48023443263362
23 18.296057548245102
24 17.932391473395665
25 17.929586444014145
26 18.34036559880071
27 17.97225898134877
28 17.820196695523983
29 18.522333549613062
30 23.6903032824003
31 23.89240810890944
32 24.58576428379596
33 25.39266040209859
34 25.361444173442784
35 25.230309712150138
36 26.388447402240924
37 26.66522765215931
38 26.6389990434824
39 29.822505137723397
40 30.222694688612755
41 31.260799083798574
42 33.21281214350381
43 34.31977518095648
44 35.3593048236383
45 35.861848664628205
46 35.95451372702239
47 36.68219026952759
48 36.77442987763314
49 40.407447463801965
50 40.421771312455526
51 41.253389377693196
freeSelLabel VAL 350
0 45.33000925759691
1 7.136357121469504
2 7.255190764888701
3 7.280414397901418
4 7.291111916259559
5 7.648521068736473
6 7.548945074971928
7 7.798583455024094
8 7.7957163241093745
9 7.534542993171378
10 7.13083366803646
11 7.538033904872804
12 8.146478776251382
13 10.76671469326428
14 12.661118224439974
15 12.338580220095038
16 12.710124756014448
17 12.830091735493294
18 13.81496957215201
19 14.680485011609237
20 15.876796775909895
21 16.88358006789584
22 17.66096858426423
23 19.338833809662095
24 19.51987308349479
25 19.642446133299977
26 20.23596898513754
27 19.852534899064988
28 20.310313948612784
29 20.836431733761167
30 26.331419721272887
31 25.968127245820614
32 26.338660638931824
33 27.410409053211616
34 27.675468352627895
35 27.657884951230912
36 29.26303778822898
37 29.77754899677809
38 29.589865737422116
39 32.96415366188153
40 33.683124821033886
41 34.802894455851025
42 36.84124113277336
43 38.248315785329915
44 38.73874165090818
45 38.86289222036535
46 39.74403365635348
47 40.44436772067853
48 40.576059219034946
49 44.68265666492097
50 44.98018385472297
51 45.33001685599106
freeSelLabel LEU 351
0 44.87324034639181
1 11.675199514683342
2 11.531541519445762
3 11.940692370032457
4 11.959154571571064
5 12.022642814869538
6 11.84713087334294
7 12.236996949920268
8 12.294006111805766
9 12.07411774640477
10 11.37882692230165
11 11.805959023409692
12 12.103886791867332
13 13.889010307266757
14 14.87988276074152
15 14.747420499217167
16 15.142908997299337
17 14.760891555609435
18 15.50895759188363
19 15.691894976823322
20 17.501254267770385
21 17.744781871929742
22 18.43301130364558
23 19.86385290524448
24 20.25664971109097
25 20.000442818247734
26 20.88203681402764
27 20.163945540525336
28 20.747096319871098
29 20.88626163675327
30 26.27025312386679
31 26.6422693244472
32 26.875439783571785
33 28.14552681843403
34 28.20973435031491
35 28.02512335799954
36 29.290745250964356
37 29.756125259128464
38 29.581931630476124
39 32.801453061258115
40 33.2178792407473
41 34.49519921058146
42 36.71440144525873
43 38.06310530609884
44 38.708488064222365
45 38.93138842053013
46 39.19533462858587
47 40.305899092571366
48 40.16058377987172
49 43.91383982308117
50 44.59846448521865
51 44.873244004643716
freeSelLabel TYR 365
0 47.914053191404186
1 9.505657166483843
2 9.036413732167631
3 9.214612644272904
4 8.666840855622151
5 9.162241406240291
6 9.079432132945144
7 8.976590459626937
8 9.308850382751606
9 9.30853011617393
10 9.06645988104756
11 9.358558455030913
12 10.446840028274465
13 13.630446527068498
14 15.248299089973697
15 15.71714370832395
16 15.777459560201306
17 15.910992989240901
18 16.651455128861162
19 17.990377300853265
20 19.92525288281293
21 20.08327205767056
22 21.2772061295292
23 23.13653814741328
24 23.319097389659383
25 23.36574290639786
26 23.537564904505828
27 23.6450382760199
28 24.26466092616466
29 24.298386011779108
30 29.056456804383554
31 29.04556765570078
32 29.452470071229968
33 30.6918005724942
34 31.01920956753348
35 30.607094647045628
36 32.34643921317171
37 32.63905251546764
38 32.6265483780497
39 35.7184615920598
40 36.35926518432776
41 37.34156942536003
42 39.55176782381952
43 40.59779887143976
44 41.46211970258345
45 41.80054055106994
46 42.15458961098879
47 43.22839678071222
48 43.23126090410318
49 47.066750108908316
50 47.270890218512626
51 47.91406022958539
freeSelLabel THR 368
0 42.554403427979366
1 10.756535288569573
2 10.768973725941953
3 10.926131735626576
4 10.784273281128936
5 11.034704182714623
6 11.122372951599596
7 10.592634134196159
8 10.971445887725562
9 10.71976062524079
10 10.386291855050665
11 10.994652816585594
12 11.112601037717951
13 12.158435365412593
14 13.361432167404844
15 13.875168670426088
16 13.906156330311887
17 14.221035039781386
18 14.884842921369762
19 15.258343790083723
20 16.81635418784416
21 17.085183695947787
22 18.26859557048705
23 19.6144249745101
24 19.638284078218085
25 19.99335891544303
26 20.135461849280638
27 19.973486274503628
28 20.695333545585896
29 20.767366334477508
30 24.987180477215485
31 25.046975867188934
32 25.156507128634903
33 26.03308631805662
34 26.408030884514552
35 26.059342275939354
36 27.609044642959212
37 28.020078359563474
38 27.899989406843083
39 30.85769483215627
40 30.993764386431206
41 31.95824303682116
42 33.99681559828675
43 35.249734795456234
44 35.98574640029262
45 36.30860985259646
46 36.65352843226647
47 37.50613617866246
48 37.98980742840684
49 41.57134547368206
50 41.967307907958116
51 42.55440708796543
freeSelLabel THR 369
0 42.710500370895616
1 7.930094011598649
2 7.878187551581476
3 8.079815390082901
4 7.734723726569947
5 8.06169638071247
6 8.037189258269738
7 7.625264594009047
8 7.877974252753486
9 8.19556960605788
10 7.953586958026635
11 8.14837979302311
12 8.05789576060728
13 10.732808019228571
14 11.787943216640361
15 12.774771389005307
16 12.23774886384301
17 12.313431369700703
18 12.936508919792448
19 14.360128264296872
20 15.813111941214169
21 16.54610818907126
22 17.731081241397966
23 19.19285067430913
24 19.002166613025572
25 19.146437122280776
26 19.270984993390933
27 19.307591074062678
28 20.042342688192466
29 20.22097112335663
30 24.393145566909926
31 24.38171695482757
32 24.656064423269274
33 26.227805474987935
34 26.171022045289263
35 26.052423091863087
36 27.435880477724616
37 27.962018845264335
38 27.518677613716775
39 30.78811418751486
40 30.74920353486151
41 31.816657355632234
42 33.54436988193692
43 34.69252667946216
44 36.01767548587458
45 36.83524469582023
46 37.3695392641855
47 37.91515632275914
48 38.34144798926533
49 41.646165593859834
50 42.0696168647332
51 42.710503062498596
freeSelLabel TRP 370
0 41.383472137222235
1 14.035303106520582
2 14.450888373976671
3 14.449226783389406
4 14.238857534862477
5 14.359901729394771
6 14.5645761169313
7 13.948824584279391
8 14.124994897198857
9 14.696893536062225
10 14.07754169869954
11 14.39176709894455
12 13.906355648832069
13 15.495141176022383
14 16.04340788772709
15 16.63871961972039
16 16.190265598846146
17 16.466762144848545
18 16.59175583342339
19 17.369135991306806
20 18.516468844754986
21 19.225966194145013
22 19.97687479292251
23 20.914565323591965
24 20.91470836678432
25 21.21383040158427
26 20.87709466669096
27 21.06854011026083
28 21.94096748814479
29 21.682419324165007
30 25.00958512282442
31 24.96667926862815
32 25.185839952040723
33 26.393813450156046
34 26.284135020777732
35 26.004950731946344
36 27.358588592501118
37 27.538088453836846
38 27.15390629397966
39 30.550619988568496
40 30.45440541991103
41 31.47262695374619
42 33.17769573512994
43 34.458476232775574
44 34.79308027912685
45 35.217895774434695
46 35.813667387205044
47 36.423009515132826
48 36.387833380229274
49 40.54096931489311
50 40.814187444972426
51 41.38347440490059
freeSelLabel GLY 372
0 36.44028274333191
1 9.059592935127322
2 9.451755120979447
3 9.316586016859878
4 9.359616005315525
5 9.642376667792956
6 9.61573376458217
7 9.412532547685588
8 8.939087978399582
9 9.442037351497111
10 9.002094077895645
11 8.754179020645623
12 7.977197448168523
13 8.875266656232558
14 9.01052919973392
15 9.685740862817907
16 9.191882886384692
17 9.608201466764363
18 9.79599051898983
19 10.199706142100618
20 11.559941759561701
21 12.234425514195374
22 13.001497960507045
23 14.174784066625753
24 13.999399641720336
25 14.505409553457739
26 14.272964247275558
27 14.229582483613731
28 15.000283391045185
29 15.001565514818765
30 18.742701328044408
31 18.981657004748552
32 19.1105125550841
33 20.44245162044728
34 20.388079189188304
35 20.075496688534667
36 21.749255162346657
37 21.846162760634492
38 21.293025236110704
39 24.9515862320219
40 25.297089190820092
41 26.327779248511924
42 28.19828066776312
43 29.617771699674723
44 30.06577076724351
45 30.575363642166945
46 30.77330216988971
47 31.64221714658821
48 32.017684732408355
49 35.58020639246157
50 35.927415211675104
51 36.44028935809481
freeSelLabel TYR 373
0 39.20615291038976
1 8.879391246509035
2 8.619025997950953
3 8.589103671055225
4 8.561757187576259
5 8.92505108668781
6 8.769045021491543
7 8.736780998662452
8 8.504326816403685
9 8.901482627838941
10 8.494386098938982
11 8.706097329342363
12 8.250543662564432
13 9.041250135915963
14 9.725236897644546
15 10.060942449305442
16 9.997766655901227
17 10.276803002731981
18 10.51683978506094
19 12.119726987315815
20 13.584088339356367
21 14.30494727205497
22 15.45098133536393
23 16.217758470567414
24 16.626901403783407
25 17.12263404238132
26 16.326984468584552
27 16.60482235475891
28 17.31125122750294
29 17.534113244401496
30 21.139761624157234
31 21.148798155325
32 21.564444704998095
33 22.548586914991258
34 22.706353827784127
35 22.615552714124032
36 24.37956499262714
37 24.340351577897593
38 24.05767729286976
39 27.473406539266012
40 28.00415302448894
41 28.962912946376242
42 30.810708637664526
43 31.997727470318466
44 32.470031829804284
45 32.459170154269685
46 33.05005401135311
47 34.36340590709237
48 33.890131482603294
49 37.914657878896506
50 38.639144349846006
51 39.20615714653363
freeSelLabel ASN 375
0 31.621832020120156
1 13.984083342504547
2 13.568965669440482
3 13.610587618896911
4 13.27233678380965
5 13.32494016938695
6 14.341328375175225
7 14.134557452344175
8 12.62702262892007
9 13.857616939112777
10 12.608463171256973
11 12.469752600864462
12 11.473205605544024
13 9.917087284442578
14 9.415493979274043
15 9.681262560691346
16 9.93884744287492
17 9.531310441056387
18 9.799658549478922
19 9.602500201003911
20 10.254538062707518
21 10.74455057843239
22 11.525402031711408
23 11.419376817659025
24 11.562371533534671
25 11.701957053051661
26 11.297881573477355
27 11.757095338300301
28 12.226133987519122
29 12.216487900309998
30 14.685739319875683
31 14.6971314749945
32 15.194569347008688
33 16.205626768978437
34 16.1105578237521
35 15.919094997644605
36 17.60660638142154
37 17.427904480000016
38 16.973350310530407
39 20.382146241665733
40 20.262181185769286
41 21.335526888234206
42 23.00601588539927
43 24.667370292552928
44 25.106592213762887
45 25.17406553431417
46 25.5067991569432
47 26.516490206070227
48 25.862585901554834
49 30.503567015547066
50 31.167799343859322
51 31.621837639567648
freeSelLabel SER 376
0 33.6606086272629
1 14.137966589594368
2 13.968353023210579
3 14.08466780749763
4 13.796530773629737
5 13.964425519663044
6 14.37925570794468
7 14.2804218879994
8 12.998717625861037
9 13.772073471480955
10 13.280540236589442
11 13.139951961137351
12 12.575808706974104
13 11.115790448008504
14 10.534744795066594
15 10.66980323308499
16 10.531385157620493
17 10.4981856541235
18 10.534491889354822
19 11.55398832303994
20 12.38710276392621
21 12.553199805288513
22 13.803869950440006
23 14.302476687419569
24 14.35547762554967
25 14.36806165588083
26 14.365545730845469
27 14.62678487207147
28 14.851806694633963
29 14.680668673719389
30 16.961020495609098
31 17.278910149217072
32 17.853928335993164
33 18.44124694178706
34 18.58163258087211
35 18.36147113187308
36 20.405671754312344
37 20.164220583455517
38 19.86055443928613
39 22.994520055106122
40 23.00378656382762
41 24.44498687990239
42 25.732431177986445
43 26.991126660291386
44 27.388014314287123
45 27.641842273255033
46 27.81610920028706
47 28.714304565383973
48 28.330330310228465
49 32.11410932505574
50 33.01755601536338
51 33.66061064333064
freeSelLabel ASN 379
0 28.264755788253723
1 17.863610727124
2 18.086406108027195
3 18.321509189518572
4 18.088691044450144
5 17.962955574181134
6 18.28724108996208
7 17.71239131909648
8 17.23247372692352
9 17.90054778284984
10 17.730457014094426
11 17.217723448391006
12 16.617124772242516
13 13.92131972047242
14 13.011860303768108
15 13.338436751615724
16 13.236616058799653
17 13.0178950451655
18 12.558267458885004
19 12.576391687093931
20 12.481123957205371
21 12.677559315321686
22 13.580026988113827
23 12.2897420534348
24 12.604865789549388
25 12.72165293941183
26 12.109379384106493
27 12.401684535977672
28 12.854238707734183
29 12.569063941054704
30 13.098647272289911
31 13.100140790416834
32 13.458450160115909
33 14.43517886745058
34 14.27819337558198
35 14.078409718113152
36 15.381561655507177
37 15.7854400975842
38 16.147588265205382
39 18.025289219762172
40 18.038674295021487
41 19.713648349135013
42 20.849232696834257
43 21.755391954532904
44 22.032838190463703
45 22.209969459069455
46 22.67012568215562
47 23.1997121573483
48 23.113738521713888
49 27.09988318814031
50 27.77286189768657
51 28.264754259423093
freeSelLabel TYR 383
0 22.961536660179632
1 23.74268331479692
2 24.1381214013145
3 24.158225548742518
4 24.129380129349546
5 24.11883174875382
6 23.79199818927235
7 23.59937976261684
8 23.193097548395414
9 23.637723879258154
10 23.146637598966148
11 23.113346998733242
12 22.363548893077546
13 19.146467175989713
14 17.451701045288598
15 17.31020142859839
16 17.468531956347167
17 17.032954182535732
18 17.20904621164256
19 16.275161928852366
20 15.457362999480651
21 15.749443518806208
22 15.969215709492252
23 14.385145075413654
24 14.28409617439134
25 14.008797743901486
26 14.794724675109899
27 14.061074641572159
28 14.05829105305763
29 13.949918111927113
30 11.78058645195739
31 11.742056074270318
32 12.22844504263315
33 11.89067448018001
34 11.883727561192549
35 11.96334006797719
36 12.63538792613515
37 12.823510013701119
38 13.172505414399868
39 14.832704773844055
40 14.621379189902884
41 15.669105255682396
42 16.541222107879154
43 17.417037280512663
44 17.27241139531372
45 17.30794495863279
46 17.664156463099566
47 17.97822297253119
48 18.11928986831625
49 21.920711803988198
50 22.54281485267449
51 22.96154158045912
