freeSelLabel TYR 36
0 48.23864661466202
1 12.757753617777949
2 12.954369591230702
3 12.545542560317722
4 12.960627705108056
5 13.407926171277326
6 12.753266431531847
7 13.243023565080662
8 13.504402939565942
9 13.29807128987451
10 13.443187292185737
11 13.649996892073494
12 13.089632060712587
13 13.529984412505378
14 13.384442155412335
15 13.56964904593463
16 14.08029193170015
17 15.017440129524667
18 16.076275738163652
19 16.72267313212691
20 17.715689652321938
21 17.432628397926866
22 17.924648868445303
23 18.10482324794789
24 18.78438983810574
25 18.338311033555932
26 26.010661459104828
27 27.853768074917713
28 30.609947911243896
29 30.61133787309782
30 32.4235724646351
31 32.80090648058836
32 33.34380698365459
33 33.018701241311156
34 33.276020932019705
35 32.9558276392791
36 34.32775675065181
37 36.958517336064354
38 37.685452814909375
39 37.66986998029082
40 38.2868098867338
41 39.577182516389364
42 40.56079966991416
43 41.303509729285054
44 42.405851051214036
45 42.34554917906587
46 43.23028816659912
47 44.26908602161094
48 44.84786542006838
49 46.0236633764245
50 46.28008860747074
51 48.23865039237834
freeSelLabel ILE 43
0 39.0298363663199
1 15.501063625421526
2 15.543580266337004
3 15.455019526637454
4 15.665478793461741
5 15.614500876160353
6 15.759285120473198
7 15.537939340597854
8 15.589432996737521
9 15.263031221726964
10 14.421418829092557
11 14.411496241225255
12 14.470776573830785
13 14.631005730860903
14 14.285455072195106
15 14.307360595279976
16 11.620548812994508
17 10.170333230241445
18 10.77462031656045
19 11.18496141042252
20 11.956854046848548
21 11.866665721955545
22 12.004027437339756
23 12.418813915407254
24 12.691898332950531
25 12.04222402264645
26 19.288100145297786
27 20.842288830533914
28 23.59822010645193
29 23.58883815612388
30 25.419988199544875
31 25.86029951848751
32 26.062091310869032
33 26.064687387243826
34 26.29066454316325
35 26.165672649280193
36 27.76287783127058
37 29.89313275180286
38 30.21068352209414
39 30.415141663332978
40 30.737385604690544
41 32.66075446162543
42 32.534654289865635
43 33.64643704118944
44 34.43615460183078
45 34.48605049819213
46 35.35166960873716
47 36.02148732857214
48 36.722065978225096
49 37.67311039438717
50 37.82008776467963
51 39.02984196365066
freeSelLabel ASN 47
0 34.856759814113445
1 19.057290758931128
2 19.00952799894155
3 18.868853303331672
4 19.02984026958059
5 19.240602547163498
6 18.99824598474927
7 18.948409889023864
8 18.88835579192597
9 18.612611435661364
10 17.695444206600662
11 17.380656548944536
12 17.514165119247018
13 17.544888915513514
14 17.938908946535662
15 17.221163297188486
16 13.936785868268894
17 11.622581158457017
18 11.749205994435954
19 11.638679873578742
20 12.079595709260992
21 12.28194851891076
22 12.402236526732219
23 12.286176040912284
24 12.395113439891698
25 12.110758234693519
26 17.269465192630474
27 18.90440626753867
28 21.341022580568673
29 21.430568319866804
30 23.25252120211477
31 23.203753443025267
32 23.556892877514752
33 24.146219975826998
34 23.78585347920186
35 23.571511387799173
36 25.33959429354767
37 27.064795288233608
38 27.36350459322811
39 27.605235646097633
40 27.870133157407604
41 29.633798091509703
42 29.727016929553027
43 30.203390122429276
44 31.31365830900703
45 30.784141202477244
46 31.538061480013763
47 32.27148472208306
48 32.77819579627711
49 33.84435062619305
50 33.68651698089449
51 34.85676527933416
freeSelLabel THR 64
0 19.922512410915576
1 25.560229952419384
2 26.211031684468598
3 26.350537050115662
4 26.297324303900986
5 26.127789703362502
6 26.22226929219558
7 26.057550017848463
8 25.59101839834367
9 25.452132646438766
10 25.2485013595895
11 24.044970102033922
12 24.41709729335923
13 24.339786012120825
14 24.273355631327536
15 23.044958554251075
16 19.36805441385152
17 16.382673419381668
18 15.476245291453685
19 14.762459884824635
20 14.714892821689325
21 14.423575362663312
22 14.276821082037003
23 13.964866040244727
24 13.831712599551985
25 14.01620397899811
26 10.48573602581283
27 10.391276922784883
28 11.264387715044784
29 11.290974521732172
30 12.081373836196533
31 12.79618177150212
32 13.099881416269486
33 13.264800956414856
34 12.780070333065462
35 13.214120268673879
36 14.219679142890518
37 15.16348492407155
38 15.101295225301635
39 15.243602101886214
40 15.259341597083365
41 16.992799812272818
42 16.486213524802256
43 16.777628783627073
44 17.25296311221068
45 17.045794471234615
46 17.198470445182323
47 17.927500839419373
48 19.075887970474966
49 19.23534799317075
50 18.807405016075858
51 19.92251362046472
freeSelLabel LEU 67
0 25.047514139281322
1 22.368967633896567
2 22.95742100411896
3 23.091131139957607
4 22.744532360298237
5 22.508101006720267
6 22.952843351052124
7 22.708625068994365
8 21.75491299702523
9 22.269033192505617
10 21.90103360520139
11 21.06010053924015
12 21.561629392315506
13 21.222451688578953
14 21.1126000720101
15 19.941139605632646
16 16.701805390259874
17 14.707303374867292
18 13.714767347772383
19 13.148016495915604
20 12.630719586545059
21 12.064856491272522
22 12.282752666756835
23 12.40447124488683
24 11.906953847981898
25 12.33737923513178
26 11.976002793509513
27 12.224908236449966
28 13.986158173973038
29 14.238439073290749
30 15.079000640310491
31 15.896363384244054
32 16.38709987060272
33 16.724412915428314
34 15.901575491713361
35 16.50132780437757
36 18.00119553013793
37 19.400135233417277
38 19.90890937885649
39 19.411392891623137
40 20.012634149512895
41 21.265273072852597
42 21.379282370643185
43 21.665567578186153
44 22.20179060723707
45 21.98419560837454
46 22.140520575858528
47 22.670549707190062
48 24.317461037891412
49 24.388239372357983
50 23.71336874886094
51 25.047512942212286
freeSelLabel VAL 68
0 25.805263915795255
1 21.67646068836026
2 21.808702004073773
3 22.41728023107523
4 22.662427710441676
5 22.26248101452803
6 21.839592402592903
7 22.025009804161723
8 21.649535197016903
9 21.206570185677553
10 21.198632444718367
11 19.849256157049346
12 20.416748786854747
13 20.04413594132683
14 20.50979521912787
15 19.556576448817584
16 15.396817451388198
17 12.679190892755155
18 12.027187510663978
19 11.993360876298787
20 11.885032147195178
21 11.336526369173658
22 11.757015482900583
23 11.316813822400817
24 11.5508259667316
25 11.481043312083985
26 11.315334869774333
27 11.922416557325754
28 13.81462366084444
29 13.801347709916872
30 14.962372800715997
31 16.16252281385861
32 16.300305058559022
33 16.439805576144174
34 16.716523255832264
35 16.619574917989645
36 18.003052995622244
37 19.501861801503193
38 19.88510557782084
39 19.9611738875841
40 20.14266127576135
41 21.623420869881627
42 21.280233623833155
43 21.675461267044728
44 22.447971379634645
45 22.107174878468808
46 22.818817511053847
47 23.39202974690028
48 24.18476373338922
49 24.722044309546018
50 24.735173805484063
51 25.805266019591212
freeSelLabel SER 70
0 30.908985794483534
1 19.44235324868486
2 19.582679074774834
3 19.755875324805377
4 19.551229553815954
5 19.763838068049854
6 19.372904824476013
7 19.177053066995764
8 19.174640023361796
9 19.00094323874522
10 18.695012711169475
11 17.12000584780901
12 17.518746247081097
13 17.40457494310564
14 17.333130689560402
15 16.76027317231598
16 14.368537694143217
17 12.472675031490747
18 12.514157547134836
19 12.09904517068471
20 11.814651601375529
21 11.526303706725907
22 11.511442207939341
23 11.450633150927741
24 11.48527845794973
25 11.777724584357781
26 14.513683003965369
27 15.392227066851614
28 17.78330588805359
29 18.30237236021631
30 19.426240295918298
31 20.678440761440132
32 21.05860314320035
33 20.863697260502192
34 21.067862549174833
35 20.943472956663925
36 22.486581814539853
37 24.080515959096847
38 24.77251582261103
39 24.426792740296225
40 25.005816987817948
41 26.623759308355506
42 26.49509773252594
43 26.792832500552986
44 27.366114581291786
45 27.27958773827233
46 27.923246006372192
47 28.647356634913898
48 29.206890269180047
49 30.055421786497803
50 29.77711795667223
51 30.908986732261173
freeSelLabel LEU 71
0 29.93848898454251
1 16.093407316775426
2 16.477709084235457
3 16.664432973844207
4 16.207332243525695
5 16.723397260505838
6 16.06133156848149
7 15.815014042873903
8 15.853837698149439
9 15.652838384085022
10 15.067900590855334
11 13.878943528151447
12 14.065796632979493
13 14.001149656259292
14 14.294954657624942
15 13.608433475722386
16 10.135158150062875
17 8.546792503968463
18 8.120768115671767
19 8.041114401578545
20 7.879143503432998
21 7.500359765186605
22 7.651749130274417
23 7.587788329279111
24 7.731150534711852
25 7.737009407881519
26 10.463074785358986
27 11.728396268147401
28 14.462379981379648
29 14.833609415393907
30 16.370363163848932
31 17.33604004540727
32 17.821198997190738
33 17.892729654200362
34 17.880784958023053
35 17.82862877822645
36 19.675808174177465
37 21.237820406552316
38 22.094804764374842
39 21.985810858938507
40 22.011273362759063
41 24.2489043386178
42 24.056923342359376
43 24.868653034823193
44 25.369387150661904
45 25.249288495909777
46 26.15370501435583
47 26.72380769611033
48 27.6220299642081
49 28.357557076924326
50 28.818603061444378
51 29.93849061221623
freeSelLabel ALA 72
0 32.107631144503785
1 18.37199853326631
2 18.525768987937443
3 18.77387174162109
4 18.834944143956474
5 19.03301525377502
6 18.704134453875838
7 18.688730706864053
8 18.577028884464557
9 18.037878888028477
10 17.521382187274163
11 16.908354934767235
12 16.919281038685572
13 16.836077881700263
14 17.270663961954966
15 16.66333743314861
16 13.124876060220078
17 10.996586099629504
18 10.812905273024814
19 10.55430636759191
20 10.852963198193894
21 10.489469052585788
22 10.524103066589252
23 10.654166966617488
24 10.835858962359026
25 10.759206445904054
26 14.933350759804432
27 16.47076058867414
28 18.78557225717306
29 18.417851729010447
30 20.332573976707504
31 21.218987739523204
32 21.53889465096454
33 21.83131077842849
34 21.43992678469015
35 21.639359062026582
36 23.16603392351829
37 24.83812172782835
38 25.457263525486713
39 25.601360413156563
40 25.679132037830836
41 27.40653269769846
42 27.398058068076224
43 27.95144809798612
44 28.386866243986507
45 28.28904166140107
46 28.88842720748344
47 29.366736776160657
48 30.438195285929364
49 30.9603579820407
50 31.053133520198493
51 32.107631144503785
freeSelLabel VAL 73
0 35.41280305368472
1 18.431328953562122
2 18.787891336781676
3 18.761407263835494
4 18.749450848060047
5 19.28790299976125
6 19.020360574445363
7 18.8774547924381
8 18.470119478261623
9 18.56867003681405
10 18.004964408835438
11 17.472180019141625
12 17.349734256990885
13 17.037775789689178
14 17.403251020768472
15 17.105754321572853
16 14.226666081015368
17 12.827991475523476
18 13.153550243856012
19 13.134895987003912
20 13.029805087977152
21 13.021047392669667
22 12.816368080139618
23 13.046275132641288
24 12.793660834217633
25 13.36038595965371
26 18.31215772778491
27 19.595482815680317
28 22.15237049583989
29 22.29805841921195
30 23.659922510744874
31 24.82904884609941
32 25.490778662892932
33 25.071257328226956
34 25.14543817574727
35 25.184632803828485
36 26.97192885096038
37 28.466235157616907
38 29.037056575857136
39 28.92744094352663
40 29.37927747914771
41 31.09727536918911
42 31.004392127222165
43 31.464302876889185
44 31.958405798096333
45 31.808935203104735
46 32.30888080578811
47 33.06189944260443
48 33.817944201625004
49 34.453102748931215
50 34.50657690765164
51 35.41280550681472
freeSelLabel ALA 74
0 35.5408554825035
1 13.848328689682699
2 14.055213316374912
3 14.217653230418614
4 14.206230884453912
5 14.695577643176938
6 14.331948159285158
7 14.153934837357562
8 13.971950283237064
9 13.904661575412542
10 13.285764754992547
11 12.720231227440056
12 12.496230735585007
13 12.33827498180712
14 12.683994825592482
15 12.308914281014514
16 9.363441810260868
17 8.502885910268374
18 8.88671416519071
19 9.04901028895983
20 8.936053838549308
21 9.032351037265467
22 8.529437822377679
23 9.07224411862259
24 8.827968381390892
25 9.473400501493307
26 15.837239108699192
27 17.288122370887425
28 20.13345567969415
29 20.413620089904658
30 22.142959106239566
31 22.699018926565042
32 23.455604341936912
33 23.477400489669236
34 23.57150461337554
35 23.49344223033963
36 24.975613080062015
37 26.71438496087495
38 27.626703669311723
39 27.378310650103085
40 28.154925280367067
41 29.636810307627517
42 29.710397254748223
43 30.39790941697512
44 31.203487609141973
45 30.886079505312363
46 32.225930339831095
47 32.61471194861394
48 33.75752276439829
49 34.33746526330527
50 34.20051801958581
51 35.540861687573795
freeSelLabel ASP 75
0 35.941087358149645
1 13.796782274877192
2 13.786004318635632
3 13.64605194648832
4 13.653928911644373
5 14.089751485271456
6 13.323075114228478
7 13.850498745143224
8 13.706596611408521
9 13.081543400887561
10 12.553613472753515
11 12.370458383188762
12 12.403259792429472
13 12.143405567612822
14 12.550422429059997
15 11.81320474134736
16 8.847603683004339
17 7.250227713745323
18 7.664108913688943
19 7.916034622971484
20 8.33283429602714
21 8.292121030004378
22 8.219181281389575
23 8.368337400312587
24 8.708876088245058
25 8.250536798698214
26 15.474833576492605
27 17.3428934814357
28 20.06056846747096
29 20.400070453539268
30 21.91756699260441
31 22.44937016915823
32 22.893783771305657
33 22.90015648414392
34 23.08908098832058
35 22.94227792955396
36 24.718156183487448
37 26.57183806440126
38 27.258293678422543
39 27.385451108738742
40 27.46070812206181
41 29.2510640309156
42 29.55724555490282
43 30.38797174414072
44 31.331846307951185
45 31.15919112177863
46 32.0609295402993
47 32.90079850309464
48 33.62122481769459
49 34.52232485114043
50 34.48558751553657
51 35.94109072599444
freeSelLabel LEU 76
0 38.5002327241178
1 17.810602693538527
2 17.97487337075466
3 17.880973854036945
4 17.816457036873555
5 18.219329451074813
6 17.87336808790712
7 18.036587418260087
8 17.845862883128184
9 17.6534927395371
10 17.17256359272323
11 16.711606111558844
12 16.640505536151682
13 16.557407103411695
14 16.74639524559044
15 16.646616223943564
16 14.076408199549885
17 12.770170775546259
18 13.065406003312978
19 13.212279278208683
20 13.536328601186415
21 13.421768363290669
22 13.4036922180914
23 13.732813044695288
24 14.468789133124465
25 14.143394357243873
26 20.72021983019413
27 22.34157472839896
28 24.767557255331237
29 24.969184606976647
30 26.480178376346185
31 27.275158279069352
32 27.648923352999624
33 27.57486476733085
34 27.664668696904243
35 27.834863184433477
36 29.646302874778073
37 30.873305019533664
38 31.778974775160755
39 31.833753492363655
40 31.95353711491524
41 33.455989837451625
42 33.73916507858395
43 34.46826793993748
44 35.289344269806236
45 34.847942212959985
46 35.50177457919139
47 36.579250233867846
48 36.9833196163296
49 37.87636582402325
50 37.79940143930819
51 38.50023779565851
freeSelLabel VAL 78
0 40.661201737183454
1 10.301592856300992
2 10.41526767426688
3 10.228484384220415
4 10.302701224418104
5 10.570132221985704
6 10.414112987891645
7 10.291609831739345
8 10.324145803368497
9 10.191982411005762
10 9.784727362080401
11 9.40218629070667
12 9.072664178637
13 9.388579414326681
14 9.339353371625764
15 9.200893690315004
16 8.002267702133349
17 8.18137710707431
18 9.306257774443555
19 9.936752782480442
20 10.496115804600723
21 10.329545464076753
22 9.966712110870423
23 10.705339377977879
24 11.32913003974634
25 10.939059349285683
26 19.182293212623094
27 20.818497397070526
28 24.188182757805762
29 24.461499432172893
30 26.11948452158815
31 26.35386016046074
32 26.808169841117824
33 26.96661147845916
34 27.189198738252436
35 26.89711632154432
36 28.5206151683159
37 30.657785350415896
38 31.666993561905024
39 31.727041201505884
40 31.64738369149965
41 33.90251059228152
42 34.00447662741385
43 34.89067125619016
44 36.05974776539799
45 35.98676127524987
46 36.56412265139561
47 37.73851834133215
48 38.503952354579724
49 39.48782545197307
50 39.47932627521812
51 40.66120666081576
freeSelLabel VAL 82
0 44.930369170319594
1 9.762851900461058
2 10.249625953334158
3 9.896108661443577
4 9.692932675515157
5 9.730554741421706
6 9.76411962401188
7 9.830548906370076
8 9.726571191277166
9 10.308933446747178
10 9.577588937131772
11 10.049620282399912
12 9.191757366063658
13 9.452533374883627
14 9.596622774986026
15 9.743072766454238
16 10.722366152640527
17 11.97982433473756
18 13.460276963910923
19 13.87065095231167
20 14.642518602138454
21 14.277425106327485
22 14.06891300506126
23 14.797828382871543
24 15.35043806182849
25 14.832015967631307
26 23.31733563996418
27 24.996263979520567
28 28.383255116934578
29 28.63110803943392
30 30.282856352483694
31 30.467509057125692
32 31.183057855336884
33 31.152257841704287
34 31.44159696756762
35 31.20878176138123
36 32.861823417709836
37 35.012996055738064
38 35.999555067826044
39 36.06731349356885
40 36.180186381514105
41 38.05943778532603
42 38.46759510885945
43 39.299323340173395
44 40.21589725883729
45 40.14135763555675
46 41.11307059377127
47 41.9136123809262
48 42.68367373449147
49 43.763697749258554
50 43.614100284303184
51 44.93037622789848
freeSelLabel VAL 86
0 49.52403426260634
1 10.362383233827963
2 10.787681060980443
3 10.090696392710646
4 10.62547959186585
5 10.31793360286069
6 10.294899375498405
7 10.581875090094497
8 10.574119411373028
9 10.610415817005347
10 10.971913644878722
11 11.394196259491537
12 11.033863109554899
13 11.338282863024684
14 10.979475269897009
15 11.539266242763201
16 13.703650637330242
17 15.560998870982443
18 16.799984530957207
19 16.8846863321908
20 17.997564140526194
21 17.800536119247575
22 17.675336175530603
23 18.127125111615275
24 18.957606567728707
25 18.596721318782038
26 26.813906058809792
27 28.74767134860805
28 31.50187477068185
29 31.844461636246237
30 33.36138217029561
31 33.78442608533733
32 34.10246443593483
33 34.33884030292748
34 34.45051360385576
35 33.90443073334623
36 35.9072988758063
37 38.22887271285791
38 38.985996656200996
39 39.09637538626354
40 39.32972629149559
41 41.605630427049256
42 42.067327104042405
43 42.80239299637769
44 43.749370687018995
45 43.544735154041085
46 44.81996809187851
47 45.86753218294691
48 46.528805414518324
49 47.721333432443686
50 47.52826830239865
51 49.52401812788004
freeSelLabel VAL 107
0 49.61462228299058
1 10.085459416617649
2 10.58375833244625
3 10.190985291822539
4 10.186620899749224
5 10.128073806647114
6 10.519960976387972
7 10.2339733034617
8 10.615452657117492
9 10.522924975934355
10 11.000437159025855
11 11.84005015926939
12 11.546643134727985
13 11.378283984006249
14 11.155143113189228
15 12.018555670089091
16 15.187554589407661
17 17.51483224392333
18 18.719533963528153
19 18.78549034293766
20 19.195348750681138
21 19.423712511191876
22 19.147972017517233
23 19.774575683053005
24 20.24884477434927
25 20.56393679993728
26 28.090928636057097
27 30.065045559614344
28 32.558175920010974
29 33.231958893904626
30 34.887777195010436
31 34.48673972273284
32 35.22320530519035
33 35.60314529048914
34 35.30349677831459
35 35.085142733115504
36 36.96654246942263
37 39.449680378016474
38 39.99034037648105
39 40.34817477807366
40 40.447314790231005
41 42.4655873141636
42 42.64218900992965
43 43.41351474415782
44 44.96917959241226
45 44.600182394556946
46 46.0184320981272
47 46.6915601826624
48 47.28892401057791
49 48.41451027766595
50 48.27078162216642
51 49.614629941031005
freeSelLabel LEU 109
0 45.73357389591999
1 12.36466049013398
2 12.579262665135463
3 12.364833156713319
4 12.298949240605227
5 12.211380361492544
6 12.318166725367366
7 12.554717856179792
8 12.345209295271943
9 12.470976098050652
10 12.482662641313146
11 12.470989037908074
12 12.172177839980952
13 12.443387810853883
14 12.208353493221923
15 12.542585928419419
16 13.898208121255228
17 15.09515275600064
18 16.208875662324704
19 16.177764837043835
20 16.5480207295019
21 16.626397762111953
22 16.034507823924898
23 16.698254576734243
24 17.402999778091907
25 17.54351860745018
26 25.285785084919517
27 26.681413696547526
28 29.721334237695377
29 30.27158907315872
30 31.517318877050002
31 32.02916202374404
32 32.38992854856967
33 32.48862496753314
34 32.66436313458272
35 32.71251982796073
36 34.18551095965962
37 36.74835148867535
38 37.00204024566333
39 37.42591765078451
40 37.298827358848065
41 39.216789398981746
42 39.05939435394599
43 40.3261978327466
44 41.20914470806392
45 40.632396842787195
46 41.63960981043934
47 42.36779337494307
48 43.615780028200504
49 44.60114553280442
50 44.18955864662851
51 45.7335766139187
freeSelLabel ASP 110
0 44.561591971458704
1 6.435504219373464
2 6.963430450048285
3 6.6605568492669445
4 6.5337881394291015
5 6.399011429448317
6 6.519682835673644
7 6.724004230954022
8 6.803793861288324
9 6.931562897778195
10 6.977481693899942
11 7.011896037400734
12 6.750899830492659
13 7.031928648237058
14 6.7505616879794115
15 7.169410544838757
16 9.540840050108065
17 11.874627945085347
18 12.926031351790593
19 13.19595389191748
20 13.76042510715133
21 13.787357358127133
22 13.387816494719404
23 13.848410896087806
24 14.694389489698493
25 14.579327618513897
26 22.635706850484674
27 24.30319146681945
28 27.29723617793532
29 27.885125419300273
30 29.2838037982358
31 29.67393061483757
32 30.094069307654713
33 30.064269321949563
34 30.233959148965585
35 30.21509596560894
36 31.70280177973647
37 34.23054188634165
38 34.89084837339186
39 34.82671434953144
40 35.292359299243365
41 37.311248065486915
42 37.46978278186711
43 38.421774056225736
44 39.60483787259467
45 38.93596852139059
46 40.490574301532426
47 41.38860705488592
48 42.23345307862212
49 43.041514902095194
50 43.13406265302682
51 44.56159629923826
freeSelLabel VAL 111
0 43.01165020175942
1 6.795242505665098
2 6.777991316040299
3 6.749368937584946
4 6.620426903106266
5 6.611512327227578
6 6.765937318731694
7 6.636007362719043
8 6.680225966545146
9 6.573408334934816
10 6.866577447421792
11 6.273664297132729
12 6.576573394227005
13 6.68315522950701
14 6.749655973244643
15 6.726149155957405
16 9.785387737563898
17 12.156348518135426
18 13.08879598595099
19 12.94663177421683
20 13.501398773542535
21 13.612573060603365
22 13.006210340709382
23 13.463646370849867
24 14.16734007175816
25 13.951850825867812
26 21.533396574060575
27 23.086125361802083
28 25.97145968124049
29 26.594040436409866
30 27.86251722348281
31 27.876374702964956
32 28.585539998230338
33 29.175506473034673
34 28.8998925025814
35 28.88086425523418
36 30.2089770751983
37 32.252031008376896
38 33.2205030020311
39 33.10409060373226
40 33.56088643680674
41 35.65954911508593
42 35.931333807934294
43 36.700454871905826
44 37.81227544021675
45 37.588649330547554
46 38.922928233047664
47 39.81312369873689
48 40.65606879224927
49 41.361792728446375
50 41.63147930088916
51 43.01165703761099
freeSelLabel MET 112
0 40.6972812967925
1 12.019385078551887
2 11.717664419346242
3 11.966043243006236
4 11.478373200084192
5 11.796988190958826
6 11.579576819069661
7 11.76776326018908
8 11.31144725904236
9 11.40976269278232
10 11.414932682668088
11 10.887078504807631
12 10.81815555501938
13 10.722612331669493
14 10.820333636460846
15 10.84487382689322
16 12.052105475252374
17 12.848124815574925
18 13.634139120523837
19 13.415231432354851
20 13.204893880963992
21 13.74048079989146
22 13.09506211978989
23 13.761054318445536
24 14.085622983868037
25 14.135317906859589
26 20.880929447892257
27 22.62575201560154
28 25.248909844210072
29 25.769924780766104
30 27.645837252877772
31 27.682395068903197
32 28.371114321049223
33 28.53759642393255
34 28.468810658990204
35 28.406365285915356
36 29.882845911802306
37 31.856117192962312
38 32.50671821542103
39 32.401185681539545
40 32.999243672831895
41 34.92556777591086
42 34.98575019137254
43 35.36849971379856
44 36.73520357753498
45 36.519479923184214
46 37.29436044334403
47 38.276998303794414
48 39.29184340376357
49 40.417237221100855
50 39.694002950736994
51 40.69728851024262
freeSelLabel MET 113
0 40.23016031824751
1 10.718734507113306
2 10.221908533567973
3 10.32047894933775
4 9.690615361083884
5 9.876463312045768
6 9.594732333108299
7 10.34294236025084
8 9.758385851250551
9 9.454387375179197
10 8.972934882779633
11 8.988417761106005
12 8.949141016539558
13 8.57060315430557
14 8.813485053041344
15 8.786813469308392
16 8.965837931055086
17 10.043196012063323
18 11.071481731334773
19 10.746929256906236
20 10.867268106017379
21 11.150617972965824
22 10.860231574753504
23 11.233526436119023
24 11.589196350550335
25 11.479340880551316
26 19.240792377306516
27 21.365784962263525
28 24.12484113390696
29 24.428803511736323
30 26.00317463137241
31 26.159400927054936
32 26.933318462877775
33 26.99959064899709
34 27.079670185778276
35 27.23304094081478
36 28.479342815980537
37 30.969882206416898
38 31.666582848201024
39 31.6504685480597
40 31.802513667722057
41 33.83405135643238
42 33.998014496493354
43 34.62671653918442
44 35.56699322416104
45 35.30604216745857
46 36.45642772927158
47 37.22267072485561
48 38.15715060987483
49 38.667352318464445
50 38.51624923364413
51 40.23016517810418
freeSelLabel CYS 114
0 38.39336487606718
1 6.890368758906601
2 6.146739483500772
3 6.672528748152098
4 6.2355597137011545
5 6.649360781460184
6 6.581069701472989
7 6.695724740996773
8 5.835988579756411
9 6.278753922288354
10 5.792455532236771
11 5.133564999943937
12 5.377776130600438
13 5.193990815979134
14 5.4061371629528105
15 5.2988750454703135
16 5.626006822193209
17 6.309327125725685
18 7.556213276254207
19 7.7395327187906595
20 7.527266113864493
21 8.068791019103678
22 6.798112709820136
23 7.726423026446951
24 8.089789705600383
25 8.331805442843738
26 16.223372491229892
27 17.907961118342396
28 21.080184396143007
29 21.340829512343966
30 22.77918798090294
31 23.095615702544848
32 23.559126980937183
33 23.588468827939895
34 23.88887563091583
35 24.06289746185897
36 25.21525064458839
37 27.66724756939252
38 28.113447199456104
39 28.522991262180724
40 28.650014717814937
41 30.84046487039239
42 30.852416375936045
43 31.828159869878135
44 33.0037238302173
45 32.88134667097551
46 34.315150670058706
47 34.665470067981474
48 35.92221527116295
49 36.51544002490471
50 36.54349158745793
51 38.393371912860395
freeSelLabel THR 115
0 37.22704688914823
1 10.374248545751687
2 10.307067046589916
3 10.668516526380042
4 10.181419832059152
5 10.429295598411096
6 10.397991167183518
7 10.537858509651041
8 9.940784737456195
9 10.230900484646849
10 9.810959156060003
11 9.058371892119856
12 9.499530572483893
13 9.209893417172832
14 9.599564857586
15 9.368958529245939
16 10.2225412981222
17 9.983658023355932
18 10.402671886897377
19 10.227391277385477
20 10.405346290224758
21 10.362686429632115
22 9.509183429798592
23 10.339624104897299
24 10.271101843323615
25 10.615336411479598
26 16.69226159304146
27 18.244597412692613
28 20.835478743830365
29 21.75668813401949
30 22.940509054379294
31 23.022236734140925
32 23.560671847910893
33 23.86056952627852
34 23.82469031472408
35 23.683677424428293
36 24.93907890542786
37 27.293918788858708
38 27.943212087889304
39 27.733001188078322
40 28.57452553452319
41 30.1360730738469
42 30.369718630291562
43 31.203699874079234
44 32.067690036392875
45 31.98828379215507
46 32.94548548693097
47 33.83626031032925
48 35.12622218562527
49 35.53476795559976
50 35.756806987131796
51 37.227049766399425
freeSelLabel ALA 116
0 35.25114457489647
1 12.848542194531596
2 12.081653146351265
3 12.75716486661165
4 12.269008750590057
5 12.442357273386367
6 12.420239002689977
7 12.605209374066023
8 12.011935753418278
9 12.219138866784945
10 11.657782956309461
11 10.970548784982748
12 11.179853896462905
13 10.970176284540289
14 11.344238071702458
15 10.94997460479919
16 10.236560200787125
17 9.305690792980533
18 9.528645764725395
19 9.129593290794018
20 9.014906265391902
21 9.073389559137805
22 8.57558226024684
23 9.06055889992154
24 9.182565060038009
25 9.457532159564474
26 15.246234587830575
27 17.050372334336394
28 19.594321714500474
29 20.244689205759265
30 21.6064574316733
31 21.908747391569673
32 22.4541912906318
33 22.80177116538434
34 22.729608522129627
35 22.710844234721435
36 24.067346382552884
37 26.00138506773753
38 27.04643166350844
39 26.77297791523498
40 27.594586335740363
41 29.09194941969424
42 29.195718927846954
43 29.69452272897959
44 30.75638773187625
45 30.626408242093454
46 31.39255751434506
47 32.38857271287109
48 33.4152888663233
49 33.81659989229297
50 34.074971592611675
51 35.251148128118146
freeSelLabel SER 117
0 33.45149314109772
1 11.81248208686519
2 11.160580985926103
3 11.734583590868565
4 11.554206703687179
5 11.389759159432552
6 11.400718187204943
7 11.141545889126094
8 10.746790210625432
9 10.730209470840999
10 10.136627491523145
11 9.423069065926493
12 9.69727886752986
13 9.567697687081377
14 9.908764151627913
15 9.222894699373683
16 7.115525300052637
17 5.313271486862889
18 5.31897838545802
19 4.955118358211231
20 4.947260339838265
21 5.043422586696501
22 4.637111464494554
23 5.017208060495511
24 5.079737652402437
25 5.330851765327069
26 12.11970179179104
27 14.208433305096998
28 16.929336905664343
29 17.214660739802
30 19.04186194687193
31 19.141774402068044
32 19.850260190962754
33 19.920769751166983
34 20.15914829595774
35 20.078174782104693
36 21.40056704024637
37 23.786624981194223
38 24.711467293245114
39 24.57913172682331
40 25.06875705589901
41 26.7780319248551
42 27.009345972997995
43 27.713964578916734
44 28.56249510060854
45 28.540594312160593
46 29.670295682087158
47 30.750135156294213
48 31.664216853399672
49 32.24864652947895
50 32.31001838871373
51 33.45149635045469
freeSelLabel ILE 118
0 31.297512942585946
1 11.811931929308335
2 11.372775476358273
3 11.834215707659782
4 11.971178173394641
5 11.837891325309073
6 12.010573382354718
7 11.602912020312479
8 11.640012806810415
9 11.226796977374159
10 11.0488590510366
11 10.588461519043538
12 10.874454679079696
13 10.678776551425477
14 10.887254117651528
15 10.468517606134592
16 8.755318428758569
17 7.102348045535589
18 6.8193557531198685
19 6.444332974161009
20 5.751090040246137
21 5.40020432638074
22 5.243471963174916
23 5.730358726316608
24 5.438703568739915
25 5.499472108779383
26 11.626499040288234
27 12.876255367689659
28 15.572115880326843
29 16.188640223246292
30 17.594162763280433
31 17.7135680628164
32 18.047086518894755
33 18.5011749269046
34 18.98956444403429
35 18.621458845177138
36 18.598118029790864
37 20.848281665713603
38 21.695885638458797
39 21.770580409704735
40 22.558269535022117
41 23.776095514031855
42 24.454333332142365
43 24.587060925043
44 25.928509919656122
45 26.525010947935197
46 26.97369435656858
47 28.153488861924
48 29.428283669710368
49 30.02280228249593
50 30.121035945937738
51 31.29751627302552
freeSelLabel LEU 119
0 31.96931321854467
1 15.60619846720876
2 15.077962447769096
3 15.495169391365124
4 15.163102098674983
5 15.488797230491652
6 15.413274640830739
7 15.305572425211748
8 14.680646230697384
9 15.14818659236634
10 14.812363448145888
11 13.675365542681929
12 14.23763110890689
13 14.047064722740165
14 14.243548698965599
15 13.70449730201721
16 12.826450265736463
17 11.304450929688846
18 11.051420711697133
19 10.662689154992098
20 10.033151145084133
21 9.681427760758188
22 9.345577114515939
23 9.549681099423989
24 9.634615004077745
25 9.866644123100883
26 13.693038845002425
27 14.701561717261434
28 16.93577000755799
29 17.75877634576551
30 18.654255989216665
31 19.414123661841582
32 19.71172736233924
33 20.12202928110171
34 19.950264880145713
35 19.95859113640641
36 21.107129800109863
37 22.74042876194628
38 23.593576802434168
39 23.36226823911364
40 24.002323692478125
41 25.68388123404349
42 25.73553333241768
43 26.053335847431356
44 27.376254022304206
45 27.233586471087268
46 28.14871472677756
47 28.730294772281095
48 30.001306033576004
49 30.712773780576327
50 30.49417214818382
51 31.96931749564989
freeSelLabel ASN 120
0 29.493023697328184
1 16.750479204410116
2 16.28820718810645
3 16.73606719074465
4 16.25801120044549
5 16.87421506905221
6 16.33375663623167
7 16.63391933623844
8 15.981854247443268
9 16.132764422954033
10 15.538764786370015
11 14.789775232755586
12 14.737221758749918
13 14.690134325505833
14 14.74123935180095
15 14.65295854822464
16 11.95094732402191
17 9.504856265254267
18 9.406468428342093
19 8.249978386254531
20 7.956822543706929
21 7.711562454576252
22 7.507492303275005
23 7.248969558119545
24 7.5924331404696535
25 7.76485270603477
26 10.748951454811069
27 11.901424706574394
28 14.568235523481771
29 15.562127998625874
30 16.98604848687417
31 17.454254944969136
32 17.9445960966264
33 18.175516791606135
34 17.782372172819084
35 18.292019520577092
36 19.69170379638829
37 21.45508757508374
38 21.975236045866644
39 21.860730481784326
40 22.416783916310624
41 24.081960030607195
42 23.989928225609702
43 24.153884686897023
44 25.48229016579049
45 25.4647005013459
46 25.908718149972387
47 27.27728007981421
48 28.14035422390579
49 28.5734758249471
50 28.446747449749775
51 29.49302409817236
freeSelLabel LEU 121
0 26.807394544322698
1 16.195337420185833
2 15.844420879770556
3 16.82612163489335
4 15.894542082053762
5 16.108300538805704
6 16.780391754287784
7 15.884233537039162
8 15.918643181565075
9 15.29967345081644
10 15.383835491906042
11 14.932021481653475
12 14.604672089788489
13 14.470663988844734
14 14.528422502022877
15 13.347572433512445
16 10.218946395805304
17 7.805296122243645
18 7.362819946481623
19 6.963968707642991
20 6.1304362738538964
21 6.017343987602589
22 6.09799864741137
23 6.370912685071077
24 5.807166390465471
25 5.955613861818428
26 6.229723737026415
27 7.382283226116344
28 9.472010004029922
29 10.297012256641851
30 12.323714395895044
31 12.460221915654978
32 13.035609470631044
33 13.184051051686373
34 13.470111351612525
35 13.481385529440344
36 14.492768164806948
37 16.55428362647599
38 17.319413135657484
39 17.54070963479548
40 18.199552269171228
41 19.603012528998214
42 20.108723599207533
43 20.07199502049121
44 21.559679948770487
45 21.979323886491063
46 22.29644905118616
47 23.453725920112475
48 24.44802648195307
49 25.274545235216724
50 25.452323466218004
51 26.807395523585612
freeSelLabel CYS 122
0 26.38279015241005
1 18.184813830119413
2 18.04505679297762
3 18.839873707622726
4 18.68884365773247
5 18.67006657310036
6 18.612907699228128
7 18.259204178728314
8 18.305220678058642
9 17.963252129300088
10 18.27591110725445
11 17.147850021529333
12 17.646497283807825
13 17.30709098733109
14 17.464884690226242
15 16.368848246109085
16 14.405773705012704
17 12.679502153546782
18 11.19701707259218
19 11.001903022114185
20 9.827174527576693
21 9.460121682381645
22 9.682680583653235
23 9.859373324065144
24 9.172488345725084
25 9.636365474275015
26 9.629776446222815
27 10.238411273811705
28 11.445051900969597
29 11.793246497167654
30 12.90419028860631
31 13.68734840858085
32 14.053748502976884
33 14.04826509110519
34 14.234272693115678
35 14.08833483143579
36 15.479558845070862
37 17.26489589318201
38 17.633851489374713
39 17.39695694246477
40 18.153426539229137
41 19.434459317027844
42 19.80508189677708
43 20.346398304106387
44 21.682550294557807
45 21.486052321327477
46 22.466800805905137
47 23.352161118682425
48 24.29619420823191
49 25.16046631104096
50 25.30544782906018
51 26.382796671291377
freeSelLabel ALA 123
0 24.947487411212755
1 20.72779532610216
2 20.63381565354472
3 21.24384634191851
4 21.008392569665514
5 21.440849410956773
6 21.373061903762167
7 20.89809717533356
8 20.56625872247309
9 20.573911910518753
10 20.42685269860294
11 19.55355087980362
12 19.695159860491685
13 19.49564301564409
14 19.52228848011778
15 18.71583868435538
16 16.45702863194261
17 14.51002191822553
18 13.398821242367871
19 12.704253376497684
20 11.896838584779418
21 11.680405822538079
22 11.61392597414535
23 11.801901107181854
24 11.346153089790732
25 11.696162622281934
26 10.586702181185219
27 10.968512580774748
28 12.557480784661886
29 12.591282305906242
30 13.880569183945052
31 14.243157972672014
32 14.785451710045155
33 15.110099907524228
34 14.688869161309661
35 14.794447805482589
36 16.092558268935644
37 17.576995938296022
38 17.83801680329089
39 17.703480481938005
40 18.290304661515396
41 19.79057986055511
42 19.930655260981883
43 20.037196682571693
44 20.901741372444544
45 20.84486699984658
46 21.633339301612118
47 22.39335860783269
48 23.545795664732687
49 24.09937913384283
50 24.1752011356957
51 24.947494072935903
freeSelLabel ILE 124
0 22.56545772609548
1 21.402133055187132
2 21.01892575805482
3 22.024802704161935
4 21.572781974609196
5 22.0535581906443
6 21.5004322352471
7 21.487209552901135
8 21.27964820428657
9 21.014900233142864
10 20.948718494643995
11 19.849720154615813
12 19.878776045637277
13 19.845629580491355
14 20.090618260365414
15 19.34940338521287
16 15.743698102017525
17 12.81356370829296
18 12.063404019889973
19 11.249742658658187
20 10.929860476174001
21 10.546137044146814
22 10.66951179268222
23 10.705824954049149
24 10.090800517117142
25 10.589339027192981
26 7.041698191179389
27 7.561311966442976
28 9.51355752730642
29 9.343039773844321
30 10.253421748645025
31 11.124654352974924
32 11.826659131403845
33 11.808023133492888
34 11.091571661781098
35 12.104087829340381
36 12.783078089790083
37 14.595174954800472
38 14.843944798790105
39 14.854807555552865
40 15.581615761654215
41 16.919643210467832
42 17.07569802046529
43 17.336419574598175
44 18.039118910997818
45 18.206867656545278
46 18.921924137099044
47 19.728899627537373
48 20.934196010362395
49 21.237481280961216
50 21.493204020718405
51 22.565466075500435
freeSelLabel SER 125
0 21.082043090300136
1 22.20093792077958
2 21.83798739430917
3 22.779964492712207
4 22.574104545621434
5 22.59529342688902
6 22.498845680989913
7 22.31647014979548
8 22.16869584226777
9 21.810837808756137
10 21.67789623559117
11 20.813706574326922
12 21.19030686917256
13 20.734667461185946
14 21.066738980543832
15 20.13171571539474
16 17.037582283306573
17 14.701097735502994
18 13.51154955367356
19 12.869265332698891
20 12.113018305539143
21 11.770530866781826
22 11.65470931917397
23 11.941847845909832
24 11.017693503529781
25 11.74680992566365
26 6.8522821320682485
27 6.559485294709348
28 7.45768708682942
29 7.654853523922729
30 8.455403725811241
31 8.81959088866704
32 9.28807520336944
33 9.586270734675384
34 9.529590210652863
35 9.35901865804005
36 10.382337103957001
37 12.439698562822295
38 12.639152401949438
39 12.402719348869944
40 13.25385500285065
41 14.564568594398708
42 14.809402033346785
43 15.203422610261587
44 16.10010054589245
45 16.13536886878483
46 17.438620924938423
47 18.033669871791442
48 19.272041282406615
49 19.911414224625812
50 20.024598365200575
51 21.082050105329603
freeSelLabel ILE 126
0 21.755314539470564
1 24.73479377624161
2 24.42093597449102
3 25.57877764084594
4 25.221596882724565
5 25.121578480762594
6 25.262260120643887
7 24.63344950477972
8 24.65916241244931
9 24.570247484610565
10 24.33927377746332
11 23.662942318103806
12 24.072795956133834
13 23.49937612126162
14 23.607684405462447
15 22.993946750298672
16 20.332020131204597
17 18.452647559029195
18 17.286641991118692
19 16.713272264645898
20 15.695940984643675
21 15.524816048435047
22 15.323286714010454
23 15.76904567145682
24 14.997473689339156
25 15.774932360457019
26 11.78370601926645
27 11.123000869750555
28 11.33836707777061
29 11.842197797577061
30 11.951892343199214
31 12.434643640083658
32 12.655773587263202
33 13.254175365755145
34 13.217049994653712
35 12.458512455744096
36 13.724209764280907
37 14.974863170977683
38 15.219722477845565
39 14.882631575823561
40 15.16945233646521
41 16.91562330405647
42 16.454016947171944
43 16.858507190280346
44 17.565774909650806
45 17.444297429999867
46 18.55380982309197
47 19.09348614278098
48 20.285785594189026
49 20.640877313336336
50 20.5962326672641
51 21.755314658805833
freeSelLabel ASP 127
0 18.35177624076563
1 26.87102142734102
2 26.80477876324795
3 28.069465542675328
4 27.71199633208818
5 27.341116107516047
6 27.56909150985712
7 27.313242535919574
8 27.195214979896484
9 26.789339003239817
10 26.593174978292858
11 25.6300651492824
12 25.972067575223274
13 25.439492465463186
14 25.79363291418027
15 24.856104399747466
16 21.6262875645802
17 18.861518459672315
18 17.955138947011044
19 17.075120162228355
20 16.641872608473324
21 16.29889464528749
22 16.1538288852898
23 16.097536410555623
24 15.518979221820466
25 16.238332917085106
26 11.38916857481011
27 10.659625250317735
28 10.444110221579052
29 10.930616261749712
30 10.957147178055488
31 11.236930456327428
32 11.701505953382656
33 11.87666402314598
34 11.758576526306696
35 11.5748175813237
36 12.902094827773864
37 13.362290859958518
38 13.556989998271673
39 13.252234466548458
40 13.626511328183055
41 15.417719061095308
42 14.443089862899136
43 14.716545590183227
44 15.056586100083901
45 14.77411934601085
46 15.618456475803487
47 16.11169097351254
48 17.300326312866392
49 17.509514947774424
50 17.371292515101
51 18.35177624076563
freeSelLabel ARG 128
0 15.759703752400396
1 27.150848650249785
2 27.34978834548561
3 28.046685898630763
4 27.846387845562077
5 27.70942695982416
6 27.687401923322604
7 27.622238471659642
8 27.248128234342005
9 26.968794226800902
10 26.679961458724613
11 25.654695771559552
12 25.906196734316957
13 26.02957560628272
14 26.25712226515597
15 25.031071651892113
16 21.184588799738844
17 18.5358317970083
18 17.339099775997667
19 16.723224139107792
20 16.213567686461474
21 15.984045816304308
22 16.02824653784097
23 15.78564044001073
24 15.320859769739753
25 15.483308486084056
26 9.07714390717474
27 7.686800658112958
28 7.100233206753177
29 7.408973040949887
30 7.404169781767839
31 7.578918497445458
32 7.977725793296966
33 8.138504719997004
34 7.76910598947434
35 7.997192078880029
36 8.913716525697794
37 9.374482926213956
38 9.568396221940596
39 9.460455957520493
40 9.838633037691396
41 11.454886214431978
42 10.836565853582592
43 11.325183551061457
44 11.685009374322615
45 11.575126401184907
46 12.512382132264628
47 12.904940097636228
48 14.020097777343059
49 14.577394090429694
50 14.552230010863287
51 15.759703046091524
freeSelLabel TYR 129
0 17.703459972388387
1 28.693013128492588
2 28.29129038824732
3 29.37427881201139
4 29.288364296190792
5 28.876740519657538
6 29.062873100648346
7 28.829059701781414
8 28.715625307645016
9 28.36697717669656
10 28.402707193323675
11 27.402661534138115
12 27.76554444367429
13 27.47174942609313
14 27.627461599261213
15 26.83504073619512
16 24.102953538120403
17 22.317366624191262
18 21.17152590444494
19 20.468034420582573
20 19.46116995273486
21 19.203989381926956
22 19.144439002211843
23 19.199275411682635
24 18.80684134159341
25 19.335928504727192
26 12.510992331564125
27 10.813508601724948
28 9.220512468835794
29 9.708874023957804
30 9.370952986783578
31 8.909996492847903
32 9.67770581867949
33 9.72665319221403
34 9.784119419471446
35 9.76764364281145
36 10.655730040324125
37 10.799137441218337
38 11.206614314726918
39 10.661785185113846
40 11.046535106365438
41 12.495146822543838
42 12.473041051523042
43 12.521246037520577
44 12.934619148449295
45 13.495298148757886
46 14.411867526335646
47 15.182597907906521
48 16.195314660880392
49 16.558395910484474
50 16.560087860567926
51 17.70346679364646
freeSelLabel THR 130
0 16.352429303862984
1 30.899043615640892
2 30.929643380961735
3 32.07745318508437
4 31.620916669304815
5 31.48551664935766
6 31.53915241896097
7 31.13696819521857
8 31.084298560700372
9 30.512598258589488
10 30.2373935000038
11 29.67598281386471
12 29.925112945605218
13 29.48574037288819
14 29.993548424537387
15 29.13396694124496
16 25.97562107114639
17 23.811928032758665
18 22.78188126286822
19 21.790347708852668
20 21.283805972169336
21 20.671771675615908
22 20.615690723898428
23 20.750504610556874
24 20.105475706716874
25 20.697103944229305
26 14.832108925862023
27 13.621729823008907
28 12.189255695920588
29 12.855733044236155
30 12.43488675588851
31 12.03282027828417
32 12.754341175219068
33 12.717229850858306
34 12.745682108673275
35 12.351891135284099
36 13.37853427693245
37 13.135866402408592
38 13.509242088130748
39 12.882597565894722
40 13.230552518451047
41 14.702399877086245
42 13.661229271588889
43 13.44466373128276
44 13.761839450436709
45 13.410596463115809
46 14.141131584330179
47 14.499246447152135
48 15.6865558302579
49 15.65700565223249
50 15.510687128094947
51 16.352435625904814
freeSelLabel ALA 131
0 12.50504797412278
1 32.289667718191296
2 32.437168367757835
3 32.857575722480625
4 32.71616357895537
5 32.383736171393636
6 32.93824943289198
7 32.60639859017283
8 32.14483449181118
9 31.973102252922818
10 31.76668461420231
11 30.674955580851787
12 30.747878313215715
13 30.77608248770814
14 30.97509004533576
15 30.161929065253627
16 26.504989185404764
17 24.087157801776723
18 22.528828367412025
19 22.09104395141671
20 21.595465652853424
21 21.261170932780566
22 21.111582621168
23 20.864730554433233
24 20.457930344902007
25 20.70397552126079
26 14.007985757163345
27 12.467944343945735
28 10.771301489205523
29 11.082136349794025
30 10.388642590292703
31 10.522003379029842
32 10.860430007948267
33 10.666764445519519
34 10.463852516734859
35 10.536703833962608
36 11.295000617062005
37 10.128254158816828
38 10.089282012096294
39 9.9654209697295
40 10.114047402754396
41 11.434848402000547
42 10.056148237445866
43 9.710949413613426
44 10.287094497181311
45 9.533639418793795
46 9.976270523113268
47 10.652412476125765
48 11.632634598134041
49 11.700823424110846
50 11.59262210643731
51 12.505053044266088
freeSelLabel VAL 132
0 11.398857382457233
1 32.69628231233114
2 31.908693392709555
3 32.7747436576654
4 32.51115451724176
5 33.097731025747066
6 32.814808409487384
7 32.79644697875273
8 32.56461466635159
9 32.26160658838719
10 32.15621463884268
11 30.961084315626337
12 31.380896059967387
13 31.15319938198971
14 31.221163867118783
15 30.369882813305964
16 26.99628851302984
17 24.7348689548475
18 23.376543216248066
19 22.98240111077597
20 22.04664486838645
21 21.829978246117726
22 21.76242118628841
23 21.501423178674166
24 20.717796423435175
25 21.15208493493704
26 13.43742547654999
27 11.548041645921245
28 9.108063306948988
29 9.685958795364993
30 8.261104450056003
31 8.233265982093847
32 8.141507771481221
33 8.035456204885694
34 8.031234400872808
35 8.211439283343697
36 8.018248437044724
37 6.81193905971733
38 7.026991568776632
39 6.751136174472693
40 7.125107910110106
41 7.93096643132725
42 6.816329780451982
43 6.869340470903801
44 7.194321089755889
45 6.916649298078335
46 7.9991329576699
47 8.340419682869832
48 9.290342738631821
49 10.126621305582365
50 9.953131472901967
51 11.39886329607828
freeSelLabel VAL 133
0 13.571442802956353
1 34.14870532785559
2 33.5978962012917
3 34.89326795305052
4 34.53480479320296
5 34.396009096154614
6 34.40403226438093
7 34.23137194523775
8 34.24509071322681
9 33.695721984849676
10 33.856037706841335
11 32.80022092960215
12 33.21661401080509
13 33.07597997103707
14 33.32191618235572
15 32.35447882912532
16 29.367854074279055
17 27.5362813138645
18 25.958004474033395
19 25.556151105136678
20 24.803334607737604
21 24.581832530979938
22 24.414021727411377
23 24.10022793311171
24 23.69124841721024
25 24.54039332699551
26 17.128563642164963
27 15.557469874057798
28 13.00021152194992
29 13.686257248752227
30 12.778276003309191
31 12.375560507349698
32 12.678270556250066
33 12.573157475884166
34 12.649702185722921
35 12.607391298470962
36 12.73576152690179
37 11.589803494742737
38 11.921953805961673
39 11.668928552166072
40 11.856919375454696
41 12.561404481175604
42 11.242363728968625
43 11.61908104739353
44 11.93717382939635
45 11.006085941759707
46 11.900218366355706
47 12.134253462932254
48 12.81525753991107
49 12.94291073557666
50 12.834980865350017
51 13.571448102323659
freeSelLabel MET 134
0 13.049318902466636
1 36.05919043273726
2 35.94611792025463
3 37.18635482173726
4 36.46803169768023
5 36.48107175228675
6 36.59260184209696
7 36.249158316233654
8 35.9668936219245
9 35.82964076696125
10 35.343270963612014
11 34.783572322483074
12 34.96684455971815
13 35.03703633802423
14 35.025193151296065
15 34.37849314113815
16 30.84627379215336
17 28.727541109273727
18 27.39313045740783
19 26.699173878455312
20 26.60504546183284
21 25.7665519609296
22 25.739876485176378
23 25.64947179039508
24 24.678679659450765
25 25.755830414891992
26 18.90758395309256
27 17.445701269219626
28 15.451791912244904
29 16.45242558564921
30 15.19857215990976
31 15.094594486080652
32 15.50790939803837
33 15.010319229036043
34 15.31639609479875
35 15.017494122090921
36 15.52735372964839
37 14.08007656542165
38 14.298745121754857
39 13.972927446619455
40 14.15162417243374
41 15.14009015215895
42 13.721266373265914
43 13.152237309543295
44 13.26788801724659
45 12.13717742263372
46 12.991007946460417
47 12.99323487842994
48 13.846374922046353
49 13.199115122067889
50 13.202182740302852
51 13.049320676268206
freeSelLabel PRO 135
0 10.005939232578344
1 40.457251947817205
2 40.430398443245586
3 41.357526738567174
4 41.00547662127523
5 40.89151372230135
6 40.99234976207281
7 40.93847201923981
8 40.64747632069669
9 40.441844012826124
10 40.008424880159986
11 39.34488341876946
12 39.437482560386314
13 39.78886292379402
14 39.611205922676376
15 38.70020781291154
16 35.200299063750585
17 33.1900908567799
18 31.850150253468016
19 30.931522734958822
20 30.606790092681727
21 30.020227046803313
22 29.813531250675723
23 29.582663993175043
24 28.723383783794183
25 29.544904628662497
26 22.31699777354473
27 20.88672645789183
28 18.746983506448043
29 19.008096078434498
30 17.90984834906589
31 17.686118030818143
32 17.601938878926962
33 17.18052490219643
34 17.67246831213837
35 17.441171432527565
36 17.180980137857137
37 15.239927169842439
38 15.099518310225829
39 14.732161544543265
40 14.603610509536745
41 14.746143883129365
42 13.989365650853797
43 13.116987712450713
44 12.394921585711435
45 11.229346716608854
46 11.469350081290063
47 11.451969063923295
48 12.128447777822085
49 11.0821014737352
50 10.861937654345295
51 10.005938830864103
freeSelLabel VAL 136
0 11.42662579913547
1 40.817677554093514
2 41.25198992429998
3 42.030130309421644
4 41.91989308956472
5 41.812607458492536
6 42.05571945751676
7 42.112864368093234
8 41.590241216589106
9 41.65751162124366
10 41.22056002247155
11 40.31170215981455
12 40.126608928515104
13 39.9366671065533
14 40.395901963294016
15 39.30045927873215
16 35.77193267208513
17 32.924556876056016
18 31.986346663054412
19 31.3645633479408
20 30.932653909866506
21 30.431133848683206
22 30.570197495551753
23 30.046793847873058
24 29.65002730625264
25 30.06158384526583
26 23.37114945182219
27 21.998982282540595
28 19.856263575183384
29 19.77287832969657
30 19.410252140838814
31 19.077304191717623
32 19.128758216454905
33 19.447755338988983
34 18.868619337967218
35 18.56813871080214
36 18.978249602407807
37 17.402438301663576
38 17.393243828219347
39 16.811377858230472
40 17.03214283967365
41 17.39784754044827
42 15.738465141121488
43 14.662510733828805
44 14.346043759058789
45 13.099196824862302
46 12.2920204611229
47 12.550844281922416
48 12.846512291219167
49 12.094502666341965
50 11.629526801624733
51 11.42662619854319
freeSelLabel TYR 138
0 14.146689418401838
1 34.03684183222771
2 34.66895985496288
3 35.42968077038956
4 35.339031037695285
5 35.25367015361775
6 35.30863020809524
7 35.390252360917195
8 34.984625829636734
9 34.82894787409748
10 34.541681533973616
11 33.49821500216982
12 33.453991551584025
13 33.22917640725584
14 33.68254462610708
15 32.54020765343453
16 28.972874460704425
17 26.22091095211726
18 25.265691892882227
19 24.492975161905395
20 24.06085152591751
21 23.68355468420324
22 23.696633197158594
23 23.148588430066216
24 22.778337409192186
25 23.372971445630537
26 17.578499988702813
27 16.24957812338849
28 14.970793723587626
29 15.169692241156422
30 14.879894067829719
31 14.833933815433317
32 14.936075750706113
33 15.444364064005146
34 15.053812051046885
35 14.921872409811282
36 15.65833465207946
37 14.89367475657771
38 14.827333093962464
39 14.474262741930463
40 14.706821407617795
41 15.84843008683592
42 14.378567349081454
43 13.775875050782496
44 13.88798970394716
45 13.142940636985255
46 13.070080412333374
47 13.678933523684865
48 14.445162941631144
49 14.039769274686128
50 13.735604080297245
51 14.146686728563413
freeSelLabel VAL 164
0 40.5781940453239
1 14.135025675657685
2 13.286098387573757
3 13.986420406774773
4 13.628856522932592
5 13.76258975263988
6 13.754151189631076
7 13.528457836706584
8 13.584136239538948
9 13.470584386978924
10 13.482347303842445
11 12.924775756461782
12 13.359898678254448
13 13.00294396166378
14 13.824913972817928
15 13.321824867889527
16 15.717007904895155
17 16.844715018010817
18 17.060104249959704
19 16.968349952785537
20 16.237916024610378
21 16.422297804339237
22 16.060062857703276
23 16.70675908062244
24 16.389793459482398
25 17.20427471417987
26 21.880765590591142
27 23.27126364240489
28 25.217453800515475
29 26.111347737819646
30 27.308244486197044
31 27.32627812598619
32 27.990311359788187
33 28.60445174435711
34 28.704749665105357
35 28.20508466902305
36 29.652203155657908
37 31.514348619749093
38 32.12779238917136
39 32.268884280814525
40 32.85684073801575
41 34.285421397451
42 34.73943233761203
43 35.14352614203551
44 36.192046513504984
45 36.25731315469347
46 37.18436481901656
47 37.93180548640519
48 38.91107153631405
49 39.71982413066529
50 39.58827406674265
51 40.57820012347334
freeSelLabel SER 165
0 44.41120633029194
1 12.568623400023732
2 12.364688621242323
3 12.649215626539362
4 12.395622777731365
5 12.2940892555091
6 12.47495504321228
7 12.41338908393256
8 12.438253807415737
9 12.482759495364343
10 13.114539881138297
11 12.488146109993554
12 12.466149230475574
13 12.17642873654584
14 12.734758641010778
15 12.70850025895794
16 15.407706863393868
17 16.959045209438777
18 17.443102080591334
19 17.340912294879733
20 17.702587439988534
21 17.579457205338883
22 16.973895543113816
23 17.7140927862203
24 17.89542703046177
25 18.392761726049656
26 24.733849757077014
27 26.10086555246041
28 28.49156798299336
29 29.185356130085438
30 30.486760478460138
31 30.42061319249342
32 31.207623572606558
33 31.661613720595444
34 31.872452105188767
35 31.478599910774697
36 32.817672460599496
37 34.74618239559447
38 35.80064319024655
39 35.50888293998736
40 36.16399463351716
41 37.70206896638257
42 38.01785141183389
43 38.720661971702405
44 39.80210844142676
45 39.65084541355731
46 40.66015176615715
47 41.429847181349984
48 42.41931972134249
49 43.22615159458734
50 43.1592870532522
51 44.41121313954395
freeSelLabel LEU 168
0 49.22296341046587
1 12.795122790074007
2 12.143499856046104
3 12.402867223428686
4 12.56224531041358
5 12.37571142512307
6 12.526317849360726
7 12.773979752237882
8 12.421138035226777
9 12.725475545558666
10 13.456897541546162
11 13.364060979767197
12 13.725768066874043
13 13.571435227070085
14 13.636672742916943
15 14.043388649230469
16 17.695222591833065
17 20.063053002565685
18 20.758540218586262
19 20.67610420450313
20 21.00222124977552
21 21.10780936926715
22 20.933543124836557
23 21.02480569891525
24 21.489522680360544
25 22.035389523678976
26 28.637562995125386
27 29.942237397214836
28 32.082410091410274
29 32.886292145030716
30 34.71405683481713
31 34.4373748263139
32 35.006198918609456
33 35.7843653584229
34 35.1361793097287
35 35.05325421385224
36 36.951581390379495
37 39.10824947339007
38 39.88249869402884
39 40.07820385116775
40 40.28177318420906
41 42.359732161734634
42 42.95208191816169
43 43.395625260601044
44 44.946129697615284
45 44.02503415956971
46 45.59440443385374
47 46.581892152377925
48 46.709403185527464
49 47.96288672334192
50 48.1125114432258
51 49.222966185495
freeSelLabel SER 182
0 53.85329514485201
1 10.437484173965633
2 10.631745282200436
3 10.60865346208763
4 10.574743140898356
5 10.192445516511212
6 10.939481350743252
7 10.621830330278737
8 10.880313126174014
9 11.07158019717177
10 11.934613040309534
11 12.689175474313334
12 12.648004690589698
13 12.538882493686902
14 12.046397755003598
15 12.827959630389774
16 16.876034877062285
17 19.788904625123923
18 21.022804789733826
19 21.148086444162022
20 21.833850231432336
21 22.07635975971798
22 22.253672275330292
23 23.204543234203904
24 24.196382067394417
25 23.888595335114992
26 31.732237141342726
27 33.46215218433996
28 35.92884960822117
29 36.550876906632624
30 37.77858885418001
31 37.84027025329955
32 37.81095302545992
33 37.66781532005885
34 37.996970138221734
35 37.60386477330432
36 39.40502526547219
37 42.46738330968136
38 43.5015876508095
39 43.59422437462052
40 44.02282593574914
41 46.109431070776445
42 46.47075655572993
43 47.38558979841597
44 48.69168186882604
45 48.66736874261194
46 49.95629067826152
47 50.81127760496558
48 51.13902678296156
49 52.062445698906124
50 52.349581448263976
51 53.8532994857137
freeSelLabel ILE 183
0 49.5031683058873
1 9.886169161299048
2 10.110503081740985
3 9.318606709147593
4 9.652921718982377
5 9.230472102761448
6 9.427423236062712
7 9.378854439811874
8 9.64793207821842
9 9.577144845306771
10 10.589355699564429
11 10.46801837787912
12 10.927660035481289
13 11.048191111491096
14 10.526748568019132
15 11.03107483229937
16 14.867702529476329
17 18.630880064155388
18 19.121803692857693
19 19.930383659059903
20 20.38393309891359
21 19.816198537068583
22 20.019673717749264
23 20.161334275337484
24 20.457551688612387
25 20.5767531195269
26 28.449763432742902
27 30.35270250240525
28 32.38467827978628
29 33.19166398674259
30 34.85357747075503
31 34.82257653395627
32 34.59538935090478
33 35.10068329907931
34 35.587941751548854
35 35.18332410703968
36 36.21243831285783
37 38.6505277123279
38 40.268574240282256
39 40.89220498442224
40 40.80951276861295
41 42.32772609410565
42 43.13021052480488
43 43.6696598873033
44 44.589283843953304
45 44.80807557415802
46 46.26150569707132
47 46.84513136083866
48 46.88965345861118
49 48.11544947298942
50 48.338075910972094
51 49.503172078869234
freeSelLabel SER 184
0 53.536740598706515
1 10.80000893864966
2 10.833152408637284
3 11.145910302628371
4 11.322093468230316
5 11.497699623700342
6 12.159185788806505
7 12.022485877424526
8 12.400353916940173
9 12.567375515022112
10 13.632867106473531
11 13.852832870226308
12 13.974159962794626
13 14.15105850659367
14 13.804715969595199
15 14.170702374768885
16 18.97405335586005
17 22.141880344207348
18 22.748319853425116
19 23.582046715717787
20 23.452732829764575
21 23.811832376109606
22 23.65430383024977
23 24.38231838395949
24 24.69072733910947
25 24.53504377911937
26 31.313492854601
27 33.39218471425362
28 35.567946009703014
29 36.149793787738744
30 37.308103728487524
31 37.60319707137673
32 38.15060474635649
33 38.15691798768141
34 38.24918060212454
35 38.32128710266859
36 39.765070844478664
37 42.57077915302271
38 44.28220615206952
39 44.61970682882712
40 44.73248340196323
41 46.01448587635127
42 47.15295270070516
43 47.77346790348943
44 48.15331719284922
45 48.82296212835265
46 50.03698786886456
47 50.55191207593382
48 51.21488031719812
49 52.57511387514092
50 52.18114800200933
51 53.536744511283636
freeSelLabel ASN 185
0 53.39856477749722
1 13.196444998335188
2 13.48954464800497
3 13.62145719456743
4 13.323620648314465
5 13.578824494028757
6 14.043468426846486
7 13.767474587614377
8 13.79305910970365
9 14.20601336134644
10 14.972132072901253
11 15.310817509872026
12 15.519556306785839
13 15.097417732196972
14 15.265918164015407
15 15.881287543013554
16 20.489764650598794
17 23.283003038071854
18 24.01246682027634
19 23.986897076905773
20 24.15138823622606
21 24.622595167767958
22 24.433212336005663
23 24.957688680005077
24 25.418791984456547
25 25.63018235239877
26 31.959122585408892
27 33.12951750304796
28 35.517215175528946
29 36.27157429981487
30 37.68064708455858
31 37.46205319735865
32 37.8928128883141
33 38.65355568183097
34 38.453609348067936
35 37.64631882613399
36 39.2176175392789
37 41.943163558795305
38 42.84572935456809
39 43.01786841648143
40 43.1040683474583
41 44.99675988369881
42 45.57257556090696
43 46.56842402405454
44 47.668495146203924
45 47.242956714467695
46 48.81812973309009
47 49.71676257173993
48 50.916275106358206
49 51.637367754179856
50 51.57192166842944
51 53.39856856811196
freeSelLabel PHE 188
0 48.45220464012771
1 11.184880947079748
2 11.297661299172589
3 11.848728881182783
4 11.140219670610152
5 11.28141269900711
6 11.552025288043517
7 11.340461906841332
8 11.188038213607765
9 11.459172812319137
10 12.068310728968793
11 12.379528862843198
12 11.432218328427954
13 12.282190586252288
14 12.005490968809244
15 12.620666035615432
16 16.737066831816165
17 18.88818593503428
18 19.772202717852444
19 19.98593591136112
20 19.718819618373036
21 20.24159832974476
22 19.90645201132356
23 20.642678663243625
24 20.821438716594848
25 21.273482621798706
26 27.34944656161705
27 28.842710051389265
28 30.56752673564741
29 31.66405216743185
30 33.06911728618529
31 33.0839902985152
32 33.564625599175855
33 33.90059710155843
34 33.649215481603015
35 33.38690958812955
36 35.04626631346092
37 37.595069734781546
38 38.593505800478134
39 38.44826277254056
40 38.41266609400919
41 40.43949284636991
42 41.38214701047769
43 42.04141359702585
44 43.19706393598647
45 42.72845395719538
46 44.62631916145868
47 45.1563286894142
48 45.94964207140884
49 46.950852218860426
50 47.212264577290505
51 48.45220787000765
freeSelLabel VAL 189
0 47.6361422668787
1 8.992225961392615
2 8.90946150686599
3 9.145209859074772
4 9.062436692454268
5 8.955399911746346
6 9.178122793211623
7 9.240579212281173
8 9.018759890081888
9 9.566507662698193
10 9.892285672842068
11 10.180497061662903
12 10.019004457979632
13 9.918900097084075
14 9.91894215428296
15 10.596997251659191
16 15.02815125654797
17 17.616032458939262
18 18.406903335048764
19 18.779327148657437
20 18.896284769967572
21 19.149750508208623
22 19.05934780063584
23 19.368344827055356
24 20.016367725503237
25 19.902607796228253
26 25.666529802274912
27 27.03026778626404
28 29.13662849717025
29 29.82189439510535
30 31.133802570199002
31 31.256098541723556
32 31.72699962631632
33 31.884049433147315
34 31.783793415075117
35 31.453654736456745
36 33.24084024941436
37 35.588635834350065
38 36.53645987897247
39 36.68763403890641
40 36.65781108420961
41 38.24442567004009
42 39.136483105174506
43 40.2733849723652
44 41.558184686959954
45 41.40190277823026
46 42.83873977380434
47 43.76981196561127
48 44.70729825095436
49 45.73815788857526
50 45.72650056763537
51 47.636149660839514
freeSelLabel ILE 190
0 45.95489698333557
1 13.09400690169353
2 12.770637338521443
3 13.23593783426723
4 13.26662611782453
5 13.124089333605884
6 13.289064324333912
7 13.356548606130671
8 12.962547286981513
9 13.073728298815874
10 13.353276320586923
11 13.490767851998223
12 13.816323337622444
13 13.558290739290573
14 13.609808907982067
15 14.020388052347199
16 17.408912828768866
17 19.87635617596576
18 20.399580123768896
19 20.6207570265561
20 20.66608984413244
21 20.74470230719923
22 20.942032257519585
23 21.030145624066034
24 21.68011817768642
25 21.413857648173337
26 25.102719456129
27 26.31045113977847
28 27.605144359651078
29 28.817666496928304
30 29.817951455523502
31 29.557701271375127
32 30.947062204057737
33 30.782996593342027
34 30.817872976605802
35 30.66400654152061
36 31.862512540255544
37 34.47403902534067
38 34.86894828463279
39 35.460976241081745
40 35.342539201821
41 37.098015631755395
42 38.01080480313218
43 38.94274419622626
44 40.16100668709403
45 39.71548757927984
46 41.3482257156121
47 42.37148353116991
48 43.39203179191639
49 44.15637773207352
50 44.06615302698955
51 45.9549045204732
freeSelLabel SER 192
0 43.56100090254045
1 8.921964085882388
2 8.789054307956363
3 9.324582428653093
4 8.975671194620833
5 8.878447995684091
6 9.39861854476374
7 8.958779373872384
8 8.610241573875527
9 8.963491239626407
10 8.814190919841145
11 9.072348092550847
12 8.927077476438445
13 8.695731848559241
14 8.693535567176909
15 8.899393800032504
16 12.581690526299033
17 14.922239619595477
18 15.647039796192033
19 15.658104177489777
20 15.236148257809813
21 15.746187481257184
22 15.76689502455787
23 16.162932355888174
24 16.374430903696485
25 16.414544794675816
26 21.90949498953196
27 23.574869583385937
28 25.639591549591987
29 26.470754929291655
30 28.158025311723687
31 27.99641236361266
32 28.468144542620987
33 28.71220115959861
34 28.732299022481588
35 28.48267766363195
36 29.88420806161566
37 32.45238925461938
38 33.13366081440357
39 33.43258439508983
40 33.57457766322917
41 35.16693094972013
42 35.91862482553679
43 36.71228945486456
44 37.99016635101343
45 37.80939627126082
46 39.30815034417891
47 40.05957539978121
48 41.05641958206596
49 41.96955665558498
50 42.1239069665827
51 43.561004244582165
freeSelLabel SER 193
0 41.793067262157976
1 8.292716696274455
2 7.9914636656769265
3 8.017447293743746
4 8.378094616674856
5 8.242287532043617
6 8.45497405921261
7 8.537927040724975
8 8.202663926894676
9 8.160201443671903
10 8.347329109205992
11 8.537352847695733
12 8.866955904652873
13 8.46371655837025
14 8.519851961518615
15 8.888737803999392
16 11.888973378981078
17 14.340351908373165
18 14.791816100001279
19 14.950629499448889
20 14.921908984558005
21 15.069351653582643
22 15.276728778563166
23 15.547867487597197
24 16.08604567438042
25 15.899516448522084
26 20.39913245185637
27 21.623976469643356
28 23.493856027497294
29 24.31038950619009
30 25.716755752333537
31 25.58682570440843
32 26.03079835905841
33 26.278946058617365
34 26.54025691072919
35 26.11792158275373
36 27.667361069620497
37 30.206855263153678
38 30.935643574157577
39 31.116206021681744
40 31.099369405735246
41 32.626889790185494
42 33.50758389053538
43 34.6438535699283
44 36.04594685705894
45 35.63979636561158
46 37.353655466821095
47 38.39323441413931
48 39.15597558056856
49 39.80765328517193
50 40.33021519188452
51 41.793074858491025
freeSelLabel VAL 195
0 38.166897952562664
1 12.976655196273752
2 12.649018985462314
3 12.782221579362426
4 12.82702830914819
5 12.54652287921326
6 13.445656112078973
7 12.927286917713435
8 12.250200179084505
9 12.656352978885137
10 12.537854787023802
11 12.286213352208643
12 12.753398650359305
13 12.31338371361031
14 12.531556862331135
15 12.327957953741114
16 13.080110473131983
17 13.780856556297302
18 14.333809027028808
19 14.184990488096249
20 13.307931852028846
21 13.709559363617679
22 14.068813186648072
23 13.82757696364429
24 14.049054386731987
25 14.081442177870848
26 17.74772456821634
27 18.902624649299202
28 21.121784394431867
29 21.94644845697136
30 23.02742804550865
31 23.065994839229447
32 24.19134710315233
33 24.149699560959235
34 24.962347666436752
35 24.53277133827539
36 25.3789392997394
37 27.94483937359349
38 28.935382891291983
39 28.512799305177364
40 28.993339319903296
41 31.16113576421709
42 30.854838765040498
43 31.67797560227783
44 32.950113112882136
45 32.74422758230123
46 34.10252806714944
47 35.203020709148355
48 36.02769098993101
49 36.76630816756433
50 37.0385065372893
51 38.166901702000644
freeSelLabel SER 196
0 37.763191498056344
1 8.628876729327741
2 8.782147694160619
3 8.739851013930311
4 8.83544113396586
5 8.870173611752906
6 9.096880592749356
7 8.836373930255075
8 8.310762149931264
9 8.365084783125141
10 8.273808237181948
11 7.741082232298299
12 8.374795636422983
13 8.147093253337847
14 7.963584983474462
15 7.735242227472644
16 8.622558451856289
17 9.91870085666814
18 10.587513592139892
19 10.395976299047977
20 10.154921583943592
21 10.501735853996015
22 10.50792037452226
23 10.493189509066319
24 11.058663069754495
25 10.969869278378189
26 15.691395360510496
27 17.236035013419734
28 19.86542596050294
29 20.633775219077968
30 22.10148377352451
31 21.79869491938714
32 22.650509661860763
33 22.545577139039644
34 23.08129119165769
35 22.8575232772674
36 24.299301441250172
37 26.761606382781807
38 27.323915199838044
39 27.51336804008826
40 27.720988189675644
41 29.520769662396063
42 30.358389212768838
43 31.242465936545422
44 32.34082328978248
45 31.953639772523434
46 33.33522618480769
47 34.40362859898628
48 35.24506112291898
49 35.96539421579271
50 36.22054912042479
51 37.76319501287101
freeSelLabel PHE 197
0 35.49351686106255
1 10.392850472893807
2 10.051248395727125
3 10.11084051269532
4 10.029539337741994
5 10.070909191113067
6 10.078503746660829
7 9.970644519327921
8 10.04215883005825
9 9.566639155669357
10 10.380731439707846
11 9.83439684733787
12 9.966635552831985
13 9.798785274297618
14 9.832052143398684
15 9.593081961522751
16 9.496324670317232
17 11.25852366817201
18 11.22514904086068
19 11.419334898817528
20 11.957710954808798
21 12.066399978281154
22 11.890114407348488
23 12.116783800401334
24 12.32472606244407
25 12.248356097157686
26 14.47159142167222
27 15.625548557709548
28 17.04924992716682
29 17.8543209933063
30 19.25843557528992
31 19.01033399742494
32 19.54805768968669
33 19.689758774986238
34 19.88305293105659
35 19.787751550670297
36 20.975137147800123
37 23.61480646428622
38 25.086079967433047
39 24.92927402856984
40 25.472250410157677
41 26.621201209784203
42 27.156993397117464
43 28.244425735647987
44 29.94338645858181
45 29.400938348205315
46 31.22904256328415
47 32.0568403522226
48 32.6099291267733
49 33.54377011099616
50 33.68526656000312
51 35.49352450649957
freeSelLabel PRO 200
0 31.71539893032953
1 15.15921361048887
2 14.775679998479294
3 14.781043762293068
4 15.09642701188556
5 14.957084858899739
6 14.849485034084502
7 14.814312601946522
8 14.37267078211931
9 14.205803374449436
10 14.365751174380131
11 13.58360973359828
12 14.020622190028742
13 14.461297201469545
14 14.528957904473886
15 13.340448251319927
16 12.645397779428134
17 12.162531270565523
18 11.834911062209365
19 11.140330439649306
20 10.864813154360283
21 10.415547994525179
22 10.519020137237874
23 10.544977255920767
24 10.118498140476712
25 10.27376264989196
26 11.52764223698826
27 11.97867063993499
28 13.967259208324313
29 14.58067997714639
30 15.750210560575766
31 16.03301913892317
32 16.853897808294956
33 16.94265153167738
34 17.516529361712166
35 17.122675193796795
36 18.580803140615593
37 20.897578762215225
38 21.55055498630777
39 21.533246491343597
40 21.61240693401341
41 23.775197310557008
42 24.172283182879262
43 24.691493426119415
44 26.134571801164373
45 25.930679373415387
46 27.472351280855808
47 28.493599465706655
48 29.05405266614897
49 29.85313825109122
50 30.497196440106528
51 31.715402706406536
freeSelLabel PHE 201
0 30.531909744809127
1 15.058946762969152
2 15.528419242095147
3 16.08257552879878
4 15.216146830763467
5 15.598354041939679
6 15.614957733340425
7 15.042926754117602
8 15.407971678168815
9 14.545622873944048
10 14.91010838072604
11 14.737358487181409
12 14.89787804993136
13 14.812146459140592
14 15.498953696917983
15 14.45444626404929
16 13.121437991239729
17 13.465318846822345
18 12.561818164868487
19 12.452509694153552
20 12.318411312435405
21 12.980718401459383
22 12.827130668421477
23 13.213422041646073
24 12.468951217910499
25 12.16031850902367
26 10.384915769346874
27 12.838758826247913
28 13.470001950645392
29 13.88726136820258
30 15.922370015419142
31 14.960533856216275
32 15.873823601198009
33 15.690668656839486
34 15.795209189989757
35 15.002354120299662
36 15.950942330361215
37 19.00847611319627
38 19.83660213542242
39 19.924062914372158
40 20.073343434742018
41 21.916428174484274
42 22.67839955209724
43 23.370138359638897
44 24.922289429512254
45 24.334032960318236
46 25.623954198443425
47 27.31840771116463
48 27.427574633382847
49 28.19998700098847
50 28.64458946710631
51 30.53191366917251
freeSelLabel THR 204
0 25.32515060629565
1 19.069991788769197
2 19.341174924086427
3 19.767142424363648
4 19.60595987792231
5 19.723688498967885
6 19.45142581636283
7 19.12830752365933
8 19.2725517378905
9 18.5909289904901
10 18.78102046899496
11 17.923973671459617
12 18.19291108023124
13 18.37740544517326
14 18.73346828270069
15 17.748207075854282
16 15.288276123654844
17 14.425392937531514
18 13.227103898596969
19 13.178438037943168
20 12.10078283700231
21 11.940558183527473
22 12.04299386633911
23 11.829328512537808
24 10.92217609781408
25 11.033295750836043
26 7.525542175285302
27 7.081795760147484
28 8.405419438312288
29 8.778197771667953
30 10.079213758747537
31 9.87470053745071
32 10.909850035300643
33 10.85180274873628
34 11.679805361149603
35 11.033730678533834
36 11.823396861114546
37 14.45023691546153
38 15.074113397202968
39 14.893478302614245
40 15.133199498334811
41 17.219391130534316
42 17.481990089527976
43 18.259173837526873
44 19.659762811489582
45 19.47816675358077
46 20.95784153109151
47 22.091605189974285
48 22.83060276472109
49 23.638281964927742
50 24.044708640128505
51 25.32515784728852
freeSelLabel VAL 207
0 21.220663806259058
1 24.209345315649127
2 24.955900998592597
3 25.40278830862304
4 25.311997505688527
5 25.114168133239303
6 25.025163932782167
7 24.380557594291773
8 24.508936165477543
9 23.959751883216168
10 24.21682550039383
11 23.81706917715453
12 23.72864360272409
13 23.837322815478828
14 23.988825909532554
15 22.78157606207483
16 20.560417924696075
17 18.637521775276003
18 17.54155924154414
19 17.163223441423213
20 16.124638198056182
21 16.26080009368337
22 16.049293279687834
23 15.856204216035996
24 15.07782434745673
25 15.419450837360412
26 10.054174221808083
27 8.620348589670838
28 8.190085669212051
29 8.43697246686398
30 8.959312548911091
31 9.009378461980255
32 9.472522684245117
33 9.348678455075907
34 9.728650779816705
35 9.496298183632438
36 10.651594913271504
37 12.017427743224069
38 12.424363486549712
39 12.34062560492018
40 12.598617833748227
41 14.189490465315362
42 14.318523206163574
43 14.889469177958098
44 16.131765412530452
45 15.466561819970615
46 17.296382933018467
47 18.237932207553083
48 18.75267283957147
49 19.23934358603159
50 19.806272133448708
51 21.22067117332186
freeSelLabel TYR 208
0 19.766978806886137
1 23.39919100814464
2 23.46660102854768
3 23.920883960520587
4 23.91459066950038
5 24.077626421928844
6 23.628529002989502
7 23.4181394365922
8 23.591337702968083
9 22.990862708141073
10 22.863762244666937
11 21.87239564383948
12 22.597584817777587
13 22.632867954799305
14 22.45328838194053
15 21.671358193003954
16 19.048229713474967
17 16.72635519283785
18 15.684515053617968
19 15.169028896537034
20 14.569875813168467
21 14.399665153675107
22 14.369403558517595
23 14.133503189980448
24 13.211754328884483
25 13.884714542110546
26 6.690204001511635
27 5.4020378001512945
28 4.4436671447291145
29 4.4691619768189135
30 5.26223417744989
31 5.132793130370412
32 5.379994987251715
33 5.4291509707172345
34 6.0478443261039265
35 5.648166577487662
36 6.458973866886165
37 8.904958474611826
38 9.178244157612067
39 9.279843790322868
40 9.369090672018993
41 11.424788654886298
42 11.693218692630012
43 12.507950126754599
44 13.991039021418569
45 13.876374723117484
46 15.44890209669061
47 16.401568746251453
48 17.18235490803659
49 18.25364374638622
50 18.694169184978787
51 19.766986399962484
freeSelLabel ALA 209
0 21.28047313069436
1 27.077240701361156
2 26.99280814303052
3 27.3217778456951
4 27.273851711291186
5 27.53759162469673
6 27.628866070430718
7 27.090029483692582
8 27.308372250394754
9 26.837000478963315
10 26.61573894652369
11 26.257149432025415
12 26.304114590801095
13 26.556367483463212
14 26.96805180488086
15 25.85564656816642
16 23.54640179839708
17 22.277687262593485
18 21.191663481806334
19 20.811362977443824
20 19.96443398982224
21 20.164885721431833
22 20.114326639515802
23 19.85483394405792
24 18.891760323292328
25 19.25593350971745
26 12.658474950742432
27 11.474040210054062
28 9.949262042126714
29 9.82587026903305
30 10.073244466142985
31 9.524920482182269
32 9.497494196345464
33 9.455292728816609
34 10.02846973482688
35 9.526053518557188
36 9.593047341570328
37 10.999704856237578
38 10.988005385518354
39 11.272088452257401
40 11.116356283776797
41 12.130858230489522
42 12.916955834278948
43 13.984494043234948
44 14.96176095085267
45 14.990490861312416
46 17.07216521686976
47 17.683948972085638
48 18.348745465072785
49 19.523632328531267
50 19.670515675369522
51 21.280480448464616
freeSelLabel ARG 210
0 19.428748225901266
1 30.853636974116405
2 30.76292318524145
3 31.28976224564693
4 30.958371423104413
5 31.16567567125702
6 30.80125261863764
7 30.543185140470293
8 30.422174685142515
9 30.29858068895498
10 30.14154475665261
11 29.565467760796537
12 30.008830071912893
13 30.190310941007848
14 30.04876783545079
15 29.1800319171151
16 26.979798998496523
17 25.38082100577847
18 24.415820271512946
19 23.98389261208352
20 23.042783392882573
21 23.112179150088373
22 22.961428722313546
23 22.652107562709755
24 21.709601024090254
25 22.211592292666104
26 15.433497022686682
27 13.986473801183683
28 12.092909829236714
29 12.224736274685858
30 12.10706465640385
31 11.72992659536149
32 11.964289130785897
33 11.899838784256357
34 12.187778941177179
35 12.11701527250059
36 11.913761083013414
37 11.996074968172005
38 12.230658972071703
39 12.141703715204185
40 12.340453794553147
41 13.047770956244126
42 13.427111391270904
43 13.962194313195841
44 14.779466789313407
45 14.48264694779924
46 16.137215443904434
47 16.485254022982232
48 17.187725463859955
49 17.866692733592515
50 17.932912410235893
51 19.428754731220113
freeSelLabel ILE 211
0 15.473942901129808
1 29.04605470698065
2 28.56627570867949
3 29.792689639931755
4 29.375756627116008
5 29.371357000850924
6 29.592477300891268
7 29.126278410517163
8 29.13310259379118
9 28.903468667619432
10 28.4357208712514
11 27.87050665463767
12 28.167287813915653
13 28.299121459128045
14 27.776685101201895
15 26.768621093400917
16 24.100699261057148
17 22.116356658852958
18 20.919628457256653
19 20.39275567331573
20 19.637697292264292
21 19.399520003873626
22 19.60328036525684
23 19.236178005402735
24 18.008278818480537
25 18.709498521335764
26 11.021940452854972
27 8.876835249873723
28 6.602674797837582
29 6.73140606734566
30 5.965879068668609
31 5.6423343709037965
32 5.652181732658356
33 5.748182420963054
34 5.783081390373301
35 5.718059771381541
36 5.695782116371408
37 6.086592542252438
38 6.316538531490467
39 6.472068331939548
40 6.498648327202386
41 7.955595036341234
42 8.110378113447826
43 8.97716253173622
44 9.760119890389298
45 9.478654977185043
46 11.387000790354573
47 12.158268032202333
48 12.740431180133069
49 13.826726752763815
50 13.80536096660334
51 15.47394275191288
freeSelLabel TYR 212
0 17.340701404927863
1 31.848303093945056
2 31.708299937692157
3 32.610229410288206
4 32.05016433699417
5 32.01464378016936
6 31.741151872824958
7 31.758388383754813
8 31.399806720363426
9 31.378541123035887
10 30.562726685268977
11 30.130171459280305
12 30.81444167582669
13 30.892721141329275
14 30.522205954418745
15 29.6251863075235
16 26.874881428972305
17 24.848884790846135
18 24.247529173352955
19 23.778095301809977
20 23.167113139881483
21 23.515574802233914
22 23.611006926748434
23 23.195202557703
24 22.116647098267904
25 22.195268680003988
26 14.627020031623461
27 12.909873020129124
28 10.10046171842625
29 9.490448288868462
30 8.798081241051765
31 8.607363941387236
32 8.12601910853492
33 8.12819389884138
34 8.2699465790951
35 8.143747502607932
36 7.276246201127838
37 7.399283915255913
38 7.183538971751441
39 7.55828839150008
40 7.4605804329862195
41 7.338445897750918
42 8.254754717600855
43 9.58036275939579
44 10.52844761756119
45 10.94099796717254
46 12.901699692439301
47 13.598878194551968
48 14.14547864125363
49 15.493845617445993
50 15.870190235853618
51 17.340708126335063
freeSelLabel VAL 213
0 18.054285690227566
1 33.58031324816451
2 33.49967489720632
3 34.61784506758231
4 34.203158747987324
5 34.15705228853788
6 34.11099000392569
7 33.63071776538216
8 33.710086425798856
9 33.46327989431963
10 33.077613152281266
11 32.29552124598763
12 32.904958125706074
13 33.31564986119883
14 32.95196688655824
15 31.869084108548908
16 29.570083680116564
17 27.774853887096764
18 27.10228751360608
19 26.543816326325906
20 25.635675658057565
21 25.75900378664587
22 25.810783147835497
23 25.816076911712052
24 24.681407764984723
25 25.044040641485108
26 17.705103956298295
27 15.934352369125438
28 13.29474810019755
29 13.262786535813703
30 12.269364428063684
31 12.08215746667096
32 11.744958842035834
33 11.665186760966535
34 11.755429053297389
35 11.947895429423951
36 10.809182255589807
37 10.449642034806331
38 10.51420898579415
39 10.69914925430782
40 10.65111628227594
41 10.603319604755212
42 11.231883509036642
43 11.925336175073511
44 12.766127553064257
45 12.958969254612933
46 14.436003100851066
47 14.956195013020304
48 15.406389817647364
49 16.133548332899217
50 16.584565079137278
51 18.054290412759826
freeSelLabel VAL 214
0 13.693579063675688
1 34.77412335830134
2 34.242645212163815
3 35.150419615663765
4 34.783986108550856
5 34.935861521793115
6 35.017812115304096
7 34.75683020202684
8 34.8047827543489
9 34.4860149281333
10 34.45785868462585
11 33.45517929304088
12 33.78284720311672
13 33.85958449289478
14 33.525174452652216
15 32.70823939087284
16 30.058029764663136
17 28.148703437682958
18 27.16077116423866
19 26.523785542197732
20 25.717356248622504
21 25.716007087627894
22 25.79095520945394
23 25.35788409431521
24 24.058177026351164
25 24.527913265060185
26 16.542870327804945
27 14.863667653307507
28 12.540953122631578
29 11.933669691463153
30 11.308995270266555
31 10.52729267829767
32 10.637133411092542
33 10.606663037151979
34 10.538036249240777
35 10.560452409572973
36 10.111373565308408
37 9.02649220766862
38 9.146751236699638
39 9.042841073637355
40 9.132145646339822
41 9.118449935496272
42 9.17827964435018
43 9.079706436048735
44 9.4082162757435
45 9.357549735728321
46 10.465402236154212
47 11.130955681522893
48 11.596414770915768
49 11.824724227762681
50 12.175605689285057
51 13.693584643448753
freeSelLabel LEU 215
0 11.216475869030004
1 34.898020859969584
2 34.60971735050082
3 35.390362449805096
4 34.734108221302925
5 34.89922535468976
6 35.47978450678059
7 35.00142880540063
8 34.87353469904514
9 34.846862827284085
10 33.92623107642726
11 33.545705486297926
12 34.0007826310709
13 33.96404666837805
14 33.91432948116649
15 32.863261580333365
16 29.375943135774982
17 27.632888614684774
18 25.892616517107818
19 25.93451625989717
20 24.91313248924949
21 25.16496238622134
22 25.209035865759258
23 25.172884972540604
24 24.070366357559774
25 24.33167437457544
26 15.890485030847882
27 14.55567929357673
28 10.714323897834205
29 10.642580828586874
30 9.842305306684613
31 9.671565059196002
32 9.649199539743135
33 9.22788146727875
34 9.214189089721147
35 9.574969102556102
36 8.250038094765918
37 5.735261731365383
38 5.475239403286748
39 5.627631916388433
40 5.5863430517156525
41 4.417275084026294
42 4.938062267160946
43 4.864390638800091
44 5.88529023588097
45 5.782306474080846
46 7.080635317246854
47 7.903553441192808
48 8.082565794622136
49 9.57322876634623
50 9.86336462253637
51 11.216477076011184
freeSelLabel LYS 216
0 15.849523469073908
1 36.669865501579935
2 36.981069170725824
3 37.58455505034363
4 36.92111436282048
5 37.02997880846283
6 37.06151715619494
7 37.06061928805541
8 36.70130953244197
9 36.76374934604572
10 35.68095414647115
11 35.203595142084765
12 36.002926751571586
13 35.99487350211565
14 35.68541486674697
15 34.72003703947297
16 32.09234278757362
17 30.22758923372965
18 29.295928770049894
19 28.968577005967425
20 28.266410019107735
21 28.52424896091627
22 28.430317837494208
23 28.334178314292743
24 27.139430358579677
25 27.053117258810214
26 19.182983266144618
27 17.467899697860304
28 14.895993773974661
29 14.27525386372804
30 13.00787513454778
31 12.740491804561284
32 12.443692011333678
33 12.213112741271278
34 12.435413963188196
35 12.37468494917684
36 10.842320756504424
37 9.500949616703222
38 9.19256307826157
39 9.342846253798143
40 9.206113741938008
41 8.414111232318284
42 9.370425799365805
43 9.951156893411161
44 10.608497560966677
45 11.263366858389917
46 12.477388937714343
47 12.939514986309254
48 13.405543610131712
49 14.137283374662418
50 14.68732004974301
51 15.849529675978452
freeSelLabel GLN 217
0 15.897005848656976
1 39.683174873554854
2 39.81899793050493
3 40.386267079812754
4 40.30001259295664
5 40.149750698665166
6 40.05713429713677
7 39.9055000091933
8 39.838182774381615
9 39.638911925867006
10 39.04265175356722
11 38.66189367092818
12 39.04159902777927
13 39.05999544817459
14 38.65062750128899
15 37.71365017032378
16 35.06963353731703
17 33.39982560688446
18 32.347505851774066
19 31.7387570862432
20 30.756316427642652
21 31.264623917121433
22 31.286704554182585
23 31.26217285730838
24 29.947581078034933
25 30.18818802358464
26 22.41391800732988
27 20.328820387629424
28 17.74065065552794
29 17.17485923726436
30 16.203720208347743
31 15.74508820563859
32 15.823440899792997
33 15.45177159318552
34 15.388327707481478
35 15.590778387982395
36 14.486201608459911
37 12.658530427532718
38 12.50516973001406
39 12.622054853122185
40 12.518875848437682
41 12.023171761417984
42 12.486226940966924
43 12.501132702725066
44 12.704350539610013
45 13.013636787185897
46 13.743057029866335
47 13.994087314210539
48 14.10215450418763
49 14.664563829915169
50 15.106361725757889
51 15.897005848656976
freeSelLabel ARG 218
0 9.44342782391255
1 39.05197471133013
2 38.714839038569146
3 39.49063798370651
4 39.341139028679294
5 39.069516295815795
6 39.33074533799151
7 39.228601486798475
8 38.8827911916026
9 38.95420735885238
10 38.44402492797191
11 37.4262846809223
12 38.10967348449672
13 37.94125869729622
14 38.29927032251391
15 37.2024194313184
16 33.942932735344634
17 31.644702362294165
18 30.407601158142782
19 29.928730683708142
20 29.082876563154567
21 29.0945701867539
22 29.11938003680471
23 29.007574425476744
24 28.17723847750125
25 28.415128093844746
26 19.92458879337716
27 18.11496449537839
28 15.288453798923495
29 14.892522157056284
30 13.721608954026323
31 13.510952921303945
32 13.29227358510975
33 13.23374210530907
34 13.206968244935615
35 13.177161490611075
36 12.351574514920715
37 9.85202606123536
38 9.574758501658872
39 9.393681305979127
40 9.542851763129558
41 8.520313164658926
42 8.358913391364034
43 7.516937931707268
44 7.273541896042115
45 7.277040222536929
46 7.691211073785145
47 7.787480342943786
48 7.977490035853806
49 8.14855814087686
50 8.452111601647896
51 9.44343096417242
freeSelLabel ARG 219
0 10.663230939548713
1 40.13233118981151
2 40.035796801222816
3 40.935579242637424
4 40.780025859387415
5 40.72887873752573
6 40.99642621429261
7 40.755015769707065
8 40.42372758231732
9 40.207008447922355
10 39.53148559799412
11 39.05804788454132
12 39.51211890434173
13 39.48627989471044
14 39.52142106653143
15 38.582651893898564
16 34.936540910431155
17 32.68450681854228
18 31.63792238141038
19 31.390185027580884
20 30.795173088089282
21 30.567489332099683
22 30.841701521737587
23 30.745593296226502
24 29.80066437658578
25 29.81866249417412
26 21.310219733566985
27 19.73117968503132
28 16.859094667206925
29 16.539907533857075
30 14.731580266643274
31 14.5433490280276
32 14.008049847188328
33 13.877765397328917
34 14.031654106061678
35 14.10604254494578
36 12.574289920369887
37 10.284061528890764
38 10.045465040690308
39 10.447911958619079
40 10.179562509899332
41 8.555627477494259
42 8.786647937499813
43 8.699301322856622
44 8.635920539032053
45 8.734622656963467
46 9.09399203653551
47 9.057018105101593
48 8.760838358656416
49 9.853009426490427
50 10.186085662185969
51 10.663231633449547
freeSelLabel ARG 222
0 10.113957918659294
1 45.49579547191203
2 45.45336801078218
3 46.64789858559519
4 46.237451976426385
5 46.14974782172987
6 46.58183823955481
7 46.65336278578014
8 46.32278972339897
9 46.27277835406211
10 45.36011951559843
11 45.05898563047321
12 45.67627205003361
13 45.579204012896845
14 45.821571472764795
15 44.58504790992948
16 41.08545090543575
17 38.806777177427726
18 37.467032147371164
19 37.22808235944286
20 36.25567276206294
21 36.4857168756128
22 36.73757979177768
23 36.57907027682225
24 35.44771895409785
25 35.9336447967525
26 27.558974385898523
27 25.895411574243866
28 22.792150126834642
29 22.489906259504806
30 20.66642442934032
31 20.60799683150181
32 20.41583241523965
33 20.31708858751669
34 20.33499225590725
35 20.300578529790847
36 18.850610602930256
37 16.104987081962523
38 15.694953099303817
39 15.778668906036987
40 15.7030266506015
41 13.968747037794893
42 13.670454444942038
43 13.174478407979025
44 12.306220368626922
45 12.302128292295999
46 11.280057543342659
47 10.59039977431943
48 10.222189127811129
49 10.132931458814607
50 10.325555213474415
51 10.113958291877754
freeSelLabel PRO 321
0 9.155824825614529
1 38.98958061798263
2 38.570295680904856
3 38.986947040176005
4 39.022168563986874
5 38.70068765046143
6 38.607582019626186
7 38.579275621895874
8 38.564279977931015
9 38.38250420834432
10 38.217836969036654
11 37.29694769516406
12 37.496140884629476
13 37.169177967519786
14 37.749538583907324
15 36.33894552816116
16 31.931017327949476
17 28.88100614491395
18 28.06232731656492
19 27.314106099329734
20 27.329498274374327
21 26.791538810397753
22 27.048298527035715
23 26.563213142483438
24 26.121275465752976
25 25.962458244780468
26 19.65785065183255
27 18.40866793335408
28 16.910541919669356
29 16.864231259677776
30 15.389793274865138
31 15.664292961196981
32 15.802287288402935
33 15.749457323055434
34 15.702510450060286
35 15.91436172567934
36 15.574801264691933
37 14.04000115521416
38 13.777824569252815
39 13.16276373148244
40 13.051961212920602
41 12.65410086367255
42 11.57765956604315
43 11.04699465617033
44 10.110109911205232
45 10.042372234711758
46 8.726917719768759
47 8.914904932174244
48 8.891180090543013
49 8.849432177171812
50 8.791348568129562
51 9.155828446126003
freeSelLabel GLU 324
0 12.572125548811748
1 32.459109647345905
2 32.818483537167225
3 33.156866509603816
4 33.10921810814196
5 32.737243798050514
6 32.8779124669002
7 32.941754007227054
8 32.64349197434174
9 32.776736614889614
10 32.101766791031714
11 31.067443106299987
12 31.336972224773422
13 31.27134382243772
14 31.38346391351027
15 30.268615493554783
16 26.060983441635706
17 22.90723913579011
18 21.96906026903027
19 21.384940889854136
20 21.05586518423262
21 20.689986258651565
22 20.851947423486294
23 20.495019420960872
24 20.106700453553366
25 19.949923318225753
26 13.920751786053804
27 12.603251144654292
28 11.857696442392456
29 11.614745821157944
30 11.084902776188143
31 11.406694571982603
32 11.354256718215987
33 11.660942427608987
34 11.375830699747603
35 11.70005297833446
36 11.626263232228084
37 11.226307276522737
38 11.044740741410479
39 10.84687554450977
40 10.710977119571883
41 11.685652756234827
42 10.951046552847227
43 10.526398177338075
44 10.429544839167677
45 10.223576632091506
46 10.121189044717456
47 10.731053669824682
48 11.481360887253377
49 11.64745797550622
50 11.607378900332622
51 12.572130972159847
freeSelLabel LYS 325
0 10.60280261610287
1 34.21993222418112
2 34.634646972465525
3 34.90704194332793
4 34.850120315814195
5 34.690047912903054
6 34.96209378632362
7 35.04124771245197
8 34.930515455752804
9 34.664617595077154
10 33.93124771401751
11 32.88692630535842
12 33.45202761078494
13 33.214641152408106
14 33.30751305938723
15 32.41693727845595
16 28.530435300541665
17 25.143165193241416
18 24.236540009355465
19 23.814029151538623
20 23.157993891362285
21 23.09168437810674
22 23.304964472888855
23 22.723344951593536
24 21.981623127502164
25 21.991584598363733
26 14.755499707821846
27 13.442126999590284
28 11.84002949372839
29 11.31122373298676
30 9.895041056716085
31 10.455947884789033
32 9.797116791868593
33 9.778136106136692
34 9.905111316384048
35 10.134167808049114
36 9.49008538609235
37 8.27192270569078
38 7.944865350293998
39 7.56722331092438
40 7.411178784863909
41 7.6995565189385475
42 7.070078116735732
43 7.028654754301215
44 6.8866367062164295
45 7.473892274555227
46 7.474051149568511
47 7.749742870478706
48 8.211908054564558
49 8.824820634980547
50 8.900399451833506
51 10.602803958202616
freeSelLabel ALA 327
0 17.59489513122779
1 27.945593332188682
2 28.264501870911495
3 28.548513027730372
4 28.12787660262189
5 28.23053796991433
6 28.181809381587446
7 28.01550864972706
8 28.06439277187746
9 27.858160773884975
10 27.214821391766794
11 26.421957452111734
12 26.74186180490063
13 26.708742069875342
14 26.824956662877543
15 25.95513767764329
16 21.580902251787858
17 17.968874323849057
18 17.272042465066612
19 16.756035491244244
20 16.355216661377384
21 16.12461100341079
22 16.37979395920673
23 16.023432405231965
24 15.257017544512422
25 14.816628775876927
26 10.105072577760296
27 9.28476444836179
28 9.645538861308786
29 9.535366350275037
30 9.76005007956451
31 9.937928392240378
32 10.110082953539404
33 10.723885271189966
34 10.472405827608581
35 10.62895171741517
36 11.085341506972728
37 11.848936139040347
38 11.836918849474783
39 12.132362281401102
40 11.86341184507892
41 13.321665774137506
42 12.85166766823232
43 13.29432757828507
44 13.675889865144017
45 13.617493402038003
46 14.257539134632815
47 14.820736042285507
48 15.471890162067217
49 16.08740725125653
50 16.115600674051638
51 17.59489513122779
freeSelLabel THR 328
0 15.915939397839601
1 27.271556390640992
2 27.62185314122981
3 27.941102175117834
4 27.936326710025238
5 27.36309144967523
6 27.684322743925435
7 27.850065452895812
8 27.896780762505923
9 27.675513269291663
10 27.02813736320377
11 25.698687111740625
12 26.245737624518533
13 26.264197929264416
14 26.311667178621096
15 25.0014309648261
16 21.365140472510948
17 18.36942494222413
18 17.51550386457819
19 17.090720487336394
20 16.512823469670415
21 16.269128155081354
22 16.52930585405557
23 16.199441708903247
24 15.300344240113974
25 14.985325494944789
26 7.566123393048254
27 6.698813269738661
28 5.596651783191232
29 5.252572294203041
30 5.231390454451133
31 5.227223476399412
32 5.256807617688321
33 5.997292898039166
34 5.599499256430922
35 5.9258224232105166
36 6.3052421676049
37 7.639996557419282
38 7.690001032424709
39 7.935714574391489
40 7.74853398129983
41 9.494611635601485
42 9.431512742896299
43 10.075130283111394
44 10.67646533598809
45 10.639263235458333
46 12.023356029745743
47 12.378171837505928
48 13.088026800029693
49 14.175150176858333
50 14.269705394137617
51 15.915940739120078
freeSelLabel GLN 329
0 17.951669568619806
1 28.16961839127871
2 28.344364364871037
3 28.423990758279558
4 28.67477393543044
5 28.46274765623854
6 28.164810997119638
7 28.349925726372636
8 28.537821000110583
9 28.084514054627746
10 27.69285097515154
11 26.44591523981902
12 27.082323356071324
13 27.073638275626394
14 27.173248379761855
15 26.094106235325373
16 22.38615382394163
17 19.069917335028883
18 17.89452668013972
19 17.842806428471153
20 17.535652328917354
21 17.575929600460373
22 17.462006813869525
23 17.253047565453045
24 16.467337824411807
25 16.260012420927985
26 9.969501284603624
27 9.40463534480595
28 8.6230745965992
29 8.410814720982929
30 7.899158067882995
31 8.292000747877495
32 7.7342789164441665
33 8.100516439254251
34 7.763226520069186
35 7.777481335510811
36 7.963062515430536
37 9.075745362484643
38 9.801285100726634
39 10.010538726000261
40 9.376225074251675
41 10.606507093492711
42 11.064971021369837
43 11.989228097526262
44 13.070536162444993
45 13.500408283365301
46 14.463615030463703
47 15.003749029846977
48 15.344476164340062
49 16.482066625987873
50 16.742235957918947
51 17.95167173138489
freeSelLabel MET 330
0 21.945962452738577
1 24.346201002901047
2 24.882409182831786
3 24.977605429560047
4 25.101152691549853
5 25.048517385185143
6 24.725514067465156
7 24.55167201592729
8 24.713892672521492
9 24.43857777114577
10 23.754694746144157
11 22.813994511734705
12 23.425911813453062
13 23.321957027848214
14 23.41193310803235
15 22.607732406396458
16 18.281632266198084
17 14.69952237094628
18 13.766795628633723
19 13.39478661556657
20 13.24854561080567
21 13.309233026130249
22 13.255563793586228
23 13.089250377090853
24 12.399466029447291
25 12.033242549328317
26 8.754529017615843
27 8.906562331569125
28 9.93459757440139
29 9.98399661922523
30 10.660460464193775
31 11.061317697234601
32 11.04606223557827
33 11.52952739887575
34 11.650567817437338
35 11.712230645605707
36 12.531664198100588
37 14.082692921409139
38 14.369247930251744
39 14.494294608189223
40 14.115075339100516
41 15.77657689689587
42 15.843009175837711
43 16.7373114993594
44 17.143902836425813
45 17.153737969250724
46 18.075142824780286
47 18.588533512867457
48 19.240950708380378
49 20.246376969253657
50 20.30094990850812
51 21.945970834771522
freeSelLabel VAL 331
0 21.652121681187108
1 22.04280373009497
2 22.399081095014083
3 22.217480170582796
4 22.652188788132584
5 22.531373212324123
6 22.369899085615693
7 22.453103282375654
8 22.375581523194818
9 21.853699855045498
10 21.6319779553043
11 20.392676010875793
12 21.114925142637336
13 20.80258152487618
14 20.953960564748396
15 19.971242066218796
16 16.02460824281109
17 12.704518578066626
18 11.57947385527308
19 11.222138079056876
20 10.757459124916616
21 10.795023312414333
22 10.666550820178964
23 10.325448996911796
24 9.55870369675508
25 9.25249717080074
26 4.442922543286976
27 4.758295479868039
28 6.096836259813083
29 6.950587848631015
30 8.243380830018472
31 8.562147302466046
32 8.543280494781149
33 9.140301183429283
34 9.27154518917528
35 9.09590993208146
36 10.164879781924983
37 12.174348189228292
38 12.172329742726065
39 12.984073620889435
40 12.939533348628363
41 14.856399703497376
42 14.621382310620344
43 15.202421353819672
44 16.138966716505916
45 16.11474864817728
46 17.269115744576652
47 18.152203863209387
48 19.10777293849651
49 20.25576550126732
50 20.144227453354777
51 21.65213041106627
freeSelLabel ALA 332
0 21.629995066071974
1 22.01201497074773
2 22.109893909206345
3 22.000538295790957
4 22.061493164096596
5 22.227324999260038
6 21.813208642027394
7 21.806778187015986
8 22.14847284589835
9 21.437066751539746
10 21.089056279096724
11 20.799712934343898
12 20.61328051290538
13 20.7153588947239
14 20.598187136581032
15 19.857001323621173
16 16.107860339219325
17 13.52422024631705
18 12.715140836306958
19 12.226679702769665
20 11.84664369586342
21 11.603748529227294
22 11.820002610336468
23 11.732643339041127
24 11.157409722105053
25 10.677951280178831
26 5.174377624158108
27 5.070693854305776
28 5.487653184552857
29 5.722423239051263
30 6.846230238412902
31 7.210290358117333
32 6.781030501511933
33 6.933359567101743
34 7.473612084944597
35 6.993861987955595
36 8.261855167111225
37 10.173833000619297
38 10.852990879928685
39 11.345920687123902
40 11.310323625623678
41 13.157239518317787
42 13.599085916072582
43 14.294247292962716
44 15.655538730694886
45 15.600140375187449
46 17.20492606361958
47 17.900182411058704
48 18.612187891803178
49 19.794105569804547
50 19.811059112640248
51 21.62999590203191
freeSelLabel ILE 333
0 24.55846858687691
1 22.151655433739606
2 22.08953101335966
3 22.23552958572657
4 22.387468920671466
5 21.965383299438365
6 21.844183421211685
7 21.96945352581274
8 21.807003554528528
9 21.528017778396393
10 20.818075345632263
11 20.67961604838898
12 20.736196898949437
13 20.816113124902213
14 20.840544475607558
15 19.910752071005074
16 16.53478186320929
17 13.704632188327672
18 12.926203501380007
19 13.049360756385
20 12.86594204212078
21 12.756141730363385
22 13.024281400061568
23 12.626015496685985
24 12.246202106066917
25 11.949918917827246
26 9.19007052746051
27 9.692749534424413
28 10.17521007199499
29 10.378782856903749
30 11.447715034962322
31 11.52938470953815
32 10.981571376557685
33 11.27736003574077
34 11.636341112333133
35 11.090564895712806
36 12.361793816252922
37 14.030319141674529
38 14.22833193787848
39 14.841264451398382
40 14.515650309353859
41 16.22617960292632
42 16.714931160158216
43 17.70017837277015
44 18.865301090608458
45 18.897938069666278
46 20.281160979511498
47 20.679157420730704
48 21.25697983456692
49 22.56477834581635
50 22.72999417031325
51 24.558476677092777
freeSelLabel VAL 334
0 27.256307387272162
1 18.10229013971358
2 18.01714699229442
3 17.901452423601473
4 18.33006649191222
5 18.123690700800626
6 17.95422987026905
7 18.173593633557623
8 18.02919186718063
9 17.453669042121522
10 16.693012737824695
11 16.171742749717666
12 16.454037780639585
13 16.722043655671996
14 16.575447450789817
15 15.8847979933072
16 12.077678676414363
17 8.392017417449347
18 7.844650904308787
19 7.55566477317288
20 7.5241909171635974
21 7.337021000581303
22 7.350948154840093
23 7.191023637981281
24 6.615797158110522
25 6.444846161534466
26 7.2253379758144645
27 8.345303900712048
28 10.26808129327445
29 10.707860998888195
30 12.293669243850077
31 12.848801381800097
32 12.582391254341896
33 12.666528756048633
34 13.405752410644704
35 12.40341228667155
36 14.199984036155834
37 16.65267359831175
38 17.29484863648884
39 17.940302675590086
40 17.508880045699176
41 19.423791274233462
42 19.622192790046043
43 20.440022627372127
44 21.755591044481235
45 21.617077492582606
46 22.951475856100295
47 23.62619408446298
48 24.15720776346494
49 25.508359367250225
50 25.49762996917551
51 27.25631441407034
freeSelLabel LEU 335
0 26.147554195872022
1 16.88173420866026
2 17.1616766268823
3 16.5909677735601
4 17.261372694532604
5 17.234973891772277
6 16.872566536210215
7 16.817434226309928
8 16.923938196429496
9 16.219213828165973
10 15.359376472409076
11 15.473201286665178
12 15.945854678952802
13 15.64332748698122
14 15.774714334869456
15 14.584370975061566
16 11.119864691575803
17 9.24378507335294
18 8.049717711400133
19 7.7888873770423
20 7.48753194118757
21 7.474188561604457
22 8.006655440927776
23 7.498773492356702
24 7.320391186791078
25 7.250291954321072
26 5.696678483189131
27 5.989739995969014
28 7.948217711156432
29 8.434737118004133
30 10.357448411571626
31 10.364124751503025
32 10.343152151627606
33 10.018852934884423
34 10.248514021804048
35 9.770053931071523
36 10.824631145628041
37 13.766187239777548
38 14.490206395990773
39 15.50316029260517
40 15.473438129427437
41 17.020074259616493
42 17.724989187622587
43 18.526489737304527
44 20.044415525973015
45 19.76645443671896
46 21.286126204995906
47 22.377357851127815
48 23.14575121365677
49 24.522632086448468
50 24.45462943843676
51 26.147562168433048
freeSelLabel GLY 336
0 28.123079407089207
1 16.992305515356232
2 16.703078378637432
3 16.83693651463529
4 16.965547260238342
5 16.602427538499583
6 16.73379013925319
7 16.501261358334382
8 16.5665072643807
9 16.550932905591992
10 15.826432963390292
11 16.26888704778173
12 16.163374949653477
13 16.0832981547287
14 16.310142344534945
15 15.219955394647622
16 12.18680954863821
17 10.92499959674162
18 10.125508716977318
19 9.900455797306911
20 9.716038691082755
21 9.544159230347084
22 10.224432638034019
23 9.656300993406665
24 9.590914774555849
25 9.622604258624223
26 9.282001925537154
27 9.66021295266947
28 11.379500919524961
29 11.26981011862587
30 12.881980176346344
31 13.050997351159834
32 12.486037132900181
33 12.334138244236087
34 12.432697180859323
35 11.986386092453495
36 13.112832320764154
37 16.01638886345235
38 16.531479867359828
39 16.987495664351844
40 16.7418312025165
41 18.467684443057664
42 19.369070365219592
43 20.251887489901424
44 21.74649847406485
45 21.628323679556324
46 23.195619213988564
47 24.120939602800703
48 24.643157817298903
49 26.048951036214202
50 25.928000923289254
51 28.12308048584549
freeSelLabel ALA 337
0 30.733865691613524
1 15.730428675892044
2 15.199763879928705
3 15.11660623924588
4 15.315799144387906
5 15.323355789501585
6 15.192262064284604
7 14.874309692410263
8 15.24721814957111
9 15.170528260580467
10 14.742802963246335
11 15.07768733408866
12 15.154927464658002
13 14.890369897316011
14 15.09316162539215
15 14.140527483558378
16 10.892405754685834
17 8.869377680773633
18 8.60998921553437
19 8.714989596157558
20 8.417468679000963
21 8.586064619638243
22 9.125438125186143
23 8.606428685523152
24 8.759401066484353
25 8.874160356792345
26 10.975994045639492
27 11.884218910602334
28 13.847044612717541
29 14.27544816811566
30 15.75523692981694
31 16.12186855618766
32 15.643314723857483
33 15.27613026636289
34 15.717353782810138
35 15.083457340466744
36 16.423489443534628
37 19.25896020343203
38 19.729471147182768
39 20.376255509788418
40 19.915088792391774
41 21.853891216830018
42 22.475744799818397
43 23.242705525151187
44 24.55887182949898
45 24.69305096516082
46 25.938105104335573
47 26.655643618159555
48 27.36405238385039
49 28.805555654850984
50 28.506389379821506
51 30.73387026950005
freeSelLabel PHE 338
0 32.582497602499394
1 12.186457159419996
2 11.893107899370376
3 11.799607823191334
4 12.245728667595356
5 12.00536189128459
6 11.662100766385622
7 11.824573273984859
8 12.012874070482052
9 11.362829883634223
10 11.228777679520833
11 11.298003064877086
12 11.096124916303012
13 11.149380475676491
14 11.335425573257865
15 10.207002727816736
16 6.927226621823768
17 4.687617468665894
18 4.368686942062398
19 4.1320926489050676
20 4.365203045096153
21 4.495331580742909
22 4.952801389317734
23 4.45652764364589
24 4.706739556608546
25 4.730439585342949
26 9.36291740894151
27 10.666353015778238
28 13.502552299334715
29 14.352796097118018
30 15.653341140596984
31 15.876543309410161
32 15.335359166890443
33 15.872910138892237
34 16.48172747978423
35 15.737026511150907
36 17.38868334861469
37 20.259319360202973
38 20.95694931472778
39 21.44984388435606
40 21.446636096222573
41 23.24155342785673
42 24.067146024404277
43 24.87361366217324
44 25.808334534867022
45 25.8943205245936
46 27.091011839840785
47 28.09841947774356
48 28.877434653423215
49 30.066500259879536
50 30.505029620702107
51 32.582502111812026
freeSelLabel ILE 339
0 31.135949776873986
1 14.267349979059139
2 13.30775218562609
3 13.995837878630887
4 13.839815343950457
5 13.576993747901428
6 13.510351011945803
7 13.559041092877482
8 13.1058716024708
9 13.487781406634653
10 13.057297651788398
11 12.473509934029996
12 12.458134757189917
13 12.7277427623697
14 12.636596131404675
15 11.564755465694784
16 9.973129095305922
17 10.570900294507968
18 9.97006174807513
19 9.601361912714648
20 9.861059688339676
21 9.708877437112065
22 10.417768675856417
23 9.552529229431176
24 9.811082655965405
25 9.99143066075896
26 10.460533351987042
27 11.512302071359361
28 13.277190397902174
29 13.207054592678407
30 14.77094751069376
31 14.683084178233841
32 14.526927166718105
33 14.671026923627213
34 14.661847141856644
35 14.498457309113968
36 15.877006745175535
37 18.210038259476857
38 19.307630524194916
39 19.431187229582978
40 19.75606359736554
41 21.47281516171725
42 22.353221783785003
43 23.134865352197703
44 24.962202386713443
45 24.515803606309888
46 25.955143100740063
47 26.540950598595487
48 27.35872481973779
49 28.982817546865185
50 29.175391761096815
51 31.135954024557076
freeSelLabel VAL 340
0 34.94395048213653
1 14.441523518009733
2 14.030316930424483
3 14.28947694718974
4 14.230095136975956
5 13.99339713040134
6 14.229688006576481
7 14.04740335030459
8 13.783992440945166
9 13.956320628969618
10 13.481279667735764
11 13.659090799411837
12 13.494724962936873
13 13.624975518368238
14 13.939467557706688
15 12.611942795120395
16 11.417200015569813
17 11.638104025973893
18 11.412348435642373
19 11.751078432916003
20 12.094225347780107
21 11.657302087955104
22 12.414417316858465
23 11.983727862944747
24 11.981557370543324
25 12.051368216526674
26 14.768920150163257
27 15.72014475785868
28 17.491421599905667
29 17.561151368422024
30 19.00924604466066
31 18.822527569081927
32 18.828596775810873
33 18.510975471475888
34 18.70832261697144
35 18.099154232937845
36 19.36754813994826
37 22.098607791185444
38 22.83422240513935
39 23.12815611305992
40 22.945993744120123
41 24.884781941068816
42 25.6883562613144
43 26.817513811309464
44 28.099824161400633
45 28.13844758713179
46 29.97617151420605
47 30.65835395795936
48 31.04726637204503
49 32.57891803189173
50 32.67720303134663
51 34.943955786336524
freeSelLabel CYS 341
0 37.97392719673172
1 10.169580531118122
2 10.09910304360368
3 10.316098188497339
4 10.267210726225745
5 9.839027024641641
6 10.146458434569364
7 9.588020880895616
8 9.190810724414156
9 9.594203478296732
10 9.058205058439187
11 9.416862014822536
12 9.159086069397771
13 9.608560414414832
14 9.962224039944182
15 8.710439788147758
16 8.235738850572186
17 9.298553428663556
18 9.37569466375213
19 10.272802920124981
20 10.507191288326423
21 10.444377067428588
22 10.665189786443007
23 10.399733120645154
24 11.536393156657683
25 11.275979410624089
26 16.335462647738204
27 17.639610167709847
28 19.92123438878924
29 19.908106356763454
30 21.417718239165776
31 21.418869593289294
32 21.68601256825384
33 21.497011830463144
34 21.427481329901994
35 21.192438395254932
36 22.609073082483338
37 25.140888958914495
38 26.15493864341731
39 26.43157966477021
40 26.386532751328758
41 28.20426585033244
42 29.147395155796236
43 29.84104138094388
44 31.78634035931716
45 31.496977615109863
46 32.915857607274425
47 34.05672869322346
48 34.60072855544754
49 36.04482098942343
50 36.00188244576455
51 37.97393127964786
freeSelLabel TRP 342
0 33.96794356404065
1 7.466344781760329
2 7.134580681849035
3 7.12059670747594
4 7.156677704397054
5 7.185353155414837
6 7.0439963284176486
7 7.125204654552211
8 7.070695115445605
9 7.0972086137451935
10 6.905135382690462
11 6.947646753080581
12 6.962786308476624
13 7.127666023484164
14 7.014595063965944
15 6.519928828626868
16 5.893081056118157
17 7.785846717546595
18 7.618981915921736
19 7.456528050262785
20 8.079618603079728
21 8.288699070096552
22 8.27132565677439
23 8.215091098063562
24 8.810279135517241
25 8.653338941353867
26 11.505469272496072
27 13.007462944913875
28 15.371813011484624
29 15.888550039197698
30 17.24574969440624
31 17.38932865843971
32 17.757723803624334
33 17.903076667550394
34 17.550941352990865
35 17.632170305457944
36 18.964881433142715
37 21.56182831623215
38 22.674425402326154
39 23.092438876249886
40 23.06693930345774
41 24.963378095732402
42 25.924011081473346
43 26.37146110579555
44 28.243978848879536
45 27.537918834651723
46 29.079261423329555
47 30.180463679472822
48 31.054052445544535
49 32.343926506662356
50 32.376894754313504
51 33.96794779587491
freeSelLabel LEU 343
0 36.76233128110509
1 12.373548934428353
2 12.260305585237052
3 11.934530175275102
4 11.976607375610955
5 12.021263493238907
6 12.192534853904974
7 12.038739868086271
8 12.263326296422456
9 12.161404487898803
10 11.673761769685234
11 11.71448652986755
12 12.308392802172444
13 12.440994219009427
14 12.124008317315464
15 11.084444520861918
16 11.854592738116994
17 13.560394534476691
18 14.057071304724314
19 13.844587255416387
20 14.476954689136486
21 14.479457715689959
22 14.782895099918079
23 14.783518352255152
24 15.087309312900151
25 15.122116019069267
26 16.92598297635157
27 17.791139277865845
28 18.76244137092485
29 18.90184803870655
30 20.458248144566415
31 20.003462739047563
32 20.731029705986263
33 21.28005121797548
34 20.849809047483962
35 19.832428682284963
36 21.62610076769028
37 23.48323397529691
38 24.88565707237693
39 25.58196345194963
40 25.153393213257417
41 27.24430394328035
42 28.123527076601842
43 28.93257640730601
44 30.97921834989389
45 30.52054214650054
46 31.996884775427944
47 33.62898619664963
48 33.95049603831709
49 34.97142299775738
50 34.831562062517754
51 36.762335322729406
freeSelLabel PRO 344
0 39.77618915238889
1 11.169199435219475
2 10.992669053331632
3 10.789624480724406
4 10.904069722633887
5 10.844385447305712
6 10.886854946560037
7 11.048663609332609
8 10.923863585623952
9 10.954322429400737
10 10.728133652397135
11 10.879486498637405
12 11.380695139583555
13 11.36097600377805
14 11.402342659165969
15 10.673052969479528
16 11.905110492652492
17 13.44216274118594
18 13.757891983580807
19 14.291486664708337
20 14.905937548224374
21 14.577627423043069
22 14.982220986811026
23 14.86431844018615
24 15.42192731948676
25 15.149769227061013
26 18.90514799997112
27 19.846676710869556
28 21.57452930593121
29 21.823319680626152
30 23.20520142012651
31 22.870903385914755
32 23.45426574543659
33 23.423105904570864
34 23.171227029902276
35 22.885548577192218
36 24.18841925076141
37 26.394080172017105
38 27.7167482075552
39 28.31647926150434
40 27.762759609431384
41 29.824515061921055
42 30.862120976059312
43 31.661368856259205
44 33.520407177971855
45 33.24167267935988
46 34.63542782340216
47 36.22629541388929
48 36.5471285673231
49 37.85888406423825
50 37.7703486659141
51 39.7761933787705
freeSelLabel PHE 345
0 42.27362719173264
1 5.394914409419803
2 5.439701609436482
3 4.974864240722929
4 5.073506654231877
5 5.232803492106044
6 5.2648304116143025
7 5.557682212281049
8 5.330270613566986
9 5.403377038859949
10 5.481122565045107
11 5.650271628932684
12 6.028716274771435
13 5.781387020873826
14 5.959288304474657
15 5.977507935114088
16 8.306288075987702
17 11.335670094266455
18 12.162779073583485
19 12.973999887106716
20 13.138477682573093
21 13.359872017474288
22 13.429127146930597
23 13.44390701533647
24 14.248586418019217
25 13.899699303628001
26 20.031165721261758
27 22.071443156243674
28 24.249681198610258
29 24.371331375561272
30 26.222100729095548
31 25.742262770661956
32 26.229102381660706
33 26.091220349087667
34 26.23176994206625
35 25.72265280541476
36 27.40161751811402
37 29.984399115392794
38 30.738607747449432
39 31.178152918015176
40 31.395839225825497
41 33.72366920410676
42 34.168463650772935
43 34.93452841041647
44 36.35932263278133
45 36.3372668043842
46 37.632926807981164
47 38.26119298844746
48 39.34348682878694
49 40.315912998584835
50 40.17411416157134
51 42.27363511144857
freeSelLabel PHE 346
0 41.425114314149134
1 6.067466357942749
2 5.986627463789459
3 6.2115908581578925
4 6.225210786577292
5 6.423470565253854
6 6.431022474907812
7 6.378345705119228
8 6.171146139857269
9 6.346354790991896
10 6.448383465376159
11 6.801967082961004
12 7.151591296479128
13 7.055012728136657
14 6.691317226050125
15 6.775474501641669
16 9.48386819699516
17 12.499486297319432
18 12.90552430805774
19 13.014104278397037
20 13.142035343888244
21 13.57112962485649
22 13.802188891190722
23 14.181781723942901
24 14.104916814983328
25 13.99172012797876
26 18.833486026002266
27 20.573023949616143
28 22.273236919576412
29 22.80373373295625
30 24.230625216505363
31 24.032662400384964
32 24.924573045289748
33 24.664807579468928
34 24.79875563719472
35 24.452766014183386
36 25.880398797993365
37 28.474281684606172
38 29.34217940003905
39 29.415052944648792
40 30.170701287655778
41 31.993394014153782
42 32.92206024370579
43 33.674533476903385
44 35.289896085430215
45 34.61327494088902
46 36.250465500811416
47 37.42494136075029
48 38.46574221428541
49 39.14200018758969
50 39.616421468836215
51 41.42511812353003
freeSelLabel VAL 350
0 47.0816277035329
1 7.247022914356838
2 7.961047563790092
3 8.37960157266429
4 7.8780658288666805
5 7.799361721591825
6 7.905492144010343
7 8.004747071614673
8 7.73076108969239
9 8.079227781327358
10 8.850103665891819
11 8.810483421974526
12 8.889695958154112
13 9.07831123271581
14 8.974124464056532
15 9.690881823823258
16 13.462197224977018
17 16.512996673641705
18 17.143203697304333
19 17.558201391071687
20 17.290289685773377
21 18.051460420490564
22 18.014376366596494
23 18.37787031165206
24 18.684640244275627
25 18.628394202660726
26 24.446803168896057
27 25.809621907269417
28 27.78698951908097
29 28.490209099496884
30 29.484323593763087
31 29.678895213753158
32 30.088719987948046
33 30.0041703996755
34 30.79697000728545
35 29.62771717017645
36 31.30555152077281
37 33.67090828702608
38 34.4770098449129
39 34.8546929819803
40 35.367026586002986
41 37.31510218467462
42 38.23987911771387
43 39.16611491691578
44 40.56462681155607
45 40.770465521532465
46 41.882321770493746
47 43.40853801286766
48 43.73536367801632
49 45.125590764675366
50 45.178914304424836
51 47.08163554957502
freeSelLabel LEU 351
0 50.65542708113518
1 11.39605560942633
2 11.757436376201507
3 12.383987356823738
4 11.900223025431202
5 11.80899180865659
6 11.884234384079521
7 12.257780219605953
8 11.987538455659708
9 12.683400781033026
10 13.159934106931063
11 13.029581841805559
12 13.051245879522275
13 13.1269475969036
14 13.044982591022817
15 13.812354851361054
16 17.913105332298414
17 20.944971344588723
18 21.420541561476654
19 21.897330506597108
20 21.936902259683187
21 22.193805547683144
22 22.093161316198394
23 22.660857032718667
24 23.222048618604035
25 22.725372830826416
26 28.418702656349076
27 29.593881104064724
28 31.38146906503996
29 32.00045480339552
30 33.11093727603189
31 33.429632567892185
32 33.972319529513534
33 33.871377873224795
34 34.281591707959635
35 33.784207115257324
36 35.16520932208529
37 37.537762596498965
38 38.24017106688122
39 38.126952881414994
40 38.82377857452095
41 40.836743125500085
42 41.642724440889566
43 42.435990638380694
44 43.79550660506074
45 43.837949348565076
46 45.478480428297615
47 46.68628285124683
48 47.20864805983318
49 48.64519642332218
50 48.64904451310374
51 50.655434809612615
freeSelLabel TYR 365
0 49.105373077083776
1 9.900903398966134
2 10.437305993577928
3 10.14411410257581
4 10.037992057381064
5 10.008249887019316
6 10.164403014693367
7 10.100375078938823
8 10.149067741300794
9 10.408929051952583
10 10.92292803831348
11 11.13611352639979
12 11.271017590509663
13 11.302540412987923
14 11.212994960102113
15 11.818080264853693
16 15.083644501829676
17 17.617790148507623
18 18.737138276720803
19 19.055246925153323
20 19.40852546078171
21 20.206621861541123
22 20.323314337192688
23 20.290655406038425
24 20.56205777498918
25 20.747895164681356
26 26.780496949302925
27 28.54632824474304
28 30.498218814524492
29 31.258381451126425
30 32.89111049150944
31 32.87947733521954
32 33.37790504772582
33 32.935152219724735
34 32.8430342971526
35 32.81734879427345
36 34.37101381969367
37 37.035767817610676
38 37.921235729892636
39 37.75010655947428
40 38.3872061195356
41 39.566259401310234
42 40.045502552311206
43 41.19100456012881
44 42.50370597824548
45 42.62845286256439
46 43.968860385547444
47 45.40735097263958
48 45.66740657916956
49 47.18190013975308
50 46.67650523515071
51 49.10537711461639
freeSelLabel THR 368
0 44.83946218024701
1 10.1054983355916
2 10.237917754881696
3 9.684698611667544
4 10.029294213015294
5 9.70617451219621
6 9.752122762080264
7 9.989305212516047
8 10.05165718919693
9 10.275768946750304
10 10.271110875028546
11 10.740216721222268
12 10.614151921074562
13 10.582625292845814
14 10.676815792454281
15 10.950300438632436
16 12.229097159607376
17 14.579866426721173
18 15.132509698598225
19 15.796785948227402
20 16.372508472929123
21 16.615919472790875
22 16.786070083698714
23 16.7338619374324
24 17.474221063111838
25 17.19283336007589
26 23.165005434498596
27 24.624730166796766
28 26.961041358538928
29 27.09467732051119
30 28.56105836121701
31 28.554492552894565
32 28.65598865862749
33 28.715735524025295
34 28.532639108976298
35 28.55957048607063
36 30.12510945002044
37 32.62961215938305
38 33.078859162765184
39 33.240358907193006
40 33.80747591802588
41 34.90147586450852
42 35.74405158611104
43 36.98959256119625
44 38.289309086311626
45 38.50212717429021
46 39.90036668054623
47 40.94395792033866
48 41.286045685313496
49 42.99387384565507
50 42.629351724543184
51 44.83946995822501
freeSelLabel THR 369
0 46.69710193323836
1 8.095710717911212
2 8.52502418256822
3 7.735544590595527
4 8.285035950448735
5 8.244823651519242
6 7.801383119685387
7 8.456377010791913
8 8.43348380700975
9 8.602766338360365
10 8.72765316986046
11 8.992328771593739
12 8.983576292210541
13 9.168710588450967
14 9.142140786218903
15 9.197412514789164
16 11.752214596458716
17 13.687006237782885
18 14.553868735224668
19 15.376177108600688
20 15.897921928326166
21 15.92803619892895
22 16.157136138658558
23 16.577626610503337
24 17.21454272724129
25 16.84392954695849
26 23.9442381749118
27 26.196735556754888
28 28.15145089491761
29 28.537933427073213
30 30.316457177358632
31 30.34893955453204
32 30.805460495585912
33 30.393530963397215
34 30.36521779101789
35 30.753159375883072
36 32.15661978057134
37 34.39871766055636
38 34.91800665700831
39 35.49861037494676
40 35.87553910601877
41 36.96467531471035
42 38.10426338942278
43 38.857770887296496
44 40.34959160701082
45 40.50695848001064
46 41.714573970227214
47 42.84921133180673
48 43.32478364854926
49 44.59213173400374
50 44.61857011361435
51 46.69710619648334
freeSelLabel TRP 370
0 46.99125177447837
1 14.054936870257327
2 13.936022889422423
3 13.886802543923332
4 14.282010388919263
5 14.38107547279328
6 13.832138551951454
7 14.441304992692146
8 14.449617325228497
9 14.380704926247683
10 14.158120884148264
11 14.317163986177022
12 14.36023969174048
13 14.578519440206355
14 14.313521628799169
15 14.774597643001144
16 14.637465029081447
17 15.865199312789114
18 16.1451195265673
19 17.25499028922693
20 17.89360953951413
21 18.233158303755562
22 18.264304232479642
23 18.346221037897188
24 18.994570776978783
25 18.353741732280298
26 24.941310407963464
27 26.89595369207819
28 29.390197411882838
29 29.546951592709288
30 30.73355577050396
31 31.041680233112636
32 31.09120336159783
33 31.41058755615327
34 31.056755486436703
35 31.120158317809967
36 32.59752526387422
37 34.85652493752079
38 35.44850016939603
39 36.18835566407149
40 36.29323558606232
41 37.74358300216142
42 38.78257775121419
43 39.601401423381546
44 40.79565925664165
45 41.00936038565168
46 42.181166613966674
47 42.83771222830468
48 43.62868870029434
49 44.64605042791446
50 45.130165380872334
51 46.99125694995451
freeSelLabel LEU 371
0 42.40773784550103
1 13.037489694762348
2 12.571392620409519
3 12.667212538928549
4 12.801942925781262
5 12.849871592756688
6 12.505628137678379
7 12.911328223892781
8 12.90085815286087
9 12.938686616971207
10 12.48306208082118
11 12.628996123149387
12 12.343885500153515
13 12.965837961961686
14 12.29151110374257
15 12.821733806861097
16 12.139986791395126
17 12.966617047999948
18 13.233681153747881
19 14.184119484596458
20 14.755614247560551
21 14.960900756511727
22 15.272720390461313
23 15.072849948753804
24 15.734457810241855
25 15.32039538350984
26 20.52661192334598
27 22.321243524804583
28 24.70364578266524
29 24.942454040617257
30 26.00525624879052
31 26.15689442408179
32 26.343059625635796
33 26.31678688955637
34 25.89900262234122
35 26.16003372149558
36 27.824342540603087
37 29.93867402196652
38 30.705272624525364
39 31.093229462693337
40 31.110387899354315
41 32.66080052724129
42 34.02728363500733
43 34.24183144792287
44 36.06783949666259
45 36.32591686121274
46 37.53837808168337
47 38.489865160240576
48 38.8722843460126
49 40.030461074091534
50 40.38215082641069
51 42.40774287069973
freeSelLabel GLY 372
0 41.13054211374449
1 8.783214122276227
2 8.309975961662692
3 8.430171417745248
4 8.663899549192008
5 8.65376165358521
6 8.494879817442829
7 8.580533817743097
8 8.741320793742958
9 8.741518420430706
10 7.971686676360591
11 8.05266809438844
12 7.7941830053336405
13 8.168987307837645
14 7.626217538575087
15 8.362576294495723
16 7.2906999828412475
17 8.931945585913756
18 9.390536297432936
19 10.423541753554712
20 11.03687802990689
21 10.984431272879592
22 11.223895746446276
23 11.213542169298467
24 12.03274899485447
25 11.558801825487054
26 18.176070957900592
27 20.20469969794575
28 22.864973918223438
29 23.122786976543573
30 24.41392263225105
31 24.71982620835475
32 24.852261442053614
33 24.871325067387154
34 24.845122037554713
35 24.967980696743936
36 26.16535261663648
37 28.73888231589825
38 29.38388682566571
39 29.826689390392044
40 29.89946389821586
41 31.738030337389528
42 32.68651083306572
43 33.64778337599683
44 34.95202163293671
45 34.6023204857862
46 35.899440343729204
47 36.91093504082116
48 37.73879675454095
49 38.75297147510054
50 38.975920899881444
51 41.13054610010911
freeSelLabel TYR 373
0 40.78903908717915
1 8.508371389745465
2 8.223674907375464
3 8.196616205196941
4 8.528078118831296
5 8.524279869911512
6 8.242455651791792
7 8.335848247253201
8 8.444464749524482
9 8.321959380720605
10 7.285019565636468
11 7.707606468145191
12 7.424240770017605
13 7.456132249736706
14 7.347127516174007
15 7.559289299529444
16 6.016600973342983
17 7.407403847803216
18 7.769210622913763
19 7.800425764747766
20 8.880352065567003
21 9.328376683959537
22 9.85007946896303
23 9.969973132466082
24 10.75672650428807
25 10.287139010855343
26 18.19548318879142
27 20.312480406790765
28 22.786748226118007
29 23.298803065945282
30 24.753548402350724
31 25.1881850217137
32 25.45756863623957
33 25.44571005015185
34 25.433484947545413
35 25.134277774330883
36 27.126564551733672
37 29.641815565942014
38 30.177445578303892
39 30.54262285052564
40 30.68078331664314
41 32.718386459661325
42 32.830645877125505
43 34.07258052847186
44 35.239318192520614
45 34.50242472720238
46 35.68893546678622
47 37.199136075809555
48 37.897127036441454
49 38.55816505688456
50 39.23626090099323
51 40.78904268374922
freeSelLabel VAL 374
0 39.70565466469266
1 14.257384013882305
2 14.04622658710282
3 13.899629070806501
4 14.205132497948131
5 14.338358646249663
6 13.786246619346457
7 13.971852913991603
8 14.2963942858666
9 14.270409354571218
10 13.09688698693224
11 13.288909741912462
12 13.181792636105994
13 13.308994325329705
14 12.903246281712459
15 13.419150713167117
16 10.882912562395179
17 10.579787805757066
18 10.724211782744918
19 11.725051667581546
20 12.291147408827172
21 12.28731393740104
22 12.760293443384633
23 12.613992917188831
24 13.192378302495516
25 12.765493187254437
26 18.567897491189036
27 20.29488987816565
28 22.59224340689585
29 23.084865551762373
30 23.995421818142937
31 24.60853731407158
32 24.53064231795671
33 24.776541472739126
34 24.706111404988157
35 24.46860959721178
36 26.038514909467093
37 28.14286411290913
38 29.24248795381401
39 29.43992155073857
40 29.34717492222216
41 31.075957805479245
42 31.77745678543056
43 32.473808142452896
44 34.113043650235014
45 33.53716992029665
46 35.140998322847096
47 35.56243559996383
48 36.688539828682465
49 37.357681129494175
50 38.0703746677453
51 39.70565909971796
freeSelLabel ASN 375
0 35.47447921806344
1 12.891328743417155
2 12.372640602004438
3 12.223273210780256
4 12.482965530655495
5 12.3009398722049
6 12.198399080090287
7 12.297203478557995
8 12.396781548454605
9 12.323128075968174
10 11.299955814797043
11 11.071957822756096
12 10.97878189290621
13 11.066404174600867
14 10.966762493922158
15 10.909521530814212
16 7.8467102761518435
17 6.26485061771519
18 6.111718469488729
19 7.48461160051115
20 7.733875066054806
21 7.769469635973504
22 8.119243571168646
23 7.949409994654951
24 8.473782789133894
25 8.046656921351373
26 13.597351449725947
27 15.346887131494285
28 17.845658213710042
29 18.098314924890936
30 19.330299269175104
31 19.821532165810137
32 19.91303119095953
33 19.944141992215496
34 20.035611661519244
35 19.652238121948763
36 21.274843684549392
37 23.798116687126093
38 24.461489267683266
39 24.810717327554098
40 24.893146973641297
41 26.827124682554743
42 27.2147332815958
43 28.298555667645815
44 29.445008517646535
45 29.168551168605905
46 30.551427536964493
47 31.1515889217934
48 31.960862039590655
49 33.0016216371064
50 33.28778873704788
51 35.474483148766595
freeSelLabel SER 376
0 35.95993748131929
1 13.474887589831498
2 12.68050395340369
3 12.808743221234081
4 12.697663041581757
5 12.823919922111422
6 12.54471918750008
7 12.620747837346297
8 12.936386097614188
9 12.20056086085129
10 11.685317179775828
11 11.3793515741545
12 11.640095006123326
13 11.336544138639674
14 11.788993948570083
15 11.332905568940447
16 8.322186346652234
17 5.839446534489795
18 6.36391325545876
19 6.416956420036069
20 7.691376667578398
21 7.793228291602445
22 7.779030632310722
23 7.859155703856491
24 8.244054655415042
25 7.875323694806058
26 14.89918288292657
27 16.453391155701194
28 19.42106448627717
29 19.031148401972132
30 21.20346256974417
31 21.064056011152914
32 21.702320625096817
33 21.526493442887695
34 21.92588430299206
35 21.478594804580236
36 23.151040355575162
37 25.64863413886483
38 26.09364354313492
39 26.277091223487933
40 26.93959448071989
41 28.280616486577095
42 28.941035209175247
43 29.725492926397145
44 30.969824779807755
45 30.39905257146648
46 31.608157726100654
47 32.56836572512364
48 33.36996739966498
49 34.36923944547406
50 34.58487240263436
51 35.95994592401609
freeSelLabel ALA 377
0 36.80130807561526
1 16.621527438119575
2 16.23140904357071
3 16.43772359800234
4 16.488598040557523
5 16.526956778092064
6 16.34832579797396
7 16.091817512031216
8 16.439580808641026
9 16.238174008114427
10 15.426600936020753
11 15.124357105178078
12 15.477902317322425
13 15.263714728585956
14 15.516135556728509
15 15.473732523945879
16 12.476555369537632
17 10.101675040238337
18 10.428720246314313
19 10.387286971808559
20 11.578220107574671
21 11.740117314466431
22 11.860054012315967
23 11.882377462798564
24 12.098562750518182
25 11.553731379360636
26 17.307929089701403
27 18.907297642315378
28 21.30245051427651
29 21.34594766688844
30 22.895331342776366
31 23.167353183333407
32 23.16297291923064
33 23.33933771289854
34 23.295531890446
35 23.21676471430409
36 24.642268382238797
37 27.03768279385967
38 27.535904184865416
39 27.83555599067208
40 27.998507001725564
41 29.46964439202621
42 29.94787893777135
43 30.816328078760794
44 31.703781769889865
45 31.75369055733266
46 32.7064293178189
47 33.05478163723531
48 33.985235044116756
49 35.07633129265448
50 35.199064669416394
51 36.80131356514313
freeSelLabel ASN 379
0 30.8641404328199
1 18.09790533803136
2 17.983335812613788
3 17.97281863248161
4 18.192845319486896
5 18.018195565336804
6 17.614771353300114
7 17.6211712199898
8 17.862756355214845
9 17.371659253471105
10 16.479890624749054
11 16.051972306812143
12 16.27966522495808
13 16.169070905080012
14 16.07745921994506
15 15.733072463998054
16 11.24003507540008
17 8.641170830337316
18 8.020086022850569
19 8.06183629035494
20 8.418412025261702
21 8.458589832268872
22 8.734402911804588
23 8.503741547701349
24 8.3466954652223
25 8.432610910768767
26 11.931148659921378
27 13.416443324030473
28 15.587669234793246
29 16.12457418557609
30 17.955516583952097
31 17.9190967876685
32 17.89906098048028
33 18.37013791657169
34 18.669159526396538
35 18.066756242502066
36 19.419712008190558
37 21.859484962834458
38 22.27119689009534
39 22.54981712153284
40 23.011723834020366
41 24.599498529954257
42 25.088941075006115
43 25.308602448793707
44 26.41784165540477
45 26.267386896830974
46 26.887095022857256
47 27.804547712828906
48 28.495435064568117
49 29.62790799255312
50 29.709092742562326
51 30.864149369175852
freeSelLabel PRO 380
0 31.934456210871854
1 21.53496362664876
2 21.41056944116196
3 21.480588071676117
4 21.638538508845954
5 21.37221900279112
6 21.230052193181173
7 21.076692347804443
8 21.356339013278166
9 20.990076600663087
10 20.02972093110991
11 19.524150869739366
12 19.95609312419924
13 19.571231000503992
14 19.709667340580832
15 19.762540716621984
16 14.8092400083628
17 12.4180324114862
18 11.985106360396012
19 12.152656814606052
20 12.402146353828584
21 12.518490184403376
22 12.763933501403015
23 12.595370088603332
24 12.441835242328695
25 12.473851139068357
26 15.321813584995605
27 16.447243106297055
28 18.36829082536109
29 18.86031393932325
30 20.465418961888524
31 20.438795376647594
32 20.190968172176845
33 20.831987359292217
34 21.298487195933784
35 20.62358160377158
36 22.006709883904882
37 24.09355975579207
38 24.292725066539994
39 24.370763734784347
40 24.478162348735527
41 26.0492273850691
42 26.57308750744551
43 26.820957029364404
44 27.57052468399492
45 27.976204014221224
46 28.617718010690474
47 28.556340009469857
48 29.82062667647469
49 30.511696312511766
50 30.628978385069523
51 31.93446513807512
freeSelLabel TYR 383
0 26.191840536384927
1 22.59021834842507
2 22.95108083803255
3 23.050153697628204
4 23.079629652030505
5 22.92980332771378
6 22.793206035908824
7 22.68962363680439
8 23.013487564512097
9 22.28775917210885
10 21.585040309463455
11 20.77374323100701
12 21.376972113475926
13 21.333023695935804
14 21.347206837690948
15 20.801714221933796
16 16.04512678282643
17 12.681559917076447
18 11.971483070797737
19 11.845777340395788
20 11.6453458042648
21 12.081871594082452
22 12.040100004935697
23 11.952843670464897
24 11.393507228891222
25 11.184719030705644
26 11.004251675916636
27 11.614819160721671
28 13.416912427691356
29 13.833440453459204
30 15.126211259798012
31 14.970061463700905
32 15.347139468004494
33 15.367908427906164
34 15.507229396844892
35 15.669633281199355
36 17.067509582058236
37 18.513696586743666
38 19.207031649613427
39 18.983218676778
40 18.847616003670662
41 20.727327532740926
42 20.817800911437143
43 21.025597126323973
44 21.778001464548115
45 21.935617347001187
46 22.877977952995636
47 23.228547339387347
48 23.84081151745314
49 24.608795565703748
50 24.6510154230744
51 26.191842679438253
