                  :-) GROMACS - gmx mdrun, 2026.2-Homebrew (-:

Copyright 1991-2026 The GROMACS Authors.
GROMACS is free software; you can redistribute it and/or modify it
under the terms of the GNU Lesser General Public License
as published by the Free Software Foundation; either version 2.1
of the License, or (at your option) any later version.

                         Current GROMACS contributors:
       Mark Abraham           Andrey Alekseenko           Brian Andrews       
        Paul Bauer              Cathrine Bergh              Hugh Bird         
      Eliane Briand               Ania Brown                Yiqi Chen         
      Mahesh Doijade            Giacomo Fiorin          Stefan Fleischmann    
      Sergey Gorelov         Gilles Gouaillardet            Alan Gray         
   Farzaneh Jalalypour         Petter Johansson          Carsten Kutzner      
    Grzegorz Łazarski         Justin A. Lemkul          Magnus Lundborg      
        Julio Maia               Pascal Merz             Vedran Miletić      
      Dmitry Morozov           Lukas Müllender           Szilárd Páll      
 Andrea Pasquadibisceglie     Michele Pellegrino         Nicola Piasentin     
     Daniele Rapetti         Muhammad Umair Sadiq         Hubert Santuz       
      Michael Shirts           Tatiana Shugaeva          Alexey Shvetsov      
     Bálint Soproni            Philip Turner            Alessandra Villa     
        Yang Zhang        

                         Previous GROMACS contributors:
        Emile Apol             Rossen Apostolov           James Barnett       
      Vladimir Basov        Herman J.C. Berendsen          Par Bjelkmar       
      Christian Blau          Viacheslav Bolnykh            Kevin Boyd        
    Aldert van Buuren          Carlo Camilloni           Rudi van Drunen      
      Anton Feenstra           Oliver Fleetwood            Vytas Gapsys       
       Gaurav Garg             Gerrit Groenhof            Bert de Groot       
      Anca Hamuraru           Vincent Hindriksen          Victor Holanda      
     M. Eric Irrgang           Aleksei Iupinov              Joe Jordan        
    Christoph Junghans        Prashanth Kanduri        Dimitrios Karkoulis    
       Peter Kasson             Sebastian Kehl           Sebastian Keller     
        Jiri Kraus               Per Larsson              Viveca Lindahl      
      Erik Marklund           Pieter Meulenhoff           Teemu Murtola       
       Julien Nabet              Sander Pronk             Roland Schulz       
      Alfons Sijbers         David van der Spoel          Peter Tieleman      
      Carsten Uphoff             Jon Vincent             Teemu Virolainen     
    Christian Wennberg     Sebastian Wingbermühle         Maarten Wolf       
      Artem Zhmurov       

                  Coordinated by the GROMACS project leaders:
                           Berk Hess and Erik Lindahl

GROMACS:      gmx mdrun, version 2026.2-Homebrew
Executable:   /opt/homebrew/bin/../Cellar/gromacs/2026.2/bin/gmx
Data prefix:  /opt/homebrew/bin/../Cellar/gromacs/2026.2
Working dir:  /Users/mariapaupijoan/Desktop/Master/3rd TERM/MSI/MSI_project/Steered_Molecular_Dynamics/3PBL-MOD/MOD1/GROMACS/derivative_1_gpu/rep1
Process ID:   22678
Command line:
  gmx mdrun -deffnm smd_repl1_MOD1 -v

GROMACS version:     2026.2-Homebrew
Precision:           mixed
Memory model:        64 bit
MPI library:         thread_mpi
MPI version:         built in
OpenMP support:      enabled (GMX_OPENMP_MAX_THREADS = 128)
GPU support:         disabled
SIMD instructions:   ARM_NEON_ASIMD
CPU FFT library:     fftw-3.3.11
GPU FFT library:     none
Multi-GPU FFT:       none
TNG support:         enabled
Hwloc support:       disabled
Tracing support:     disabled
Colvars support:     enabled (version 2025-10-13)
CP2K support:        disabled
Torch support:       disabled
Plumed support:      enabled
C compiler:          /usr/bin/clang
C compiler flags:    -Wno-missing-field-initializers -fno-stack-check -O3 -DNDEBUG
C++ compiler:        /usr/bin/clang++
C++ compiler flags:  -Wno-reserved-identifier -Wno-missing-field-initializers -fno-stack-check -Weverything -Wno-c++98-compat -Wno-c++98-compat-pedantic -Wno-return-std-move-in-c++11 -Wno-source-uses-openmp -Wno-c++17-extensions -Wno-documentation-unknown-command -Wno-covered-switch-default -Wno-switch-enum -Wno-switch-default -Wno-extra-semi-stmt -Wno-weak-vtables -Wno-shadow -Wno-padded -Wno-reserved-id-macro -Wno-double-promotion -Wno-exit-time-destructors -Wno-global-constructors -Wno-documentation -Wno-format-nonliteral -Wno-used-but-marked-unused -Wno-float-equal -Wno-conditional-uninitialized -Wno-conversion -Wno-disabled-macro-expansion -Wno-unused-macros -Wno-unsafe-buffer-usage -Wno-stringop-truncation -Wno-cast-function-type-strict SHELL:-Xclang -fopenmp -O3 -DNDEBUG
BLAS library:        External - detected on the system
LAPACK library:      External - detected on the system


Running on 1 node with total 0 processing units
Hardware detected on host mar-101-64.eduroamcm.upf.edu:
  CPU info:
    Vendor: ARM
    Brand:  Unknown CPU brand
    Family: 0   Model: 0   Stepping: 0
    Features: neon neon_asimd
  Hardware topology: Only logical processor count
    CPU limit set by OS: -1   Recommended max number of threads: 8


++++ PLEASE READ AND CITE THE FOLLOWING REFERENCE ++++
M. J. Abraham, T. Murtola, R. Schulz, S. Páll, J. C. Smith, B. Hess, E.
Lindahl
GROMACS: High performance molecular simulations through multi-level
parallelism from laptops to supercomputers
SoftwareX (2015)
https://doi.org/10.1016/j.softx.2015.06.001
-------- -------- --- Thank You --- -------- --------


++++ PLEASE READ AND CITE THE FOLLOWING REFERENCE ++++
S. Páll, M. J. Abraham, C. Kutzner, B. Hess, E. Lindahl
Tackling Exascale Software Challenges in Molecular Dynamics Simulations with
GROMACS
In S. Markidis & E. Laure (Eds.), Solving Software Challenges for Exascale (2015)
https://doi.org/10.1007/978-3-319-15976-8_1
-------- -------- --- Thank You --- -------- --------


++++ PLEASE READ AND CITE THE FOLLOWING REFERENCE ++++
S. Pronk, S. Páll, R. Schulz, P. Larsson, P. Bjelkmar, R. Apostolov, M. R.
Shirts, J. C. Smith, P. M. Kasson, D. van der Spoel, B. Hess, E. Lindahl
GROMACS 4.5: a high-throughput and highly parallel open source molecular
simulation toolkit
Bioinformatics (2013)
https://doi.org/10.1093/bioinformatics/btt055
-------- -------- --- Thank You --- -------- --------


++++ PLEASE READ AND CITE THE FOLLOWING REFERENCE ++++
B. Hess, C. Kutzner, D. van der Spoel, E. Lindahl
GROMACS 4: Algorithms for highly efficient, load-balanced, and scalable
molecular simulation
J. Chem. Theory Comput. (2008)
https://doi.org/10.1021/ct700301q
-------- -------- --- Thank You --- -------- --------


++++ PLEASE READ AND CITE THE FOLLOWING REFERENCE ++++
D. van der Spoel, E. Lindahl, B. Hess, G. Groenhof, A. E. Mark, H. J. C.
Berendsen
GROMACS: Fast, Flexible and Free
J. Comp. Chem. (2005)
https://doi.org/10.1002/jcc.20291
-------- -------- --- Thank You --- -------- --------


++++ PLEASE READ AND CITE THE FOLLOWING REFERENCE ++++
E. Lindahl, B. Hess, D. van der Spoel
GROMACS 3.0: A package for molecular simulation and trajectory analysis
J. Mol. Mod. (2001)
https://doi.org/10.1007/s008940100045
-------- -------- --- Thank You --- -------- --------


++++ PLEASE READ AND CITE THE FOLLOWING REFERENCE ++++
H. J. C. Berendsen, D. van der Spoel and R. van Drunen
GROMACS: A message-passing parallel molecular dynamics implementation
Comp. Phys. Comm. (1995)
https://doi.org/10.1016/0010-4655(95)00042-E
-------- -------- --- Thank You --- -------- --------

Input Parameters:
   integrator                     = md
   tinit                          = 0
   dt                             = 0.002
   nsteps                         = 250000
   init-step                      = 0
   simulation-part                = 1
   mts                            = false
   mass-repartition-factor        = 1
   comm-mode                      = Linear
   nstcomm                        = 100
   bd-fric                        = 0
   ld-seed                        = 1071836846
   emtol                          = 10
   emstep                         = 0.01
   niter                          = 20
   fcstep                         = 0
   nstcgsteep                     = 1000
   nbfgscorr                      = 10
   rtpi                           = 0.05
   nstxout                        = 0
   nstvout                        = 0
   nstfout                        = 0
   nstlog                         = 500
   nstcalcenergy                  = 100
   nstenergy                      = 500
   nstxout-compressed             = 5000
   compressed-x-precision         = 1000
   cutoff-scheme                  = Verlet
   nstlist                        = 20
   pbc                            = xyz
   periodic-molecules             = false
   verlet-buffer-tolerance        = 0.005
   verlet-buffer-pressure-tolerance = 0.5
   rlist                          = 1.214
   coulombtype                    = Cut-off
   coulomb-modifier               = Potential-shift
   rcoulomb-switch                = 0
   rcoulomb                       = 1
   epsilon-r                      = 1
   epsilon-rf                     = inf
   vdw-type                       = Cut-off
   vdw-modifier                   = Potential-shift
   rvdw-switch                    = 0
   rvdw                           = 1
   DispCorr                       = No
   table-extension                = 1
   fourierspacing                 = 0.12
   fourier-nx                     = 0
   fourier-ny                     = 0
   fourier-nz                     = 0
   pme-order                      = 4
   ewald-rtol                     = 1e-05
   ewald-rtol-lj                  = 0.001
   lj-pme-comb-rule               = Geometric
   ewald-geometry                 = 3d
   epsilon-surface                = 0
   ensemble-temperature-setting   = constant
   ensemble-temperature           = 300
   tcoupl                         = V-rescale
   nsttcouple                     = 10
   nh-chain-length                = 0
   print-nose-hoover-chain-variables = false
   pcoupl                         = No
   refcoord-scaling               = No
   posres-com: not available
   posres-comB: not available
   QMMM                           = false
qm-opts:
   ngQM                           = 0
   constraint-algorithm           = Lincs
   continuation                   = false
   Shake-SOR                      = false
   shake-tol                      = 0.0001
   lincs-order                    = 4
   lincs-iter                     = 1
   lincs-warnangle                = 30
   nwall                          = 0
   wall-type                      = 9-3
   wall-r-linpot                  = -1
   wall-atomtype[0]               = -1
   wall-atomtype[1]               = -1
   wall-density[0]                = 0
   wall-density[1]                = 0
   wall-ewald-zfac                = 3
   pull                           = true
   pull-cylinder-r                = 1.5
   pull-constr-tol                = 1e-06
   pull-print-COM                 = false
   pull-print-ref-value           = false
   pull-print-components          = false
   pull-nstxout                   = 100
   pull-nstfout                   = 100
   pull-pbc-ref-prev-step-com     = true
   pull-xout-average              = false
   pull-fout-average              = false
   pull-ngroups                   = 3
   pull-group 0:
     atom: not available
     weight: not available
     pbcatom                        = -1
   pull-group 1:
     atom (4565):
        atom[0,...,4564] = {0,...,4564}
     weight: not available
     pbcatom                        = 1969
   pull-group 2:
     atom (50):
        atom[0,...,49] = {4565,...,4614}
     weight: not available
     pbcatom                        = 4589
   pull-ncoords                   = 1
   pull-coord 0:
   type                           = umbrella
   geometry                       = direction
   group[0]                       = 1
   group[1]                       = 2
   dim (3):
      dim[0]=0
      dim[1]=0
      dim[2]=1
   origin (3):
      origin[0]= 0.00000e+00
      origin[1]= 0.00000e+00
      origin[2]= 0.00000e+00
   vec (3):
      vec[0]= 0.00000e+00
      vec[1]= 0.00000e+00
      vec[2]= 1.00000e+00
   start                          = true
   init                           = -1.41114
   rate                           = 0.01
   k                              = 1000
   kB                             = 1000
   awh                            = false
   rotation                       = false
   interactiveMD                  = false
   disre                          = No
   disre-weighting                = Conservative
   disre-mixed                    = false
   dr-fc                          = 1000
   dr-tau                         = 0
   nstdisreout                    = 100
   orire-fc                       = 0
   orire-tau                      = 0
   nstorireout                    = 100
   free-energy                    = no
   cos-acceleration               = 0
   deform (3x3):
      deform[    0]={ 0.00000e+00,  0.00000e+00,  0.00000e+00}
      deform[    1]={ 0.00000e+00,  0.00000e+00,  0.00000e+00}
      deform[    2]={ 0.00000e+00,  0.00000e+00,  0.00000e+00}
   simulated-tempering            = false
   swapcoords                     = no
   userint1                       = 0
   userint2                       = 0
   userint3                       = 0
   userint4                       = 0
   userreal1                      = 0
   userreal2                      = 0
   userreal3                      = 0
   userreal4                      = 0
   applied-forces:
     electric-field:
       x:
         E0                       = 0
         omega                    = 0
         t0                       = 0
         sigma                    = 0
       y:
         E0                       = 0
         omega                    = 0
         t0                       = 0
         sigma                    = 0
       z:
         E0                       = 0
         omega                    = 0
         t0                       = 0
         sigma                    = 0
     density-guided-simulation:
       active                     = false
       group                      = protein
       similarity-measure         = inner-product
       atom-spreading-weight      = unity
       force-constant             = 1e+09
       gaussian-transform-spreading-width = 0.2
       gaussian-transform-spreading-range-in-multiples-of-width = 4
       reference-density-filename = reference.mrc
       nst                        = 1
       normalize-densities        = true
       adaptive-force-scaling     = false
       adaptive-force-scaling-time-constant = 4
       shift-vector               = 
       transformation-matrix      = 
     qmmm-cp2k:
       active                     = false
       qmgroup                    = System
       qmmethod                   = PBE
       qmfilenames                = 
       qmcharge                   = 0
       qmmultiplicity             = 1
     colvars:
       active                     = false
       configfile                 = 
       seed                       = -1
     nnpot:
       active                     = false
       modelfile                  = model.pt
       input-group                = System
       link-type                  = H
       link-distance              = 0.1
       pair-cutoff                = 0
       embedding                  = mechanical
       nnp-charge                 = 0
       model-input1               = 
       model-input2               = 
       model-input3               = 
       model-input4               = 
       model-input5               = 
       model-input6               = 
       model-input7               = 
       model-input8               = 
       model-input9               = 
   fast-multipole-method:
     fmm:
       backend                    = inactive
       exafmm-order               = 6
       exafmm-direct-range        = 2
       exafmm-direct-provider     = GROMACS
       exafmm-tree-type           = uniform
       exafmm-tree-depth          = 0
       exafmm-max-particles-per-cell = 0
       fmsolvr-order              = 8
       fmsolvr-direct-range       = 1
       fmsolvr-direct-provider    = FMM
       fmsolvr-dipole-compensation = true
       fmsolvr-tree-depth         = 3
       fmsolvr-sparse             = false
grpopts:
   nrdf:      153493
   ref-t:         300
   tau-t:         0.1
annealing:          No
annealing-npoints:           0
   acc:	           0           0           0
   nfreeze:           N           N           N
   energygrp-flags[  0]: 0

Update groups can not be used for this system because an incompatible virtual site type is used

Local state does not use filler particles

Using 1 MPI thread
Using 8 OpenMP threads 

System total charge: 0.000
Potential shift: LJ r^-12: -1.000e+00 r^-6: -1.000e+00, Coulomb -1e+00
Generated table with 1107 data points for 1-4 COUL.
Tabscale = 500 points/nm
Generated table with 1107 data points for 1-4 LJ6.
Tabscale = 500 points/nm
Generated table with 1107 data points for 1-4 LJ12.
Tabscale = 500 points/nm


Using SIMD4xM 4x4 nonbonded short-range kernels

Using a dual 4x4 pair-list setup updated with dynamic pruning:
  outer list: updated every 20 steps, buffer 0.214 nm, rlist 1.214 nm
  inner list: updated every  5 steps, buffer 0.039 nm, rlist 1.039 nm
At tolerance 0.005 kJ/mol/ps per atom, equivalent classical 1x1 list would be:
  outer list: updated every 20 steps, buffer 0.261 nm, rlist 1.261 nm
  inner list: updated every  5 steps, buffer 0.050 nm, rlist 1.050 nm

The average pressure is off by at most 0.00 bar due to missing LJ interactions

Using full Lennard-Jones parameter combination matrix
Removing pbc first time

Will apply potential COM pulling
with 1 pull coordinate and 2 groups
Pull group 1:  4565 atoms, mass 31941.320
Pull group 2:    50 atoms, mass   433.311

Initializing LINear Constraint Solver

++++ PLEASE READ AND CITE THE FOLLOWING REFERENCE ++++
B. Hess, H. Bekker, H. J. C. Berendsen, J. G. E. M. Fraaije
LINCS: A Linear Constraint Solver for molecular simulations
J. Comp. Chem. (1997)
https://doi.org/10.1002/(sici)1096-987x(199709)18:12<1463::aid-jcc4>3.0.co;2-h
-------- -------- --- Thank You --- -------- --------

The number of constraints is 14897

++++ PLEASE READ AND CITE THE FOLLOWING REFERENCE ++++
S. Miyamoto, P. A. Kollman
SETTLE: An Analytical Version of the SHAKE and RATTLE Algorithms for Rigid
Water Models
J. Comp. Chem. (1992)
https://doi.org/10.1002/jcc.540130805
-------- -------- --- Thank You --- -------- --------


++++ PLEASE READ AND CITE THE FOLLOWING REFERENCE ++++
G. Bussi, D. Donadio, M. Parrinello
Canonical sampling through velocity rescaling
J. Chem. Phys. (2007)
https://doi.org/10.1063/1.2408420
-------- -------- --- Thank You --- -------- --------

There are: 71592 Atoms
There are: 1 VSites

Constraining the starting coordinates (step 0)

Constraining the coordinates at t0-dt (step 0)
Center of mass motion removal mode is Linear
We have the following groups for center of mass motion removal:
  0:  rest
RMS relative constraint deviation after constraining: 3.63e-06
Initial temperature: 303.397 K

Started mdrun on rank 0 Tue Jun  2 10:34:24 2026

           Step           Time
              0        0.00000

   Energies (kJ/mol)
           Bond            U-B    Proper Dih.  Improper Dih.      CMAP Dih.
    1.30004e+04    6.07522e+04    4.46830e+04    9.60685e+02   -1.22350e+02
          LJ-14     Coulomb-14        LJ (SR)   Coulomb (SR)   COM Pull En.
    9.14754e+03   -2.70718e+04    2.85109e+04   -8.04521e+05    2.35423e-12
      Potential    Kinetic En.   Total Energy  Conserved En.    Temperature
   -6.74660e+05    1.93882e+05   -4.80778e+05   -4.80778e+05    3.03839e+02
 Pressure (bar)   Constr. rmsd
    2.76491e+02    3.60674e-06

           Step           Time
            500        1.00000

   Energies (kJ/mol)
           Bond            U-B    Proper Dih.  Improper Dih.      CMAP Dih.
    9.81253e+03    4.96865e+04    4.39206e+04    8.07227e+02   -1.01963e+02
          LJ-14     Coulomb-14        LJ (SR)   Coulomb (SR)   COM Pull En.
    8.81643e+03   -2.75820e+04    1.79888e+04   -9.28533e+05    4.64363e-06
      Potential    Kinetic En.   Total Energy  Conserved En.    Temperature
   -8.25185e+05    1.96196e+05   -6.28988e+05   -4.69155e+05    3.07467e+02
 Pressure (bar)   Constr. rmsd
    1.76856e+02    2.82975e-06

           Step           Time
           1000        2.00000

   Energies (kJ/mol)
           Bond            U-B    Proper Dih.  Improper Dih.      CMAP Dih.
    9.79395e+03    4.95700e+04    4.37167e+04    7.95836e+02   -1.29124e+02
          LJ-14     Coulomb-14        LJ (SR)   Coulomb (SR)   COM Pull En.
    8.67900e+03   -2.72321e+04    1.91600e+04   -9.41630e+05    2.08783e-01
      Potential    Kinetic En.   Total Energy  Conserved En.    Temperature
   -8.37276e+05    1.94474e+05   -6.42802e+05   -4.57830e+05    3.04768e+02
 Pressure (bar)   Constr. rmsd
   -6.01668e+02    2.77425e-06

           Step           Time
           1500        3.00000

   Energies (kJ/mol)
           Bond            U-B    Proper Dih.  Improper Dih.      CMAP Dih.
    9.84122e+03    4.91228e+04    4.37505e+04    8.28736e+02   -1.80145e+02
          LJ-14     Coulomb-14        LJ (SR)   Coulomb (SR)   COM Pull En.
    8.75911e+03   -2.73171e+04    1.83976e+04   -9.48416e+05    2.24336e-01
      Potential    Kinetic En.   Total Energy  Conserved En.    Temperature
   -8.45213e+05    1.91324e+05   -6.53889e+05   -4.46618e+05    2.99831e+02
 Pressure (bar)   Constr. rmsd
   -1.11134e+03    2.87903e-06

           Step           Time
           2000        4.00000

   Energies (kJ/mol)
           Bond            U-B    Proper Dih.  Improper Dih.      CMAP Dih.
    9.66651e+03    4.93998e+04    4.34718e+04    8.00699e+02   -8.43525e+01
          LJ-14     Coulomb-14        LJ (SR)   Coulomb (SR)   COM Pull En.
    8.61313e+03   -2.67182e+04    1.77093e+04   -9.52731e+05    2.10494e+00
      Potential    Kinetic En.   Total Energy  Conserved En.    Temperature
   -8.49870e+05    1.93179e+05   -6.56691e+05   -4.34809e+05    3.02738e+02
 Pressure (bar)   Constr. rmsd
   -1.18907e+03    2.92076e-06

           Step           Time
           2500        5.00000

   Energies (kJ/mol)
           Bond            U-B    Proper Dih.  Improper Dih.      CMAP Dih.
    1.01081e+04    4.99936e+04    4.37752e+04    7.77165e+02   -1.02798e+02
          LJ-14     Coulomb-14        LJ (SR)   Coulomb (SR)   COM Pull En.
    8.62376e+03   -2.72895e+04    1.76957e+04   -9.54258e+05    2.93875e+00
      Potential    Kinetic En.   Total Energy  Conserved En.    Temperature
   -8.50674e+05    1.93402e+05   -6.57272e+05   -4.23537e+05    3.03088e+02
 Pressure (bar)   Constr. rmsd
   -1.10038e+03    2.89090e-06

           Step           Time
           3000        6.00000

   Energies (kJ/mol)
           Bond            U-B    Proper Dih.  Improper Dih.      CMAP Dih.
    1.00806e+04    4.93533e+04    4.37829e+04    7.64361e+02   -1.05682e+02
          LJ-14     Coulomb-14        LJ (SR)   Coulomb (SR)   COM Pull En.
    8.70598e+03   -2.78524e+04    1.69856e+04   -9.55402e+05    4.19297e+00
      Potential    Kinetic En.   Total Energy  Conserved En.    Temperature
   -8.53683e+05    1.91841e+05   -6.61842e+05   -4.12300e+05    3.00642e+02
 Pressure (bar)   Constr. rmsd
   -1.21594e+03    2.99966e-06

           Step           Time
           3500        7.00000

   Energies (kJ/mol)
           Bond            U-B    Proper Dih.  Improper Dih.      CMAP Dih.
    9.97877e+03    5.00921e+04    4.36304e+04    8.09739e+02   -1.51648e+02
          LJ-14     Coulomb-14        LJ (SR)   Coulomb (SR)   COM Pull En.
    8.59353e+03   -2.75024e+04    1.76553e+04   -9.57677e+05    6.95607e+00
      Potential    Kinetic En.   Total Energy  Conserved En.    Temperature
   -8.54564e+05    1.94377e+05   -6.60187e+05   -4.00968e+05    3.04615e+02
 Pressure (bar)   Constr. rmsd
   -1.21251e+03    2.95279e-06

           Step           Time
           4000        8.00000

   Energies (kJ/mol)
           Bond            U-B    Proper Dih.  Improper Dih.      CMAP Dih.
    1.00281e+04    4.96645e+04    4.35878e+04    7.60672e+02   -9.80849e+01
          LJ-14     Coulomb-14        LJ (SR)   Coulomb (SR)   COM Pull En.
    8.71724e+03   -2.74511e+04    1.81590e+04   -9.58835e+05    9.04458e+00
      Potential    Kinetic En.   Total Energy  Conserved En.    Temperature
   -8.55458e+05    1.93043e+05   -6.62414e+05   -3.89389e+05    3.02526e+02
 Pressure (bar)   Constr. rmsd
   -1.08888e+03    2.89703e-06

           Step           Time
           4500        9.00000

   Energies (kJ/mol)
           Bond            U-B    Proper Dih.  Improper Dih.      CMAP Dih.
    9.92002e+03    5.04081e+04    4.37324e+04    8.11644e+02   -6.87152e+01
          LJ-14     Coulomb-14        LJ (SR)   Coulomb (SR)   COM Pull En.
    8.65615e+03   -2.76016e+04    1.85171e+04   -9.61258e+05    8.99371e+00
      Potential    Kinetic En.   Total Energy  Conserved En.    Temperature
   -8.56874e+05    1.93762e+05   -6.63112e+05   -3.78276e+05    3.03652e+02
 Pressure (bar)   Constr. rmsd
   -1.56218e+03    2.88429e-06

           Step           Time
           5000       10.00000

   Energies (kJ/mol)
           Bond            U-B    Proper Dih.  Improper Dih.      CMAP Dih.
    1.02385e+04    5.02241e+04    4.34632e+04    7.13356e+02   -1.88394e+02
          LJ-14     Coulomb-14        LJ (SR)   Coulomb (SR)   COM Pull En.
    8.78585e+03   -2.75153e+04    1.99670e+04   -9.64339e+05    8.78000e+00
      Potential    Kinetic En.   Total Energy  Conserved En.    Temperature
   -8.58642e+05    1.92451e+05   -6.66191e+05   -3.66896e+05    3.01598e+02
 Pressure (bar)   Constr. rmsd
   -9.69094e+02    2.86224e-06

           Step           Time
           5500       11.00000

   Energies (kJ/mol)
           Bond            U-B    Proper Dih.  Improper Dih.      CMAP Dih.
    1.00436e+04    5.04194e+04    4.35802e+04    7.92378e+02   -1.82451e+02
          LJ-14     Coulomb-14        LJ (SR)   Coulomb (SR)   COM Pull En.
    8.77455e+03   -2.73190e+04    1.85437e+04   -9.62861e+05    1.15628e+01
      Potential    Kinetic En.   Total Energy  Conserved En.    Temperature
   -8.58197e+05    1.92551e+05   -6.65646e+05   -3.55307e+05    3.01754e+02
 Pressure (bar)   Constr. rmsd
   -1.50525e+03    2.99639e-06

           Step           Time
           6000       12.00000

   Energies (kJ/mol)
           Bond            U-B    Proper Dih.  Improper Dih.      CMAP Dih.
    1.02450e+04    5.03416e+04    4.38564e+04    8.28436e+02   -1.18228e+02
          LJ-14     Coulomb-14        LJ (SR)   Coulomb (SR)   COM Pull En.
    8.66947e+03   -2.80566e+04    1.88478e+04   -9.64001e+05    1.11328e+01
      Potential    Kinetic En.   Total Energy  Conserved En.    Temperature
   -8.59376e+05    1.92978e+05   -6.66398e+05   -3.43832e+05    3.02424e+02
 Pressure (bar)   Constr. rmsd
   -1.23805e+03    2.96527e-06

           Step           Time
           6500       13.00000

   Energies (kJ/mol)
           Bond            U-B    Proper Dih.  Improper Dih.      CMAP Dih.
    1.03501e+04    5.06642e+04    4.38277e+04    8.92893e+02   -1.44159e+02
          LJ-14     Coulomb-14        LJ (SR)   Coulomb (SR)   COM Pull En.
    8.61998e+03   -2.77793e+04    1.86696e+04   -9.66251e+05    1.65196e+01
      Potential    Kinetic En.   Total Energy  Conserved En.    Temperature
   -8.61134e+05    1.93081e+05   -6.68053e+05   -3.32350e+05    3.02584e+02
 Pressure (bar)   Constr. rmsd
   -1.88575e+03    2.89934e-06

           Step           Time
           7000       14.00000

   Energies (kJ/mol)
           Bond            U-B    Proper Dih.  Improper Dih.      CMAP Dih.
    9.95867e+03    5.09814e+04    4.34361e+04    7.35401e+02   -1.47553e+02
          LJ-14     Coulomb-14        LJ (SR)   Coulomb (SR)   COM Pull En.
    8.72782e+03   -2.73923e+04    1.81695e+04   -9.66789e+05    8.59559e+00
      Potential    Kinetic En.   Total Energy  Conserved En.    Temperature
   -8.62312e+05    1.91705e+05   -6.70607e+05   -3.20639e+05    3.00428e+02
 Pressure (bar)   Constr. rmsd
   -1.21046e+03    3.02870e-06

           Step           Time
           7500       15.00000

   Energies (kJ/mol)
           Bond            U-B    Proper Dih.  Improper Dih.      CMAP Dih.
    1.03853e+04    5.07915e+04    4.36326e+04    8.29918e+02   -1.75635e+02
          LJ-14     Coulomb-14        LJ (SR)   Coulomb (SR)   COM Pull En.
    8.67476e+03   -2.69929e+04    1.91675e+04   -9.68935e+05    1.35119e+01
      Potential    Kinetic En.   Total Energy  Conserved En.    Temperature
   -8.62608e+05    1.92107e+05   -6.70502e+05   -3.08865e+05    3.01058e+02
 Pressure (bar)   Constr. rmsd
   -1.54119e+03    2.97003e-06

           Step           Time
           8000       16.00000

   Energies (kJ/mol)
           Bond            U-B    Proper Dih.  Improper Dih.      CMAP Dih.
    1.03617e+04    5.12471e+04    4.37404e+04    8.18757e+02   -9.87827e+01
          LJ-14     Coulomb-14        LJ (SR)   Coulomb (SR)   COM Pull En.
    8.55860e+03   -2.78126e+04    1.86231e+04   -9.67135e+05    9.63035e+00
      Potential    Kinetic En.   Total Energy  Conserved En.    Temperature
   -8.61687e+05    1.91636e+05   -6.70051e+05   -2.97819e+05    3.00320e+02
 Pressure (bar)   Constr. rmsd
   -1.97176e+03    2.98197e-06

           Step           Time
           8500       17.00000

   Energies (kJ/mol)
           Bond            U-B    Proper Dih.  Improper Dih.      CMAP Dih.
    1.02103e+04    5.10848e+04    4.34594e+04    8.33198e+02   -1.89649e+02
          LJ-14     Coulomb-14        LJ (SR)   Coulomb (SR)   COM Pull En.
    8.56538e+03   -2.74730e+04    1.89219e+04   -9.68560e+05    1.18246e+01
      Potential    Kinetic En.   Total Energy  Conserved En.    Temperature
   -8.63136e+05    1.93644e+05   -6.69491e+05   -2.86679e+05    3.03467e+02
 Pressure (bar)   Constr. rmsd
   -1.44315e+03    3.07662e-06

           Step           Time
           9000       18.00000

   Energies (kJ/mol)
           Bond            U-B    Proper Dih.  Improper Dih.      CMAP Dih.
    1.02462e+04    5.10571e+04    4.35344e+04    8.29100e+02   -1.34200e+02
          LJ-14     Coulomb-14        LJ (SR)   Coulomb (SR)   COM Pull En.
    8.70386e+03   -2.74280e+04    1.76258e+04   -9.68624e+05    1.75789e+01
      Potential    Kinetic En.   Total Energy  Conserved En.    Temperature
   -8.64172e+05    1.90987e+05   -6.73185e+05   -2.75107e+05    2.99303e+02
 Pressure (bar)   Constr. rmsd
   -1.81442e+03    2.94313e-06

           Step           Time
           9500       19.00000

   Energies (kJ/mol)
           Bond            U-B    Proper Dih.  Improper Dih.      CMAP Dih.
    1.02215e+04    5.05542e+04    4.33732e+04    8.33697e+02   -1.28522e+02
          LJ-14     Coulomb-14        LJ (SR)   Coulomb (SR)   COM Pull En.
    8.72933e+03   -2.78779e+04    2.03566e+04   -9.73179e+05    1.89076e+01
      Potential    Kinetic En.   Total Energy  Conserved En.    Temperature
   -8.67098e+05    1.92547e+05   -6.74551e+05   -2.64006e+05    3.01748e+02
 Pressure (bar)   Constr. rmsd
   -1.05945e+03    3.04072e-06

           Step           Time
          10000       20.00000

   Energies (kJ/mol)
           Bond            U-B    Proper Dih.  Improper Dih.      CMAP Dih.
    1.05007e+04    5.17197e+04    4.37111e+04    8.15512e+02   -1.42584e+02
          LJ-14     Coulomb-14        LJ (SR)   Coulomb (SR)   COM Pull En.
    8.66336e+03   -2.78794e+04    2.04562e+04   -9.70335e+05    2.73434e+01
      Potential    Kinetic En.   Total Energy  Conserved En.    Temperature
   -8.62463e+05    1.92567e+05   -6.69896e+05   -2.52444e+05    3.01779e+02
 Pressure (bar)   Constr. rmsd
   -1.47671e+03    3.07142e-06

           Step           Time
          10500       21.00000

   Energies (kJ/mol)
           Bond            U-B    Proper Dih.  Improper Dih.      CMAP Dih.
    1.01829e+04    5.12958e+04    4.36601e+04    8.23549e+02   -1.20859e+02
          LJ-14     Coulomb-14        LJ (SR)   Coulomb (SR)   COM Pull En.
    8.68031e+03   -2.72593e+04    1.88951e+04   -9.71906e+05    2.06228e+01
      Potential    Kinetic En.   Total Energy  Conserved En.    Temperature
   -8.65728e+05    1.93106e+05   -6.72622e+05   -2.40672e+05    3.02624e+02
 Pressure (bar)   Constr. rmsd
   -1.58168e+03    3.01577e-06

           Step           Time
          11000       22.00000

   Energies (kJ/mol)
           Bond            U-B    Proper Dih.  Improper Dih.      CMAP Dih.
    1.04910e+04    5.10769e+04    4.36446e+04    8.83845e+02   -8.18247e+01
          LJ-14     Coulomb-14        LJ (SR)   Coulomb (SR)   COM Pull En.
    8.66146e+03   -2.74988e+04    1.89369e+04   -9.70291e+05    1.90671e+01
      Potential    Kinetic En.   Total Energy  Conserved En.    Temperature
   -8.64158e+05    1.92214e+05   -6.71944e+05   -2.29224e+05    3.01226e+02
 Pressure (bar)   Constr. rmsd
   -1.41560e+03    3.02341e-06

           Step           Time
          11500       23.00000

   Energies (kJ/mol)
           Bond            U-B    Proper Dih.  Improper Dih.      CMAP Dih.
    1.02377e+04    5.04540e+04    4.36277e+04    8.13138e+02   -1.50279e+02
          LJ-14     Coulomb-14        LJ (SR)   Coulomb (SR)   COM Pull En.
    8.65912e+03   -2.70119e+04    1.86381e+04   -9.71884e+05    2.84159e+01
      Potential    Kinetic En.   Total Energy  Conserved En.    Temperature
   -8.66588e+05    1.91224e+05   -6.75364e+05   -2.18063e+05    2.99674e+02
 Pressure (bar)   Constr. rmsd
   -1.53911e+03    3.10159e-06

           Step           Time
          12000       24.00000

   Energies (kJ/mol)
           Bond            U-B    Proper Dih.  Improper Dih.      CMAP Dih.
    1.03789e+04    5.11253e+04    4.36495e+04    8.53502e+02   -1.59575e+02
          LJ-14     Coulomb-14        LJ (SR)   Coulomb (SR)   COM Pull En.
    8.71165e+03   -2.71946e+04    1.89069e+04   -9.71734e+05    2.41203e+01
      Potential    Kinetic En.   Total Energy  Conserved En.    Temperature
   -8.65438e+05    1.93251e+05   -6.72187e+05   -2.06768e+05    3.02852e+02
 Pressure (bar)   Constr. rmsd
   -9.77341e+02    2.96084e-06

           Step           Time
          12500       25.00000

   Energies (kJ/mol)
           Bond            U-B    Proper Dih.  Improper Dih.      CMAP Dih.
    1.04142e+04    5.10924e+04    4.35903e+04    8.57020e+02   -1.10862e+02
          LJ-14     Coulomb-14        LJ (SR)   Coulomb (SR)   COM Pull En.
    8.73308e+03   -2.72261e+04    2.04567e+04   -9.75042e+05    2.76277e+01
      Potential    Kinetic En.   Total Energy  Conserved En.    Temperature
   -8.67207e+05    1.92362e+05   -6.74846e+05   -1.95465e+05    3.01457e+02
 Pressure (bar)   Constr. rmsd
   -1.28102e+03    3.02259e-06

           Step           Time
          13000       26.00000

   Energies (kJ/mol)
           Bond            U-B    Proper Dih.  Improper Dih.      CMAP Dih.
    1.01127e+04    5.10574e+04    4.35437e+04    8.51039e+02   -2.07316e+02
          LJ-14     Coulomb-14        LJ (SR)   Coulomb (SR)   COM Pull En.
    8.70415e+03   -2.71500e+04    1.99409e+04   -9.76023e+05    3.25240e+01
      Potential    Kinetic En.   Total Energy  Conserved En.    Temperature
   -8.69138e+05    1.92749e+05   -6.76388e+05   -1.83790e+05    3.02065e+02
 Pressure (bar)   Constr. rmsd
   -1.33542e+03    2.93721e-06

           Step           Time
          13500       27.00000

   Energies (kJ/mol)
           Bond            U-B    Proper Dih.  Improper Dih.      CMAP Dih.
    1.02343e+04    5.12010e+04    4.33981e+04    7.86512e+02   -1.37483e+02
          LJ-14     Coulomb-14        LJ (SR)   Coulomb (SR)   COM Pull En.
    8.72835e+03   -2.70664e+04    1.99520e+04   -9.73910e+05    3.12142e+01
      Potential    Kinetic En.   Total Energy  Conserved En.    Temperature
   -8.66782e+05    1.93176e+05   -6.73606e+05   -1.72590e+05    3.02733e+02
 Pressure (bar)   Constr. rmsd
   -1.39320e+03    2.96067e-06

           Step           Time
          14000       28.00000

   Energies (kJ/mol)
           Bond            U-B    Proper Dih.  Improper Dih.      CMAP Dih.
    1.01725e+04    5.06078e+04    4.37418e+04    7.59306e+02   -1.29712e+02
          LJ-14     Coulomb-14        LJ (SR)   Coulomb (SR)   COM Pull En.
    8.71258e+03   -2.71569e+04    1.88777e+04   -9.75269e+05    4.49688e+01
      Potential    Kinetic En.   Total Energy  Conserved En.    Temperature
   -8.69639e+05    1.91560e+05   -6.78078e+05   -1.61537e+05    3.00201e+02
 Pressure (bar)   Constr. rmsd
   -1.46485e+03    2.98635e-06

           Step           Time
          14500       29.00000

   Energies (kJ/mol)
           Bond            U-B    Proper Dih.  Improper Dih.      CMAP Dih.
    1.03784e+04    5.12776e+04    4.36851e+04    8.78799e+02   -1.87594e+02
          LJ-14     Coulomb-14        LJ (SR)   Coulomb (SR)   COM Pull En.
    8.85455e+03   -2.71401e+04    1.96653e+04   -9.74919e+05    5.06511e+01
      Potential    Kinetic En.   Total Energy  Conserved En.    Temperature
   -8.67457e+05    1.93442e+05   -6.74015e+05   -1.50307e+05    3.03150e+02
 Pressure (bar)   Constr. rmsd
   -7.75443e+02    3.01232e-06

           Step           Time
          15000       30.00000

   Energies (kJ/mol)
           Bond            U-B    Proper Dih.  Improper Dih.      CMAP Dih.
    1.04344e+04    5.14915e+04    4.37135e+04    7.54964e+02   -1.70198e+02
          LJ-14     Coulomb-14        LJ (SR)   Coulomb (SR)   COM Pull En.
    8.58929e+03   -2.71550e+04    1.94271e+04   -9.74380e+05    4.89683e+01
      Potential    Kinetic En.   Total Energy  Conserved En.    Temperature
   -8.67245e+05    1.93217e+05   -6.74028e+05   -1.38856e+05    3.02797e+02
 Pressure (bar)   Constr. rmsd
   -1.86843e+03    3.08559e-06

           Step           Time
          15500       31.00000

   Energies (kJ/mol)
           Bond            U-B    Proper Dih.  Improper Dih.      CMAP Dih.
    1.03880e+04    5.16790e+04    4.35038e+04    8.39671e+02   -8.40876e+01
          LJ-14     Coulomb-14        LJ (SR)   Coulomb (SR)   COM Pull En.
    8.70254e+03   -2.75942e+04    2.09349e+04   -9.75853e+05    5.71535e+01
      Potential    Kinetic En.   Total Energy  Conserved En.    Temperature
   -8.67426e+05    1.93212e+05   -6.74215e+05   -1.27387e+05    3.02789e+02
 Pressure (bar)   Constr. rmsd
   -1.66297e+03    3.01160e-06

           Step           Time
          16000       32.00000

   Energies (kJ/mol)
           Bond            U-B    Proper Dih.  Improper Dih.      CMAP Dih.
    1.02933e+04    5.17693e+04    4.36748e+04    7.54958e+02   -1.21847e+02
          LJ-14     Coulomb-14        LJ (SR)   Coulomb (SR)   COM Pull En.
    8.55659e+03   -2.77217e+04    2.02395e+04   -9.76340e+05    5.27301e+01
      Potential    Kinetic En.   Total Energy  Conserved En.    Temperature
   -8.68842e+05    1.93560e+05   -6.75283e+05   -1.15812e+05    3.03335e+02
 Pressure (bar)   Constr. rmsd
   -1.30965e+03    2.98651e-06

           Step           Time
          16500       33.00000

   Energies (kJ/mol)
           Bond            U-B    Proper Dih.  Improper Dih.      CMAP Dih.
    1.01631e+04    5.11349e+04    4.35390e+04    8.64632e+02   -1.49777e+02
          LJ-14     Coulomb-14        LJ (SR)   Coulomb (SR)   COM Pull En.
    8.68505e+03   -2.76244e+04    1.85607e+04   -9.74159e+05    6.27796e+01
      Potential    Kinetic En.   Total Energy  Conserved En.    Temperature
   -8.68923e+05    1.93167e+05   -6.75756e+05   -1.04130e+05    3.02720e+02
 Pressure (bar)   Constr. rmsd
   -1.33384e+03    3.03583e-06

           Step           Time
          17000       34.00000

   Energies (kJ/mol)
           Bond            U-B    Proper Dih.  Improper Dih.      CMAP Dih.
    1.02758e+04    5.10817e+04    4.38256e+04    7.98877e+02   -1.13069e+02
          LJ-14     Coulomb-14        LJ (SR)   Coulomb (SR)   COM Pull En.
    8.75452e+03   -2.73672e+04    1.98537e+04   -9.76546e+05    6.58990e+01
      Potential    Kinetic En.   Total Energy  Conserved En.    Temperature
   -8.69370e+05    1.92225e+05   -6.77145e+05   -9.22609e+04    3.01243e+02
 Pressure (bar)   Constr. rmsd
   -1.60415e+03    3.08602e-06

           Step           Time
          17500       35.00000

   Energies (kJ/mol)
           Bond            U-B    Proper Dih.  Improper Dih.      CMAP Dih.
    1.01912e+04    5.19748e+04    4.36686e+04    8.00293e+02   -1.52584e+02
          LJ-14     Coulomb-14        LJ (SR)   Coulomb (SR)   COM Pull En.
    8.70211e+03   -2.70746e+04    2.07221e+04   -9.76126e+05    6.26493e+01
      Potential    Kinetic En.   Total Energy  Conserved En.    Temperature
   -8.67232e+05    1.92646e+05   -6.74586e+05   -8.08485e+04    3.01903e+02
 Pressure (bar)   Constr. rmsd
   -1.41443e+03    3.00237e-06

           Step           Time
          18000       36.00000

   Energies (kJ/mol)
           Bond            U-B    Proper Dih.  Improper Dih.      CMAP Dih.
    1.06602e+04    5.14423e+04    4.36936e+04    8.03478e+02   -1.30254e+02
          LJ-14     Coulomb-14        LJ (SR)   Coulomb (SR)   COM Pull En.
    8.64792e+03   -2.76728e+04    1.92322e+04   -9.74846e+05    7.43332e+01
      Potential    Kinetic En.   Total Energy  Conserved En.    Temperature
   -8.68095e+05    1.93840e+05   -6.74255e+05   -6.90447e+04    3.03774e+02
 Pressure (bar)   Constr. rmsd
   -1.87103e+03    3.07846e-06

           Step           Time
          18500       37.00000

   Energies (kJ/mol)
           Bond            U-B    Proper Dih.  Improper Dih.      CMAP Dih.
    1.04007e+04    5.13140e+04    4.35250e+04    8.72430e+02   -6.67567e+01
          LJ-14     Coulomb-14        LJ (SR)   Coulomb (SR)   COM Pull En.
    8.82605e+03   -2.70527e+04    2.03120e+04   -9.77734e+05    6.50608e+01
      Potential    Kinetic En.   Total Energy  Conserved En.    Temperature
   -8.69538e+05    1.93948e+05   -6.75591e+05   -5.73825e+04    3.03943e+02
 Pressure (bar)   Constr. rmsd
   -1.39229e+03    3.07585e-06

           Step           Time
          19000       38.00000

   Energies (kJ/mol)
           Bond            U-B    Proper Dih.  Improper Dih.      CMAP Dih.
    1.03543e+04    5.11193e+04    4.37580e+04    8.24115e+02   -1.59499e+02
          LJ-14     Coulomb-14        LJ (SR)   Coulomb (SR)   COM Pull En.
    8.87710e+03   -2.69412e+04    2.01503e+04   -9.77080e+05    6.40058e+01
      Potential    Kinetic En.   Total Energy  Conserved En.    Temperature
   -8.69034e+05    1.92254e+05   -6.76780e+05   -4.54168e+04    3.01288e+02
 Pressure (bar)   Constr. rmsd
   -1.16971e+03    2.94014e-06

           Step           Time
          19500       39.00000

   Energies (kJ/mol)
           Bond            U-B    Proper Dih.  Improper Dih.      CMAP Dih.
    1.04924e+04    5.11815e+04    4.36541e+04    7.85994e+02   -1.45527e+02
          LJ-14     Coulomb-14        LJ (SR)   Coulomb (SR)   COM Pull En.
    8.70105e+03   -2.73330e+04    1.92814e+04   -9.76539e+05    7.28333e+01
      Potential    Kinetic En.   Total Energy  Conserved En.    Temperature
   -8.69848e+05    1.93274e+05   -6.76575e+05   -3.41023e+04    3.02886e+02
 Pressure (bar)   Constr. rmsd
   -1.47766e+03    3.13156e-06

           Step           Time
          20000       40.00000

   Energies (kJ/mol)
           Bond            U-B    Proper Dih.  Improper Dih.      CMAP Dih.
    1.02508e+04    5.10813e+04    4.35485e+04    7.78240e+02   -9.99869e+01
          LJ-14     Coulomb-14        LJ (SR)   Coulomb (SR)   COM Pull En.
    8.74027e+03   -2.67314e+04    1.98200e+04   -9.77607e+05    7.46812e+01
      Potential    Kinetic En.   Total Energy  Conserved En.    Temperature
   -8.70144e+05    1.92177e+05   -6.77967e+05   -2.25748e+04    3.01168e+02
 Pressure (bar)   Constr. rmsd
   -1.20706e+03    3.05815e-06

           Step           Time
          20500       41.00000

   Energies (kJ/mol)
           Bond            U-B    Proper Dih.  Improper Dih.      CMAP Dih.
    1.04802e+04    5.14335e+04    4.36614e+04    8.51618e+02   -1.53299e+02
          LJ-14     Coulomb-14        LJ (SR)   Coulomb (SR)   COM Pull En.
    8.66050e+03   -2.69384e+04    1.86345e+04   -9.75040e+05    8.62239e+01
      Potential    Kinetic En.   Total Energy  Conserved En.    Temperature
   -8.68324e+05    1.91320e+05   -6.77004e+05   -1.10514e+04    2.99824e+02
 Pressure (bar)   Constr. rmsd
   -2.01786e+03    3.05407e-06

           Step           Time
          21000       42.00000

   Energies (kJ/mol)
           Bond            U-B    Proper Dih.  Improper Dih.      CMAP Dih.
    1.02565e+04    5.08484e+04    4.36717e+04    7.40770e+02   -1.80025e+02
          LJ-14     Coulomb-14        LJ (SR)   Coulomb (SR)   COM Pull En.
    8.78189e+03   -2.69227e+04    1.89316e+04   -9.76847e+05    7.59493e+01
      Potential    Kinetic En.   Total Energy  Conserved En.    Temperature
   -8.70643e+05    1.93348e+05   -6.77294e+05    7.95500e+02    3.03004e+02
 Pressure (bar)   Constr. rmsd
   -1.97514e+03    3.05256e-06

           Step           Time
          21500       43.00000

   Energies (kJ/mol)
           Bond            U-B    Proper Dih.  Improper Dih.      CMAP Dih.
    1.04810e+04    5.15210e+04    4.36777e+04    7.91929e+02   -1.80623e+02
          LJ-14     Coulomb-14        LJ (SR)   Coulomb (SR)   COM Pull En.
    8.83790e+03   -2.75038e+04    1.97491e+04   -9.75441e+05    8.26841e+01
      Potential    Kinetic En.   Total Energy  Conserved En.    Temperature
   -8.67984e+05    1.92503e+05   -6.75481e+05    1.21615e+04    3.01679e+02
 Pressure (bar)   Constr. rmsd
   -1.84918e+03    3.06838e-06

           Step           Time
          22000       44.00000

   Energies (kJ/mol)
           Bond            U-B    Proper Dih.  Improper Dih.      CMAP Dih.
    1.04133e+04    5.15060e+04    4.33487e+04    8.31017e+02   -1.66414e+02
          LJ-14     Coulomb-14        LJ (SR)   Coulomb (SR)   COM Pull En.
    8.76573e+03   -2.73488e+04    1.98962e+04   -9.76498e+05    8.40537e+01
      Potential    Kinetic En.   Total Energy  Conserved En.    Temperature
   -8.69168e+05    1.92088e+05   -6.77080e+05    2.32552e+04    3.01029e+02
 Pressure (bar)   Constr. rmsd
   -1.93146e+03    3.07021e-06

           Step           Time
          22500       45.00000

   Energies (kJ/mol)
           Bond            U-B    Proper Dih.  Improper Dih.      CMAP Dih.
    1.02878e+04    5.08736e+04    4.36374e+04    8.32859e+02   -1.62096e+02
          LJ-14     Coulomb-14        LJ (SR)   Coulomb (SR)   COM Pull En.
    8.85918e+03   -2.71359e+04    2.11172e+04   -9.79324e+05    9.02567e+01
      Potential    Kinetic En.   Total Energy  Conserved En.    Temperature
   -8.70924e+05    1.92688e+05   -6.78235e+05    3.47993e+04    3.01969e+02
 Pressure (bar)   Constr. rmsd
   -1.38971e+03    2.98489e-06

           Step           Time
          23000       46.00000

Writing checkpoint, step 23000 at Tue Jun  2 11:32:45 2026


   Energies (kJ/mol)
           Bond            U-B    Proper Dih.  Improper Dih.      CMAP Dih.
    1.04555e+04    5.10810e+04    4.34107e+04    8.85994e+02   -8.90528e+01
          LJ-14     Coulomb-14        LJ (SR)   Coulomb (SR)   COM Pull En.
    8.70650e+03   -2.73228e+04    1.88440e+04   -9.76884e+05    9.10750e+01
      Potential    Kinetic En.   Total Energy  Conserved En.    Temperature
   -8.70821e+05    1.92822e+05   -6.77998e+05    4.63480e+04    3.02179e+02
 Pressure (bar)   Constr. rmsd
   -1.84545e+03    2.97944e-06

Writing checkpoint, step 23020 at Tue Jun  2 11:32:46 2026


Writing checkpoint, step 23040 at Tue Jun  2 11:32:47 2026


           Step           Time
          23500       47.00000

   Energies (kJ/mol)
           Bond            U-B    Proper Dih.  Improper Dih.      CMAP Dih.
    1.05849e+04    5.11200e+04    4.37349e+04    8.38675e+02   -1.12602e+02
          LJ-14     Coulomb-14        LJ (SR)   Coulomb (SR)   COM Pull En.
    8.71158e+03   -2.72264e+04    1.97414e+04   -9.78134e+05    1.02436e+02
      Potential    Kinetic En.   Total Energy  Conserved En.    Temperature
   -8.70639e+05    1.93353e+05   -6.77286e+05    5.76399e+04    3.03010e+02
 Pressure (bar)   Constr. rmsd
   -1.28530e+03    3.13914e-06

           Step           Time
          24000       48.00000

   Energies (kJ/mol)
           Bond            U-B    Proper Dih.  Improper Dih.      CMAP Dih.
    1.06622e+04    5.18131e+04    4.32837e+04    8.04133e+02   -1.46989e+02
          LJ-14     Coulomb-14        LJ (SR)   Coulomb (SR)   COM Pull En.
    8.56247e+03   -2.75462e+04    2.02533e+04   -9.78072e+05    1.00724e+02
      Potential    Kinetic En.   Total Energy  Conserved En.    Temperature
   -8.70286e+05    1.92136e+05   -6.78150e+05    6.93887e+04    3.01103e+02
 Pressure (bar)   Constr. rmsd
   -1.96069e+03    3.03255e-06

           Step           Time
          24500       49.00000

   Energies (kJ/mol)
           Bond            U-B    Proper Dih.  Improper Dih.      CMAP Dih.
    1.04587e+04    5.14387e+04    4.37330e+04    8.91724e+02   -2.03298e+02
          LJ-14     Coulomb-14        LJ (SR)   Coulomb (SR)   COM Pull En.
    8.60628e+03   -2.81270e+04    2.11600e+04   -9.79322e+05    9.34294e+01
      Potential    Kinetic En.   Total Energy  Conserved En.    Temperature
   -8.71271e+05    1.93511e+05   -6.77760e+05    8.08847e+04    3.03258e+02
 Pressure (bar)   Constr. rmsd
   -1.33195e+03    2.97787e-06

           Step           Time
          25000       50.00000

   Energies (kJ/mol)
           Bond            U-B    Proper Dih.  Improper Dih.      CMAP Dih.
    1.04033e+04    5.14899e+04    4.34628e+04    8.43944e+02   -1.67037e+02
          LJ-14     Coulomb-14        LJ (SR)   Coulomb (SR)   COM Pull En.
    8.81700e+03   -2.76271e+04    1.95862e+04   -9.78382e+05    1.01703e+02
      Potential    Kinetic En.   Total Energy  Conserved En.    Temperature
   -8.71472e+05    1.93387e+05   -6.78085e+05    9.24426e+04    3.03064e+02
 Pressure (bar)   Constr. rmsd
   -1.32262e+03    2.97841e-06

           Step           Time
          25500       51.00000

   Energies (kJ/mol)
           Bond            U-B    Proper Dih.  Improper Dih.      CMAP Dih.
    1.05700e+04    5.12988e+04    4.35162e+04    8.43339e+02   -1.98902e+02
          LJ-14     Coulomb-14        LJ (SR)   Coulomb (SR)   COM Pull En.
    8.77063e+03   -2.75928e+04    2.11379e+04   -9.79800e+05    1.00357e+02
      Potential    Kinetic En.   Total Energy  Conserved En.    Temperature
   -8.71354e+05    1.92101e+05   -6.79254e+05    1.04121e+05    3.01048e+02
 Pressure (bar)   Constr. rmsd
   -1.52935e+03    3.11933e-06

           Step           Time
          26000       52.00000

   Energies (kJ/mol)
           Bond            U-B    Proper Dih.  Improper Dih.      CMAP Dih.
    1.03870e+04    5.12995e+04    4.35810e+04    8.64951e+02   -2.06021e+02
          LJ-14     Coulomb-14        LJ (SR)   Coulomb (SR)   COM Pull En.
    8.64012e+03   -2.71892e+04    2.01376e+04   -9.81246e+05    1.05842e+02
      Potential    Kinetic En.   Total Energy  Conserved En.    Temperature
   -8.73625e+05    1.91149e+05   -6.82476e+05    1.15400e+05    2.99556e+02
 Pressure (bar)   Constr. rmsd
   -1.40072e+03    3.02908e-06

Writing checkpoint, step 26080 at Tue Jun  2 11:34:25 2026


           Step           Time
          26500       53.00000

   Energies (kJ/mol)
           Bond            U-B    Proper Dih.  Improper Dih.      CMAP Dih.
    1.04634e+04    5.13237e+04    4.36925e+04    8.10430e+02   -2.36364e+02
          LJ-14     Coulomb-14        LJ (SR)   Coulomb (SR)   COM Pull En.
    8.51223e+03   -2.80296e+04    2.09619e+04   -9.80338e+05    1.20659e+02
      Potential    Kinetic En.   Total Energy  Conserved En.    Temperature
   -8.72720e+05    1.92695e+05   -6.80025e+05    1.26977e+05    3.01979e+02
 Pressure (bar)   Constr. rmsd
   -1.07974e+03    3.07270e-06

           Step           Time
          27000       54.00000

   Energies (kJ/mol)
           Bond            U-B    Proper Dih.  Improper Dih.      CMAP Dih.
    1.05108e+04    5.10148e+04    4.39157e+04    7.45918e+02   -1.91361e+02
          LJ-14     Coulomb-14        LJ (SR)   Coulomb (SR)   COM Pull En.
    8.73549e+03   -2.77635e+04    2.18087e+04   -9.81747e+05    1.22511e+02
      Potential    Kinetic En.   Total Energy  Conserved En.    Temperature
   -8.72848e+05    1.93853e+05   -6.78995e+05    1.38442e+05    3.03795e+02
 Pressure (bar)   Constr. rmsd
   -1.67771e+03    3.04031e-06

           Step           Time
          27500       55.00000

   Energies (kJ/mol)
           Bond            U-B    Proper Dih.  Improper Dih.      CMAP Dih.
    1.02270e+04    5.16023e+04    4.34117e+04    8.56261e+02   -1.94780e+02
          LJ-14     Coulomb-14        LJ (SR)   Coulomb (SR)   COM Pull En.
    8.68900e+03   -2.76599e+04    2.04650e+04   -9.79075e+05    1.06355e+02
      Potential    Kinetic En.   Total Energy  Conserved En.    Temperature
   -8.71572e+05    1.92008e+05   -6.79564e+05    1.50474e+05    3.00903e+02
 Pressure (bar)   Constr. rmsd
   -1.48040e+03    2.94833e-06

           Step           Time
          28000       56.00000

   Energies (kJ/mol)
           Bond            U-B    Proper Dih.  Improper Dih.      CMAP Dih.
    1.05714e+04    5.12968e+04    4.36132e+04    7.97487e+02   -2.18104e+02
          LJ-14     Coulomb-14        LJ (SR)   Coulomb (SR)   COM Pull En.
    8.69223e+03   -2.72490e+04    1.98573e+04   -9.78965e+05    1.07465e+02
      Potential    Kinetic En.   Total Energy  Conserved En.    Temperature
   -8.71496e+05    1.93342e+05   -6.78155e+05    1.61684e+05    3.02993e+02
 Pressure (bar)   Constr. rmsd
   -1.54882e+03    2.98480e-06

           Step           Time
          28500       57.00000

   Energies (kJ/mol)
           Bond            U-B    Proper Dih.  Improper Dih.      CMAP Dih.
    1.02955e+04    5.13161e+04    4.35751e+04    8.34292e+02   -1.70879e+02
          LJ-14     Coulomb-14        LJ (SR)   Coulomb (SR)   COM Pull En.
    8.68257e+03   -2.72791e+04    2.00309e+04   -9.79246e+05    1.32148e+02
      Potential    Kinetic En.   Total Energy  Conserved En.    Temperature
   -8.71829e+05    1.91853e+05   -6.79976e+05    1.72688e+05    3.00661e+02
 Pressure (bar)   Constr. rmsd
   -1.68856e+03    3.10308e-06

           Step           Time
          29000       58.00000

   Energies (kJ/mol)
           Bond            U-B    Proper Dih.  Improper Dih.      CMAP Dih.
    1.05100e+04    5.07470e+04    4.34582e+04    8.45615e+02   -1.77216e+02
          LJ-14     Coulomb-14        LJ (SR)   Coulomb (SR)   COM Pull En.
    8.62945e+03   -2.74139e+04    2.01540e+04   -9.79334e+05    1.45572e+02
      Potential    Kinetic En.   Total Energy  Conserved En.    Temperature
   -8.72436e+05    1.91933e+05   -6.80503e+05    1.84285e+05    3.00785e+02
 Pressure (bar)   Constr. rmsd
   -1.75857e+03    3.10930e-06

           Step           Time
          29500       59.00000

   Energies (kJ/mol)
           Bond            U-B    Proper Dih.  Improper Dih.      CMAP Dih.
    1.05733e+04    5.11749e+04    4.35576e+04    7.93620e+02   -1.81709e+02
          LJ-14     Coulomb-14        LJ (SR)   Coulomb (SR)   COM Pull En.
    8.64551e+03   -2.79901e+04    2.01616e+04   -9.77941e+05    1.43030e+02
      Potential    Kinetic En.   Total Energy  Conserved En.    Temperature
   -8.71063e+05    1.92769e+05   -6.78294e+05    1.95790e+05    3.02096e+02
 Pressure (bar)   Constr. rmsd
   -1.63352e+03    3.06499e-06

           Step           Time
          30000       60.00000

   Energies (kJ/mol)
           Bond            U-B    Proper Dih.  Improper Dih.      CMAP Dih.
    1.06839e+04    5.20155e+04    4.32900e+04    8.57175e+02   -2.27212e+02
          LJ-14     Coulomb-14        LJ (SR)   Coulomb (SR)   COM Pull En.
    8.60232e+03   -2.75047e+04    2.21746e+04   -9.81015e+05    1.46839e+02
      Potential    Kinetic En.   Total Energy  Conserved En.    Temperature
   -8.70977e+05    1.92075e+05   -6.78902e+05    2.07441e+05    3.01008e+02
 Pressure (bar)   Constr. rmsd
   -1.53694e+03    3.12836e-06

           Step           Time
          30500       61.00000

   Energies (kJ/mol)
           Bond            U-B    Proper Dih.  Improper Dih.      CMAP Dih.
    1.05563e+04    5.17214e+04    4.34674e+04    8.14023e+02   -1.13340e+02
          LJ-14     Coulomb-14        LJ (SR)   Coulomb (SR)   COM Pull En.
    8.73900e+03   -2.77488e+04    2.04003e+04   -9.79530e+05    1.43458e+02
      Potential    Kinetic En.   Total Energy  Conserved En.    Temperature
   -8.71551e+05    1.92222e+05   -6.79328e+05    2.19232e+05    3.01239e+02
 Pressure (bar)   Constr. rmsd
   -1.90933e+03    3.08291e-06

           Step           Time
          31000       62.00000

   Energies (kJ/mol)
           Bond            U-B    Proper Dih.  Improper Dih.      CMAP Dih.
    1.04341e+04    5.14222e+04    4.35520e+04    8.14500e+02   -1.30022e+02
          LJ-14     Coulomb-14        LJ (SR)   Coulomb (SR)   COM Pull En.
    8.63335e+03   -2.77687e+04    2.06148e+04   -9.81125e+05    1.48299e+02
      Potential    Kinetic En.   Total Energy  Conserved En.    Temperature
   -8.73404e+05    1.92328e+05   -6.81076e+05    2.30928e+05    3.01404e+02
 Pressure (bar)   Constr. rmsd
   -1.81441e+03    3.01855e-06

           Step           Time
          31500       63.00000

   Energies (kJ/mol)
           Bond            U-B    Proper Dih.  Improper Dih.      CMAP Dih.
    1.04810e+04    5.18108e+04    4.36724e+04    8.21657e+02   -1.37229e+02
          LJ-14     Coulomb-14        LJ (SR)   Coulomb (SR)   COM Pull En.
    8.63646e+03   -2.78692e+04    2.10891e+04   -9.81460e+05    1.62828e+02
      Potential    Kinetic En.   Total Energy  Conserved En.    Temperature
   -8.72792e+05    1.92739e+05   -6.80054e+05    2.42388e+05    3.02048e+02
 Pressure (bar)   Constr. rmsd
   -1.92547e+03    3.12543e-06

           Step           Time
          32000       64.00000

   Energies (kJ/mol)
           Bond            U-B    Proper Dih.  Improper Dih.      CMAP Dih.
    1.03915e+04    5.12459e+04    4.35002e+04    8.31453e+02   -1.91664e+02
          LJ-14     Coulomb-14        LJ (SR)   Coulomb (SR)   COM Pull En.
    8.74975e+03   -2.76067e+04    2.17635e+04   -9.82824e+05    1.74077e+02
      Potential    Kinetic En.   Total Energy  Conserved En.    Temperature
   -8.73966e+05    1.93385e+05   -6.80580e+05    2.54264e+05    3.03061e+02
 Pressure (bar)   Constr. rmsd
   -1.40751e+03    3.09123e-06

           Step           Time
          32500       65.00000

   Energies (kJ/mol)
           Bond            U-B    Proper Dih.  Improper Dih.      CMAP Dih.
    1.04138e+04    5.14925e+04    4.33996e+04    7.93184e+02   -2.04571e+02
          LJ-14     Coulomb-14        LJ (SR)   Coulomb (SR)   COM Pull En.
    8.78212e+03   -2.72632e+04    2.04067e+04   -9.80664e+05    1.71174e+02
      Potential    Kinetic En.   Total Energy  Conserved En.    Temperature
   -8.72673e+05    1.91629e+05   -6.81043e+05    2.66044e+05    3.00310e+02
 Pressure (bar)   Constr. rmsd
   -1.62159e+03    3.09092e-06

           Step           Time
          33000       66.00000

   Energies (kJ/mol)
           Bond            U-B    Proper Dih.  Improper Dih.      CMAP Dih.
    1.05041e+04    5.09475e+04    4.36043e+04    8.15320e+02   -2.19878e+02
          LJ-14     Coulomb-14        LJ (SR)   Coulomb (SR)   COM Pull En.
    8.61842e+03   -2.76756e+04    2.30931e+04   -9.83949e+05    1.91097e+02
      Potential    Kinetic En.   Total Energy  Conserved En.    Temperature
   -8.74071e+05    1.92618e+05   -6.81452e+05    2.77837e+05    3.01860e+02
 Pressure (bar)   Constr. rmsd
   -1.61253e+03    3.05028e-06

           Step           Time
          33500       67.00000

   Energies (kJ/mol)
           Bond            U-B    Proper Dih.  Improper Dih.      CMAP Dih.
    1.07731e+04    5.16415e+04    4.34372e+04    8.30957e+02   -1.36089e+02
          LJ-14     Coulomb-14        LJ (SR)   Coulomb (SR)   COM Pull En.
    8.63571e+03   -2.77397e+04    2.14960e+04   -9.83823e+05    1.87951e+02
      Potential    Kinetic En.   Total Energy  Conserved En.    Temperature
   -8.74696e+05    1.92790e+05   -6.81906e+05    2.89219e+05    3.02129e+02
 Pressure (bar)   Constr. rmsd
   -1.73477e+03    3.04300e-06

           Step           Time
          34000       68.00000

   Energies (kJ/mol)
           Bond            U-B    Proper Dih.  Improper Dih.      CMAP Dih.
    1.04193e+04    5.10268e+04    4.36146e+04    8.10200e+02   -1.70081e+02
          LJ-14     Coulomb-14        LJ (SR)   Coulomb (SR)   COM Pull En.
    8.71744e+03   -2.75388e+04    2.23750e+04   -9.82779e+05    1.98331e+02
      Potential    Kinetic En.   Total Energy  Conserved En.    Temperature
   -8.73326e+05    1.92890e+05   -6.80436e+05    3.01395e+05    3.02286e+02
 Pressure (bar)   Constr. rmsd
   -1.64990e+03    3.00415e-06

           Step           Time
          34500       69.00000

   Energies (kJ/mol)
           Bond            U-B    Proper Dih.  Improper Dih.      CMAP Dih.
    1.04650e+04    5.18511e+04    4.33950e+04    8.25735e+02   -1.27897e+02
          LJ-14     Coulomb-14        LJ (SR)   Coulomb (SR)   COM Pull En.
    8.66250e+03   -2.76155e+04    2.12924e+04   -9.82769e+05    1.95113e+02
      Potential    Kinetic En.   Total Energy  Conserved En.    Temperature
   -8.73825e+05    1.92115e+05   -6.81710e+05    3.12771e+05    3.01070e+02
 Pressure (bar)   Constr. rmsd
   -1.95395e+03    3.00278e-06

           Step           Time
          35000       70.00000

   Energies (kJ/mol)
           Bond            U-B    Proper Dih.  Improper Dih.      CMAP Dih.
    1.03090e+04    5.17299e+04    4.34728e+04    7.83132e+02   -1.76041e+02
          LJ-14     Coulomb-14        LJ (SR)   Coulomb (SR)   COM Pull En.
    8.74517e+03   -2.76917e+04    2.13546e+04   -9.82045e+05    1.86911e+02
      Potential    Kinetic En.   Total Energy  Conserved En.    Temperature
   -8.73331e+05    1.92071e+05   -6.81260e+05    3.24673e+05    3.01001e+02
 Pressure (bar)   Constr. rmsd
   -1.46655e+03    3.06960e-06

           Step           Time
          35500       71.00000

   Energies (kJ/mol)
           Bond            U-B    Proper Dih.  Improper Dih.      CMAP Dih.
    1.03333e+04    5.12941e+04    4.34647e+04    7.73298e+02   -1.31521e+02
          LJ-14     Coulomb-14        LJ (SR)   Coulomb (SR)   COM Pull En.
    8.50183e+03   -2.77204e+04    2.18507e+04   -9.83285e+05    1.84319e+02
      Potential    Kinetic En.   Total Energy  Conserved En.    Temperature
   -8.74734e+05    1.93091e+05   -6.81643e+05    3.36542e+05    3.02600e+02
 Pressure (bar)   Constr. rmsd
   -1.87311e+03    3.04410e-06

           Step           Time
          36000       72.00000

   Energies (kJ/mol)
           Bond            U-B    Proper Dih.  Improper Dih.      CMAP Dih.
    1.03396e+04    5.13642e+04    4.34057e+04    8.51675e+02   -1.89771e+02
          LJ-14     Coulomb-14        LJ (SR)   Coulomb (SR)   COM Pull En.
    8.62739e+03   -2.74891e+04    2.22939e+04   -9.82903e+05    1.93272e+02
      Potential    Kinetic En.   Total Energy  Conserved En.    Temperature
   -8.73506e+05    1.92131e+05   -6.81376e+05    3.48212e+05    3.01096e+02
 Pressure (bar)   Constr. rmsd
   -1.00998e+03    3.05751e-06

           Step           Time
          36500       73.00000

   Energies (kJ/mol)
           Bond            U-B    Proper Dih.  Improper Dih.      CMAP Dih.
    1.01848e+04    5.14469e+04    4.36836e+04    8.64143e+02   -1.06094e+02
          LJ-14     Coulomb-14        LJ (SR)   Coulomb (SR)   COM Pull En.
    8.71175e+03   -2.77542e+04    2.11887e+04   -9.81821e+05    2.11922e+02
      Potential    Kinetic En.   Total Energy  Conserved En.    Temperature
   -8.73390e+05    1.92010e+05   -6.81380e+05    3.59997e+05    3.00906e+02
 Pressure (bar)   Constr. rmsd
   -1.39300e+03    3.16717e-06

           Step           Time
          37000       74.00000

   Energies (kJ/mol)
           Bond            U-B    Proper Dih.  Improper Dih.      CMAP Dih.
    1.03071e+04    5.11701e+04    4.38866e+04    8.12831e+02   -1.32855e+02
          LJ-14     Coulomb-14        LJ (SR)   Coulomb (SR)   COM Pull En.
    8.80821e+03   -2.76573e+04    2.00189e+04   -9.81849e+05    2.19804e+02
      Potential    Kinetic En.   Total Energy  Conserved En.    Temperature
   -8.74416e+05    1.92368e+05   -6.82048e+05    3.71941e+05    3.01467e+02
 Pressure (bar)   Constr. rmsd
   -1.49816e+03    3.10536e-06

           Step           Time
          37500       75.00000

   Energies (kJ/mol)
           Bond            U-B    Proper Dih.  Improper Dih.      CMAP Dih.
    1.03268e+04    5.11578e+04    4.35977e+04    8.67014e+02   -6.88795e+01
          LJ-14     Coulomb-14        LJ (SR)   Coulomb (SR)   COM Pull En.
    8.56088e+03   -2.76144e+04    2.18865e+04   -9.83353e+05    1.99507e+02
      Potential    Kinetic En.   Total Energy  Conserved En.    Temperature
   -8.74440e+05    1.92879e+05   -6.81561e+05    3.83530e+05    3.02267e+02
 Pressure (bar)   Constr. rmsd
   -1.53941e+03    3.12457e-06

           Step           Time
          38000       76.00000

   Energies (kJ/mol)
           Bond            U-B    Proper Dih.  Improper Dih.      CMAP Dih.
    1.06372e+04    5.14847e+04    4.34481e+04    7.90924e+02   -1.45748e+02
          LJ-14     Coulomb-14        LJ (SR)   Coulomb (SR)   COM Pull En.
    8.67601e+03   -2.79492e+04    2.28981e+04   -9.84372e+05    2.10050e+02
      Potential    Kinetic En.   Total Energy  Conserved En.    Temperature
   -8.74322e+05    1.92017e+05   -6.82304e+05    3.94998e+05    3.00918e+02
 Pressure (bar)   Constr. rmsd
   -1.22553e+03    3.06993e-06

           Step           Time
          38500       77.00000

   Energies (kJ/mol)
           Bond            U-B    Proper Dih.  Improper Dih.      CMAP Dih.
    1.04838e+04    5.12022e+04    4.33026e+04    8.68318e+02   -1.55383e+02
          LJ-14     Coulomb-14        LJ (SR)   Coulomb (SR)   COM Pull En.
    8.62110e+03   -2.82554e+04    2.05199e+04   -9.81080e+05    1.95305e+02
      Potential    Kinetic En.   Total Energy  Conserved En.    Temperature
   -8.74297e+05    1.90809e+05   -6.83488e+05    4.06485e+05    2.99024e+02
 Pressure (bar)   Constr. rmsd
   -1.55532e+03    3.04824e-06

           Step           Time
          39000       78.00000

   Energies (kJ/mol)
           Bond            U-B    Proper Dih.  Improper Dih.      CMAP Dih.
    1.02884e+04    5.13515e+04    4.34937e+04    8.31571e+02   -1.97076e+02
          LJ-14     Coulomb-14        LJ (SR)   Coulomb (SR)   COM Pull En.
    8.52619e+03   -2.76644e+04    2.26798e+04   -9.82520e+05    1.91885e+02
      Potential    Kinetic En.   Total Energy  Conserved En.    Temperature
   -8.73018e+05    1.92581e+05   -6.80437e+05    4.18287e+05    3.01802e+02
 Pressure (bar)   Constr. rmsd
   -1.23003e+03    3.00828e-06

           Step           Time
          39500       79.00000

   Energies (kJ/mol)
           Bond            U-B    Proper Dih.  Improper Dih.      CMAP Dih.
    1.04585e+04    5.14253e+04    4.35253e+04    8.31781e+02   -1.65570e+02
          LJ-14     Coulomb-14        LJ (SR)   Coulomb (SR)   COM Pull En.
    8.63476e+03   -2.75931e+04    2.26088e+04   -9.82644e+05    2.11661e+02
      Potential    Kinetic En.   Total Energy  Conserved En.    Temperature
   -8.72706e+05    1.94528e+05   -6.78178e+05    4.29825e+05    3.04852e+02
 Pressure (bar)   Constr. rmsd
   -1.25159e+03    3.05079e-06

           Step           Time
          40000       80.00000

   Energies (kJ/mol)
           Bond            U-B    Proper Dih.  Improper Dih.      CMAP Dih.
    1.05010e+04    5.13832e+04    4.36738e+04    8.53847e+02   -1.40927e+02
          LJ-14     Coulomb-14        LJ (SR)   Coulomb (SR)   COM Pull En.
    8.71237e+03   -2.79825e+04    2.13366e+04   -9.82439e+05    2.06204e+02
      Potential    Kinetic En.   Total Energy  Conserved En.    Temperature
   -8.73895e+05    1.92108e+05   -6.81787e+05    4.41148e+05    3.01060e+02
 Pressure (bar)   Constr. rmsd
   -1.25427e+03    3.01574e-06

           Step           Time
          40500       81.00000

   Energies (kJ/mol)
           Bond            U-B    Proper Dih.  Improper Dih.      CMAP Dih.
    1.03496e+04    5.12797e+04    4.36544e+04    7.95814e+02   -1.57180e+02
          LJ-14     Coulomb-14        LJ (SR)   Coulomb (SR)   COM Pull En.
    8.68187e+03   -2.75531e+04    2.20997e+04   -9.81936e+05    1.78321e+02
      Potential    Kinetic En.   Total Energy  Conserved En.    Temperature
   -8.72607e+05    1.93150e+05   -6.79456e+05    4.53218e+05    3.02693e+02
 Pressure (bar)   Constr. rmsd
   -3.58482e+02    3.04328e-06

           Step           Time
          41000       82.00000

   Energies (kJ/mol)
           Bond            U-B    Proper Dih.  Improper Dih.      CMAP Dih.
    1.02686e+04    5.16483e+04    4.35734e+04    7.63995e+02   -1.86297e+02
          LJ-14     Coulomb-14        LJ (SR)   Coulomb (SR)   COM Pull En.
    8.83406e+03   -2.76940e+04    2.06144e+04   -9.81219e+05    1.60417e+02
      Potential    Kinetic En.   Total Energy  Conserved En.    Temperature
   -8.73237e+05    1.91717e+05   -6.81519e+05    4.64236e+05    3.00447e+02
 Pressure (bar)   Constr. rmsd
   -1.18215e+03    3.16554e-06

           Step           Time
          41500       83.00000

   Energies (kJ/mol)
           Bond            U-B    Proper Dih.  Improper Dih.      CMAP Dih.
    1.04101e+04    5.17336e+04    4.37888e+04    8.17119e+02   -1.26613e+02
          LJ-14     Coulomb-14        LJ (SR)   Coulomb (SR)   COM Pull En.
    8.74306e+03   -2.80952e+04    2.21113e+04   -9.82614e+05    1.34476e+02
      Potential    Kinetic En.   Total Energy  Conserved En.    Temperature
   -8.73097e+05    1.92115e+05   -6.80982e+05    4.76047e+05    3.01070e+02
 Pressure (bar)   Constr. rmsd
   -1.15004e+03    3.10235e-06

           Step           Time
          42000       84.00000

   Energies (kJ/mol)
           Bond            U-B    Proper Dih.  Improper Dih.      CMAP Dih.
    1.04144e+04    5.14588e+04    4.37228e+04    8.00632e+02   -1.55273e+02
          LJ-14     Coulomb-14        LJ (SR)   Coulomb (SR)   COM Pull En.
    8.73686e+03   -2.78068e+04    2.22706e+04   -9.84127e+05    1.58102e+02
      Potential    Kinetic En.   Total Energy  Conserved En.    Temperature
   -8.74527e+05    1.93927e+05   -6.80600e+05    4.88005e+05    3.03910e+02
 Pressure (bar)   Constr. rmsd
   -1.04356e+03    3.01844e-06

           Step           Time
          42500       85.00000

   Energies (kJ/mol)
           Bond            U-B    Proper Dih.  Improper Dih.      CMAP Dih.
    1.03757e+04    5.11124e+04    4.36525e+04    8.08046e+02   -1.92385e+02
          LJ-14     Coulomb-14        LJ (SR)   Coulomb (SR)   COM Pull En.
    8.73197e+03   -2.78447e+04    2.13147e+04   -9.80840e+05    1.71624e+02
      Potential    Kinetic En.   Total Energy  Conserved En.    Temperature
   -8.72711e+05    1.93220e+05   -6.79491e+05    4.99764e+05    3.02802e+02
 Pressure (bar)   Constr. rmsd
   -1.28392e+03    3.00317e-06

           Step           Time
          43000       86.00000

   Energies (kJ/mol)
           Bond            U-B    Proper Dih.  Improper Dih.      CMAP Dih.
    1.02016e+04    5.17730e+04    4.36902e+04    8.52198e+02   -1.61130e+02
          LJ-14     Coulomb-14        LJ (SR)   Coulomb (SR)   COM Pull En.
    8.75928e+03   -2.78493e+04    2.10473e+04   -9.81752e+05    1.48062e+02
      Potential    Kinetic En.   Total Energy  Conserved En.    Temperature
   -8.73291e+05    1.92125e+05   -6.81165e+05    5.11839e+05    3.01087e+02
 Pressure (bar)   Constr. rmsd
   -9.03102e+02    3.00785e-06

           Step           Time
          43500       87.00000

   Energies (kJ/mol)
           Bond            U-B    Proper Dih.  Improper Dih.      CMAP Dih.
    1.02681e+04    5.18189e+04    4.38661e+04    8.10129e+02   -1.85318e+02
          LJ-14     Coulomb-14        LJ (SR)   Coulomb (SR)   COM Pull En.
    8.75472e+03   -2.84953e+04    2.17447e+04   -9.80938e+05    1.16052e+02
      Potential    Kinetic En.   Total Energy  Conserved En.    Temperature
   -8.72239e+05    1.93214e+05   -6.79025e+05    5.24158e+05    3.02794e+02
 Pressure (bar)   Constr. rmsd
   -1.37474e+03    3.04772e-06

           Step           Time
          44000       88.00000

   Energies (kJ/mol)
           Bond            U-B    Proper Dih.  Improper Dih.      CMAP Dih.
    1.06956e+04    5.14133e+04    4.36136e+04    8.61653e+02   -1.42848e+02
          LJ-14     Coulomb-14        LJ (SR)   Coulomb (SR)   COM Pull En.
    8.60325e+03   -2.80768e+04    2.29201e+04   -9.83614e+05    1.00078e+02
      Potential    Kinetic En.   Total Energy  Conserved En.    Temperature
   -8.73626e+05    1.94195e+05   -6.79430e+05    5.35936e+05    3.04331e+02
 Pressure (bar)   Constr. rmsd
   -1.21901e+03    3.01128e-06

           Step           Time
          44500       89.00000

   Energies (kJ/mol)
           Bond            U-B    Proper Dih.  Improper Dih.      CMAP Dih.
    1.02556e+04    5.13848e+04    4.37459e+04    7.95798e+02   -1.25964e+02
          LJ-14     Coulomb-14        LJ (SR)   Coulomb (SR)   COM Pull En.
    8.88112e+03   -2.78472e+04    2.17950e+04   -9.82701e+05    1.01670e+02
      Potential    Kinetic En.   Total Energy  Conserved En.    Temperature
   -8.73714e+05    1.91883e+05   -6.81830e+05    5.47577e+05    3.00708e+02
 Pressure (bar)   Constr. rmsd
   -1.30734e+03    2.99641e-06

           Step           Time
          45000       90.00000

   Energies (kJ/mol)
           Bond            U-B    Proper Dih.  Improper Dih.      CMAP Dih.
    1.05188e+04    5.10274e+04    4.37979e+04    8.26180e+02   -3.76574e+01
          LJ-14     Coulomb-14        LJ (SR)   Coulomb (SR)   COM Pull En.
    8.70372e+03   -2.79768e+04    2.18518e+04   -9.82901e+05    1.03880e+02
      Potential    Kinetic En.   Total Energy  Conserved En.    Temperature
   -8.74086e+05    1.92389e+05   -6.81697e+05    5.59207e+05    3.01500e+02
 Pressure (bar)   Constr. rmsd
   -1.17934e+03    3.01687e-06

           Step           Time
          45500       91.00000

   Energies (kJ/mol)
           Bond            U-B    Proper Dih.  Improper Dih.      CMAP Dih.
    1.03333e+04    5.13089e+04    4.37066e+04    8.78202e+02   -6.84378e+01
          LJ-14     Coulomb-14        LJ (SR)   Coulomb (SR)   COM Pull En.
    8.92355e+03   -2.80747e+04    2.13028e+04   -9.81849e+05    1.08838e+02
      Potential    Kinetic En.   Total Energy  Conserved En.    Temperature
   -8.73430e+05    1.91741e+05   -6.81689e+05    5.70936e+05    3.00485e+02
 Pressure (bar)   Constr. rmsd
   -1.23914e+03    3.06811e-06

           Step           Time
          46000       92.00000

   Energies (kJ/mol)
           Bond            U-B    Proper Dih.  Improper Dih.      CMAP Dih.
    1.04444e+04    5.10474e+04    4.38151e+04    8.47901e+02   -1.61396e+02
          LJ-14     Coulomb-14        LJ (SR)   Coulomb (SR)   COM Pull En.
    8.67533e+03   -2.75851e+04    2.12768e+04   -9.83099e+05    1.14142e+02
      Potential    Kinetic En.   Total Energy  Conserved En.    Temperature
   -8.74624e+05    1.91445e+05   -6.83179e+05    5.82672e+05    3.00021e+02
 Pressure (bar)   Constr. rmsd
   -1.56304e+03    2.94867e-06

           Step           Time
          46500       93.00000

   Energies (kJ/mol)
           Bond            U-B    Proper Dih.  Improper Dih.      CMAP Dih.
    1.05821e+04    5.11932e+04    4.37068e+04    8.05910e+02   -1.53081e+02
          LJ-14     Coulomb-14        LJ (SR)   Coulomb (SR)   COM Pull En.
    8.77940e+03   -2.81095e+04    2.19133e+04   -9.82830e+05    1.09489e+02
      Potential    Kinetic En.   Total Energy  Conserved En.    Temperature
   -8.74003e+05    1.93481e+05   -6.80522e+05    5.94603e+05    3.03211e+02
 Pressure (bar)   Constr. rmsd
   -1.29799e+03    3.17182e-06

           Step           Time
          47000       94.00000

   Energies (kJ/mol)
           Bond            U-B    Proper Dih.  Improper Dih.      CMAP Dih.
    1.00299e+04    5.11559e+04    4.37282e+04    8.34725e+02   -1.50088e+02
          LJ-14     Coulomb-14        LJ (SR)   Coulomb (SR)   COM Pull En.
    8.80195e+03   -2.82415e+04    2.28590e+04   -9.84295e+05    1.28257e+02
      Potential    Kinetic En.   Total Energy  Conserved En.    Temperature
   -8.75149e+05    1.93075e+05   -6.82074e+05    6.05666e+05    3.02575e+02
 Pressure (bar)   Constr. rmsd
   -9.44702e+02    3.04074e-06

           Step           Time
          47500       95.00000

   Energies (kJ/mol)
           Bond            U-B    Proper Dih.  Improper Dih.      CMAP Dih.
    1.03279e+04    5.13317e+04    4.39204e+04    8.49164e+02   -1.75335e+02
          LJ-14     Coulomb-14        LJ (SR)   Coulomb (SR)   COM Pull En.
    8.83048e+03   -2.76873e+04    2.28088e+04   -9.84692e+05    1.26876e+02
      Potential    Kinetic En.   Total Energy  Conserved En.    Temperature
   -8.74359e+05    1.92473e+05   -6.81886e+05    6.17243e+05    3.01632e+02
 Pressure (bar)   Constr. rmsd
   -1.04511e+03    3.01324e-06

           Step           Time
          48000       96.00000

   Energies (kJ/mol)
           Bond            U-B    Proper Dih.  Improper Dih.      CMAP Dih.
    1.04079e+04    5.10434e+04    4.36721e+04    8.12912e+02   -1.42192e+02
          LJ-14     Coulomb-14        LJ (SR)   Coulomb (SR)   COM Pull En.
    8.77444e+03   -2.81560e+04    2.25942e+04   -9.85022e+05    1.24199e+02
      Potential    Kinetic En.   Total Energy  Conserved En.    Temperature
   -8.75892e+05    1.93418e+05   -6.82473e+05    6.28703e+05    3.03113e+02
 Pressure (bar)   Constr. rmsd
   -1.15488e+03    3.08018e-06

           Step           Time
          48500       97.00000

   Energies (kJ/mol)
           Bond            U-B    Proper Dih.  Improper Dih.      CMAP Dih.
    1.07041e+04    5.14449e+04    4.38389e+04    8.33541e+02   -1.74940e+02
          LJ-14     Coulomb-14        LJ (SR)   Coulomb (SR)   COM Pull En.
    8.52448e+03   -2.81254e+04    2.08648e+04   -9.82714e+05    1.26452e+02
      Potential    Kinetic En.   Total Energy  Conserved En.    Temperature
   -8.74677e+05    1.92474e+05   -6.82203e+05    6.40461e+05    3.01633e+02
 Pressure (bar)   Constr. rmsd
   -1.34637e+03    3.08146e-06

           Step           Time
          49000       98.00000

   Energies (kJ/mol)
           Bond            U-B    Proper Dih.  Improper Dih.      CMAP Dih.
    1.04237e+04    5.14510e+04    4.36124e+04    8.30440e+02   -1.94510e+02
          LJ-14     Coulomb-14        LJ (SR)   Coulomb (SR)   COM Pull En.
    8.56016e+03   -2.82943e+04    2.11108e+04   -9.82847e+05    1.54384e+02
      Potential    Kinetic En.   Total Energy  Conserved En.    Temperature
   -8.75193e+05    1.92301e+05   -6.82893e+05    6.52314e+05    3.01362e+02
 Pressure (bar)   Constr. rmsd
   -1.56912e+03    3.14597e-06

           Step           Time
          49500       99.00000

   Energies (kJ/mol)
           Bond            U-B    Proper Dih.  Improper Dih.      CMAP Dih.
    1.03806e+04    5.13940e+04    4.38508e+04    7.55871e+02   -1.70312e+02
          LJ-14     Coulomb-14        LJ (SR)   Coulomb (SR)   COM Pull En.
    8.80747e+03   -2.76754e+04    2.17357e+04   -9.82807e+05    1.37850e+02
      Potential    Kinetic En.   Total Energy  Conserved En.    Temperature
   -8.73590e+05    1.92290e+05   -6.81301e+05    6.64027e+05    3.01345e+02
 Pressure (bar)   Constr. rmsd
   -1.55598e+03    3.05422e-06

           Step           Time
          50000      100.00000

   Energies (kJ/mol)
           Bond            U-B    Proper Dih.  Improper Dih.      CMAP Dih.
    1.03995e+04    5.12523e+04    4.36735e+04    7.88065e+02   -1.23451e+02
          LJ-14     Coulomb-14        LJ (SR)   Coulomb (SR)   COM Pull En.
    8.60327e+03   -2.81698e+04    2.25588e+04   -9.84123e+05    1.58064e+02
      Potential    Kinetic En.   Total Energy  Conserved En.    Temperature
   -8.74982e+05    1.92619e+05   -6.82363e+05    6.75418e+05    3.01861e+02
 Pressure (bar)   Constr. rmsd
   -1.70750e+03    3.05031e-06

           Step           Time
          50500      101.00000

   Energies (kJ/mol)
           Bond            U-B    Proper Dih.  Improper Dih.      CMAP Dih.
    1.04561e+04    5.11359e+04    4.35708e+04    7.96104e+02   -1.71476e+02
          LJ-14     Coulomb-14        LJ (SR)   Coulomb (SR)   COM Pull En.
    8.70872e+03   -2.75638e+04    2.32547e+04   -9.85962e+05    1.52659e+02
      Potential    Kinetic En.   Total Energy  Conserved En.    Temperature
   -8.75622e+05    1.93068e+05   -6.82555e+05    6.87162e+05    3.02564e+02
 Pressure (bar)   Constr. rmsd
   -1.47885e+03    3.07568e-06

           Step           Time
          51000      102.00000

   Energies (kJ/mol)
           Bond            U-B    Proper Dih.  Improper Dih.      CMAP Dih.
    1.04398e+04    5.10478e+04    4.34543e+04    7.62871e+02   -1.87905e+02
          LJ-14     Coulomb-14        LJ (SR)   Coulomb (SR)   COM Pull En.
    8.68520e+03   -2.80249e+04    2.24938e+04   -9.86118e+05    1.67392e+02
      Potential    Kinetic En.   Total Energy  Conserved En.    Temperature
   -8.77280e+05    1.94010e+05   -6.83270e+05    6.98875e+05    3.04040e+02
 Pressure (bar)   Constr. rmsd
   -1.49994e+03    3.23977e-06

           Step           Time
          51500      103.00000

   Energies (kJ/mol)
           Bond            U-B    Proper Dih.  Improper Dih.      CMAP Dih.
    1.03359e+04    5.08898e+04    4.36790e+04    8.15118e+02   -9.64165e+01
          LJ-14     Coulomb-14        LJ (SR)   Coulomb (SR)   COM Pull En.
    8.88689e+03   -2.78496e+04    2.22699e+04   -9.84164e+05    1.84788e+02
      Potential    Kinetic En.   Total Energy  Conserved En.    Temperature
   -8.75048e+05    1.92724e+05   -6.82324e+05    7.11257e+05    3.02025e+02
 Pressure (bar)   Constr. rmsd
   -1.59473e+03    3.12825e-06

           Step           Time
          52000      104.00000

   Energies (kJ/mol)
           Bond            U-B    Proper Dih.  Improper Dih.      CMAP Dih.
    1.04726e+04    5.11655e+04    4.36046e+04    8.64364e+02   -1.15965e+02
          LJ-14     Coulomb-14        LJ (SR)   Coulomb (SR)   COM Pull En.
    8.70579e+03   -2.79890e+04    2.32143e+04   -9.86849e+05    1.75878e+02
      Potential    Kinetic En.   Total Energy  Conserved En.    Temperature
   -8.76751e+05    1.93366e+05   -6.83385e+05    7.22722e+05    3.03031e+02
 Pressure (bar)   Constr. rmsd
   -1.04582e+03    3.05496e-06

           Step           Time
          52500      105.00000

   Energies (kJ/mol)
           Bond            U-B    Proper Dih.  Improper Dih.      CMAP Dih.
    1.03309e+04    5.10378e+04    4.35733e+04    8.03172e+02   -8.57134e+01
          LJ-14     Coulomb-14        LJ (SR)   Coulomb (SR)   COM Pull En.
    8.69448e+03   -2.79280e+04    2.33239e+04   -9.86147e+05    1.81594e+02
      Potential    Kinetic En.   Total Energy  Conserved En.    Temperature
   -8.76215e+05    1.92609e+05   -6.83606e+05    7.34673e+05    3.01845e+02
 Pressure (bar)   Constr. rmsd
   -1.49142e+03    2.99787e-06

           Step           Time
          53000      106.00000

   Energies (kJ/mol)
           Bond            U-B    Proper Dih.  Improper Dih.      CMAP Dih.
    1.04879e+04    5.14856e+04    4.35637e+04    8.38954e+02   -1.72975e+02
          LJ-14     Coulomb-14        LJ (SR)   Coulomb (SR)   COM Pull En.
    8.67130e+03   -2.79192e+04    2.14349e+04   -9.83619e+05    1.83525e+02
      Potential    Kinetic En.   Total Energy  Conserved En.    Temperature
   -8.75045e+05    1.92317e+05   -6.82728e+05    7.47044e+05    3.01388e+02
 Pressure (bar)   Constr. rmsd
   -1.28376e+03    3.04788e-06

           Step           Time
          53500      107.00000

   Energies (kJ/mol)
           Bond            U-B    Proper Dih.  Improper Dih.      CMAP Dih.
    1.04828e+04    5.11323e+04    4.36016e+04    8.31494e+02   -9.95223e+01
          LJ-14     Coulomb-14        LJ (SR)   Coulomb (SR)   COM Pull En.
    8.50420e+03   -2.82590e+04    2.26523e+04   -9.85534e+05    1.88013e+02
      Potential    Kinetic En.   Total Energy  Conserved En.    Temperature
   -8.76500e+05    1.93880e+05   -6.82620e+05    7.58820e+05    3.03837e+02
 Pressure (bar)   Constr. rmsd
   -1.28309e+03    3.01557e-06

           Step           Time
          54000      108.00000

   Energies (kJ/mol)
           Bond            U-B    Proper Dih.  Improper Dih.      CMAP Dih.
    1.04402e+04    5.09859e+04    4.36134e+04    7.53503e+02   -1.43199e+02
          LJ-14     Coulomb-14        LJ (SR)   Coulomb (SR)   COM Pull En.
    8.58970e+03   -2.80144e+04    2.10579e+04   -9.81977e+05    2.05889e+02
      Potential    Kinetic En.   Total Energy  Conserved En.    Temperature
   -8.74488e+05    1.92694e+05   -6.81794e+05    7.70767e+05    3.01978e+02
 Pressure (bar)   Constr. rmsd
   -1.58083e+03    3.15658e-06

           Step           Time
          54500      109.00000

   Energies (kJ/mol)
           Bond            U-B    Proper Dih.  Improper Dih.      CMAP Dih.
    1.04968e+04    5.10628e+04    4.36025e+04    7.94425e+02   -1.19664e+02
          LJ-14     Coulomb-14        LJ (SR)   Coulomb (SR)   COM Pull En.
    8.72778e+03   -2.77849e+04    2.16364e+04   -9.84109e+05    1.85753e+02
      Potential    Kinetic En.   Total Energy  Conserved En.    Temperature
   -8.75508e+05    1.93558e+05   -6.81950e+05    7.82333e+05    3.03332e+02
 Pressure (bar)   Constr. rmsd
   -1.39958e+03    2.99286e-06

Writing checkpoint, step 54740 at Tue Jun  2 11:49:25 2026


           Step           Time
          55000      110.00000

   Energies (kJ/mol)
           Bond            U-B    Proper Dih.  Improper Dih.      CMAP Dih.
    1.03354e+04    5.15534e+04    4.34955e+04    7.71109e+02   -1.67966e+02
          LJ-14     Coulomb-14        LJ (SR)   Coulomb (SR)   COM Pull En.
    8.62167e+03   -2.81592e+04    2.28399e+04   -9.84288e+05    1.96706e+02
      Potential    Kinetic En.   Total Energy  Conserved En.    Temperature
   -8.74801e+05    1.92484e+05   -6.82317e+05    7.94058e+05    3.01649e+02
 Pressure (bar)   Constr. rmsd
   -9.49236e+02    3.05170e-06

           Step           Time
          55500      111.00000

   Energies (kJ/mol)
           Bond            U-B    Proper Dih.  Improper Dih.      CMAP Dih.
    1.00143e+04    5.12366e+04    4.36021e+04    7.82834e+02   -2.09965e+02
          LJ-14     Coulomb-14        LJ (SR)   Coulomb (SR)   COM Pull En.
    8.78875e+03   -2.73401e+04    2.32703e+04   -9.84214e+05    2.28685e+02
      Potential    Kinetic En.   Total Energy  Conserved En.    Temperature
   -8.73840e+05    1.92726e+05   -6.81114e+05    8.05989e+05    3.02029e+02
 Pressure (bar)   Constr. rmsd
   -1.08021e+03    3.00920e-06

           Step           Time
          56000      112.00000

   Energies (kJ/mol)
           Bond            U-B    Proper Dih.  Improper Dih.      CMAP Dih.
    1.02828e+04    5.12169e+04    4.36334e+04    7.67863e+02   -9.77540e+01
          LJ-14     Coulomb-14        LJ (SR)   Coulomb (SR)   COM Pull En.
    8.65714e+03   -2.78599e+04    2.22764e+04   -9.82652e+05    1.79886e+02
      Potential    Kinetic En.   Total Energy  Conserved En.    Temperature
   -8.73595e+05    1.92612e+05   -6.80983e+05    8.17547e+05    3.01849e+02
 Pressure (bar)   Constr. rmsd
   -1.36044e+03    3.09061e-06

           Step           Time
          56500      113.00000

   Energies (kJ/mol)
           Bond            U-B    Proper Dih.  Improper Dih.      CMAP Dih.
    1.01575e+04    5.08722e+04    4.36999e+04    8.18248e+02   -1.35361e+02
          LJ-14     Coulomb-14        LJ (SR)   Coulomb (SR)   COM Pull En.
    8.61708e+03   -2.78319e+04    2.02727e+04   -9.81695e+05    1.66337e+02
      Potential    Kinetic En.   Total Energy  Conserved En.    Temperature
   -8.75058e+05    1.92461e+05   -6.82597e+05    8.29206e+05    3.01613e+02
 Pressure (bar)   Constr. rmsd
   -1.89128e+03    3.05321e-06

           Step           Time
          57000      114.00000

   Energies (kJ/mol)
           Bond            U-B    Proper Dih.  Improper Dih.      CMAP Dih.
    1.03603e+04    5.09287e+04    4.36506e+04    8.63023e+02   -2.12827e+02
          LJ-14     Coulomb-14        LJ (SR)   Coulomb (SR)   COM Pull En.
    8.66553e+03   -2.81499e+04    2.15666e+04   -9.83511e+05    1.67495e+02
      Potential    Kinetic En.   Total Energy  Conserved En.    Temperature
   -8.75672e+05    1.91124e+05   -6.84548e+05    8.41318e+05    2.99517e+02
 Pressure (bar)   Constr. rmsd
   -1.34552e+03    2.97964e-06

           Step           Time
          57500      115.00000

   Energies (kJ/mol)
           Bond            U-B    Proper Dih.  Improper Dih.      CMAP Dih.
    1.04489e+04    5.10927e+04    4.38576e+04    8.81032e+02   -1.48023e+02
          LJ-14     Coulomb-14        LJ (SR)   Coulomb (SR)   COM Pull En.
    8.65638e+03   -2.82681e+04    2.14971e+04   -9.83416e+05    1.59396e+02
      Potential    Kinetic En.   Total Energy  Conserved En.    Temperature
   -8.75239e+05    1.92956e+05   -6.82283e+05    8.53377e+05    3.02389e+02
 Pressure (bar)   Constr. rmsd
   -1.44063e+03    3.01939e-06

           Step           Time
          58000      116.00000

   Energies (kJ/mol)
           Bond            U-B    Proper Dih.  Improper Dih.      CMAP Dih.
    1.02688e+04    5.10536e+04    4.39972e+04    7.82558e+02   -1.37833e+02
          LJ-14     Coulomb-14        LJ (SR)   Coulomb (SR)   COM Pull En.
    8.54709e+03   -2.74385e+04    2.24235e+04   -9.85011e+05    1.91949e+02
      Potential    Kinetic En.   Total Energy  Conserved En.    Temperature
   -8.75323e+05    1.92994e+05   -6.82329e+05    8.65130e+05    3.02449e+02
 Pressure (bar)   Constr. rmsd
   -1.26443e+03    3.01097e-06

           Step           Time
          58500      117.00000

   Energies (kJ/mol)
           Bond            U-B    Proper Dih.  Improper Dih.      CMAP Dih.
    1.03720e+04    5.16659e+04    4.38549e+04    7.85147e+02   -1.60970e+02
          LJ-14     Coulomb-14        LJ (SR)   Coulomb (SR)   COM Pull En.
    8.66646e+03   -2.78631e+04    2.07939e+04   -9.83020e+05    1.83172e+02
      Potential    Kinetic En.   Total Energy  Conserved En.    Temperature
   -8.74723e+05    1.92662e+05   -6.82061e+05    8.76656e+05    3.01927e+02
 Pressure (bar)   Constr. rmsd
   -1.03591e+03    3.12104e-06

           Step           Time
          59000      118.00000

   Energies (kJ/mol)
           Bond            U-B    Proper Dih.  Improper Dih.      CMAP Dih.
    1.00610e+04    5.05960e+04    4.36760e+04    7.92617e+02   -1.70123e+02
          LJ-14     Coulomb-14        LJ (SR)   Coulomb (SR)   COM Pull En.
    8.73967e+03   -2.79187e+04    2.27444e+04   -9.86654e+05    1.91685e+02
      Potential    Kinetic En.   Total Energy  Conserved En.    Temperature
   -8.77942e+05    1.92084e+05   -6.85858e+05    8.87904e+05    3.01022e+02
 Pressure (bar)   Constr. rmsd
   -1.13151e+03    2.98623e-06

           Step           Time
          59500      119.00000

   Energies (kJ/mol)
           Bond            U-B    Proper Dih.  Improper Dih.      CMAP Dih.
    1.02713e+04    5.10962e+04    4.39472e+04    6.83890e+02   -1.34753e+02
          LJ-14     Coulomb-14        LJ (SR)   Coulomb (SR)   COM Pull En.
    8.68443e+03   -2.79956e+04    2.27208e+04   -9.85208e+05    1.87877e+02
      Potential    Kinetic En.   Total Energy  Conserved En.    Temperature
   -8.75747e+05    1.92358e+05   -6.83389e+05    8.99955e+05    3.01451e+02
 Pressure (bar)   Constr. rmsd
   -9.22507e+02    3.03305e-06

           Step           Time
          60000      120.00000

   Energies (kJ/mol)
           Bond            U-B    Proper Dih.  Improper Dih.      CMAP Dih.
    1.04877e+04    5.12226e+04    4.38540e+04    8.28255e+02   -1.84890e+02
          LJ-14     Coulomb-14        LJ (SR)   Coulomb (SR)   COM Pull En.
    8.73754e+03   -2.74472e+04    2.31125e+04   -9.85879e+05    2.02728e+02
      Potential    Kinetic En.   Total Energy  Conserved En.    Temperature
   -8.75066e+05    1.92580e+05   -6.82487e+05    9.11686e+05    3.01799e+02
 Pressure (bar)   Constr. rmsd
   -9.99703e+02    3.14525e-06

           Step           Time
          60500      121.00000

   Energies (kJ/mol)
           Bond            U-B    Proper Dih.  Improper Dih.      CMAP Dih.
    1.01721e+04    5.10837e+04    4.38416e+04    8.71722e+02   -1.67283e+02
          LJ-14     Coulomb-14        LJ (SR)   Coulomb (SR)   COM Pull En.
    8.69099e+03   -2.71056e+04    2.19971e+04   -9.85782e+05    2.01820e+02
      Potential    Kinetic En.   Total Energy  Conserved En.    Temperature
   -8.76195e+05    1.92360e+05   -6.83836e+05    9.23568e+05    3.01454e+02
 Pressure (bar)   Constr. rmsd
   -1.25171e+03    3.06723e-06

           Step           Time
          61000      122.00000

   Energies (kJ/mol)
           Bond            U-B    Proper Dih.  Improper Dih.      CMAP Dih.
    1.04004e+04    5.15402e+04    4.39357e+04    7.92687e+02   -1.63636e+02
          LJ-14     Coulomb-14        LJ (SR)   Coulomb (SR)   COM Pull En.
    8.74795e+03   -2.80563e+04    2.24420e+04   -9.82892e+05    1.92677e+02
      Potential    Kinetic En.   Total Energy  Conserved En.    Temperature
   -8.73060e+05    1.93071e+05   -6.79989e+05    9.35501e+05    3.02569e+02
 Pressure (bar)   Constr. rmsd
   -1.01513e+03    3.08699e-06

           Step           Time
          61500      123.00000

   Energies (kJ/mol)
           Bond            U-B    Proper Dih.  Improper Dih.      CMAP Dih.
    1.03918e+04    5.11177e+04    4.39276e+04    7.79972e+02   -1.61917e+02
          LJ-14     Coulomb-14        LJ (SR)   Coulomb (SR)   COM Pull En.
    8.89589e+03   -2.76112e+04    2.22836e+04   -9.84662e+05    2.19510e+02
      Potential    Kinetic En.   Total Energy  Conserved En.    Temperature
   -8.74819e+05    1.92247e+05   -6.82572e+05    9.47210e+05    3.01278e+02
 Pressure (bar)   Constr. rmsd
   -1.03505e+03    2.94458e-06

           Step           Time
          62000      124.00000

   Energies (kJ/mol)
           Bond            U-B    Proper Dih.  Improper Dih.      CMAP Dih.
    1.00148e+04    5.14151e+04    4.35002e+04    8.10390e+02   -1.82522e+02
          LJ-14     Coulomb-14        LJ (SR)   Coulomb (SR)   COM Pull En.
    8.65569e+03   -2.78174e+04    2.31593e+04   -9.86423e+05    2.23508e+02
      Potential    Kinetic En.   Total Energy  Conserved En.    Temperature
   -8.76644e+05    1.93779e+05   -6.82865e+05    9.58783e+05    3.03678e+02
 Pressure (bar)   Constr. rmsd
   -1.10198e+03    3.02017e-06

           Step           Time
          62500      125.00000

   Energies (kJ/mol)
           Bond            U-B    Proper Dih.  Improper Dih.      CMAP Dih.
    1.03094e+04    5.13013e+04    4.38401e+04    8.03527e+02   -1.38878e+02
          LJ-14     Coulomb-14        LJ (SR)   Coulomb (SR)   COM Pull En.
    8.62389e+03   -2.79012e+04    2.17112e+04   -9.85062e+05    2.33191e+02
      Potential    Kinetic En.   Total Energy  Conserved En.    Temperature
   -8.76279e+05    1.92887e+05   -6.83392e+05    9.70395e+05    3.02281e+02
 Pressure (bar)   Constr. rmsd
   -1.09405e+03    2.97144e-06

           Step           Time
          63000      126.00000

   Energies (kJ/mol)
           Bond            U-B    Proper Dih.  Improper Dih.      CMAP Dih.
    1.04966e+04    5.17342e+04    4.35224e+04    7.46525e+02   -1.49019e+02
          LJ-14     Coulomb-14        LJ (SR)   Coulomb (SR)   COM Pull En.
    8.65189e+03   -2.77193e+04    2.17877e+04   -9.84035e+05    2.48175e+02
      Potential    Kinetic En.   Total Energy  Conserved En.    Temperature
   -8.74716e+05    1.92518e+05   -6.82197e+05    9.82089e+05    3.01703e+02
 Pressure (bar)   Constr. rmsd
   -1.94056e+03    3.01436e-06

           Step           Time
          63500      127.00000

   Energies (kJ/mol)
           Bond            U-B    Proper Dih.  Improper Dih.      CMAP Dih.
    1.04260e+04    5.10925e+04    4.36787e+04    7.71785e+02   -1.70069e+02
          LJ-14     Coulomb-14        LJ (SR)   Coulomb (SR)   COM Pull En.
    8.69230e+03   -2.72218e+04    2.34825e+04   -9.87603e+05    2.50497e+02
      Potential    Kinetic En.   Total Energy  Conserved En.    Temperature
   -8.76601e+05    1.93159e+05   -6.83442e+05    9.93965e+05    3.02707e+02
 Pressure (bar)   Constr. rmsd
   -7.61146e+02    3.06065e-06

           Step           Time
          64000      128.00000

   Energies (kJ/mol)
           Bond            U-B    Proper Dih.  Improper Dih.      CMAP Dih.
    1.04086e+04    5.08943e+04    4.33791e+04    7.35733e+02   -1.50438e+02
          LJ-14     Coulomb-14        LJ (SR)   Coulomb (SR)   COM Pull En.
    8.77426e+03   -2.73734e+04    2.25577e+04   -9.86267e+05    2.47532e+02
      Potential    Kinetic En.   Total Energy  Conserved En.    Temperature
   -8.76793e+05    1.93703e+05   -6.83090e+05    1.00552e+06    3.03560e+02
 Pressure (bar)   Constr. rmsd
   -1.49803e+03    3.15061e-06

           Step           Time
          64500      129.00000

   Energies (kJ/mol)
           Bond            U-B    Proper Dih.  Improper Dih.      CMAP Dih.
    1.05867e+04    5.15026e+04    4.36909e+04    8.12910e+02   -1.80708e+02
          LJ-14     Coulomb-14        LJ (SR)   Coulomb (SR)   COM Pull En.
    8.63726e+03   -2.78604e+04    2.22118e+04   -9.84453e+05    2.62979e+02
      Potential    Kinetic En.   Total Energy  Conserved En.    Temperature
   -8.74789e+05    1.92537e+05   -6.82252e+05    1.01769e+06    3.01732e+02
 Pressure (bar)   Constr. rmsd
   -1.92048e+03    2.99427e-06

           Step           Time
          65000      130.00000

   Energies (kJ/mol)
           Bond            U-B    Proper Dih.  Improper Dih.      CMAP Dih.
    1.03301e+04    5.10765e+04    4.36847e+04    8.49114e+02   -1.60674e+02
          LJ-14     Coulomb-14        LJ (SR)   Coulomb (SR)   COM Pull En.
    8.61816e+03   -2.73167e+04    2.07255e+04   -9.84718e+05    2.63322e+02
      Potential    Kinetic En.   Total Energy  Conserved En.    Temperature
   -8.76648e+05    1.91868e+05   -6.84780e+05    1.02946e+06    3.00684e+02
 Pressure (bar)   Constr. rmsd
   -1.12748e+03    3.03798e-06

           Step           Time
          65500      131.00000

   Energies (kJ/mol)
           Bond            U-B    Proper Dih.  Improper Dih.      CMAP Dih.
    1.01836e+04    5.14569e+04    4.37282e+04    8.74822e+02   -1.66250e+02
          LJ-14     Coulomb-14        LJ (SR)   Coulomb (SR)   COM Pull En.
    8.63643e+03   -2.73990e+04    2.31779e+04   -9.88077e+05    2.63363e+02
      Potential    Kinetic En.   Total Energy  Conserved En.    Temperature
   -8.77321e+05    1.93976e+05   -6.83345e+05    1.04131e+06    3.03987e+02
 Pressure (bar)   Constr. rmsd
   -5.08875e+02    3.03909e-06

           Step           Time
          66000      132.00000

   Energies (kJ/mol)
           Bond            U-B    Proper Dih.  Improper Dih.      CMAP Dih.
    1.02976e+04    5.19662e+04    4.37430e+04    8.63758e+02   -1.08488e+02
          LJ-14     Coulomb-14        LJ (SR)   Coulomb (SR)   COM Pull En.
    8.47850e+03   -2.74624e+04    2.16710e+04   -9.86904e+05    2.91615e+02
      Potential    Kinetic En.   Total Energy  Conserved En.    Temperature
   -8.77163e+05    1.92004e+05   -6.85159e+05    1.05322e+06    3.00897e+02
 Pressure (bar)   Constr. rmsd
   -9.68159e+02    3.01684e-06

           Step           Time
          66500      133.00000

   Energies (kJ/mol)
           Bond            U-B    Proper Dih.  Improper Dih.      CMAP Dih.
    1.04024e+04    5.16552e+04    4.34008e+04    8.77732e+02   -1.04894e+02
          LJ-14     Coulomb-14        LJ (SR)   Coulomb (SR)   COM Pull En.
    8.74874e+03   -2.73510e+04    2.11732e+04   -9.84746e+05    2.72375e+02
      Potential    Kinetic En.   Total Energy  Conserved En.    Temperature
   -8.75672e+05    1.92699e+05   -6.82973e+05    1.06492e+06    3.01986e+02
 Pressure (bar)   Constr. rmsd
   -1.39887e+03    3.04660e-06

           Step           Time
          67000      134.00000

   Energies (kJ/mol)
           Bond            U-B    Proper Dih.  Improper Dih.      CMAP Dih.
    1.05966e+04    5.12334e+04    4.38627e+04    8.75115e+02   -1.81355e+02
          LJ-14     Coulomb-14        LJ (SR)   Coulomb (SR)   COM Pull En.
    8.60902e+03   -2.77728e+04    2.14845e+04   -9.85448e+05    3.03341e+02
      Potential    Kinetic En.   Total Energy  Conserved En.    Temperature
   -8.76437e+05    1.92605e+05   -6.83832e+05    1.07635e+06    3.01839e+02
 Pressure (bar)   Constr. rmsd
   -1.43104e+03    3.08986e-06

           Step           Time
          67500      135.00000

   Energies (kJ/mol)
           Bond            U-B    Proper Dih.  Improper Dih.      CMAP Dih.
    1.04228e+04    5.13455e+04    4.37406e+04    7.73662e+02   -1.89151e+02
          LJ-14     Coulomb-14        LJ (SR)   Coulomb (SR)   COM Pull En.
    8.72972e+03   -2.73265e+04    2.16829e+04   -9.85119e+05    3.16818e+02
      Potential    Kinetic En.   Total Energy  Conserved En.    Temperature
   -8.75622e+05    1.92795e+05   -6.82827e+05    1.08798e+06    3.02136e+02
 Pressure (bar)   Constr. rmsd
   -1.56382e+03    3.05939e-06

           Step           Time
          68000      136.00000

   Energies (kJ/mol)
           Bond            U-B    Proper Dih.  Improper Dih.      CMAP Dih.
    1.04387e+04    5.24343e+04    4.36363e+04    8.61115e+02   -2.13418e+02
          LJ-14     Coulomb-14        LJ (SR)   Coulomb (SR)   COM Pull En.
    8.59422e+03   -2.75966e+04    2.07054e+04   -9.83845e+05    3.00322e+02
      Potential    Kinetic En.   Total Energy  Conserved En.    Temperature
   -8.74685e+05    1.92896e+05   -6.81789e+05    1.09981e+06    3.02295e+02
 Pressure (bar)   Constr. rmsd
   -1.69723e+03    3.03271e-06

           Step           Time
          68500      137.00000

   Energies (kJ/mol)
           Bond            U-B    Proper Dih.  Improper Dih.      CMAP Dih.
    1.02699e+04    5.12498e+04    4.36294e+04    8.54634e+02   -8.45249e+01
          LJ-14     Coulomb-14        LJ (SR)   Coulomb (SR)   COM Pull En.
    8.69013e+03   -2.75037e+04    2.12231e+04   -9.84478e+05    3.20043e+02
      Potential    Kinetic En.   Total Energy  Conserved En.    Temperature
   -8.75830e+05    1.92890e+05   -6.82939e+05    1.11154e+06    3.02286e+02
 Pressure (bar)   Constr. rmsd
   -1.12605e+03    3.01978e-06

           Step           Time
          69000      138.00000

   Energies (kJ/mol)
           Bond            U-B    Proper Dih.  Improper Dih.      CMAP Dih.
    1.04373e+04    5.13237e+04    4.38017e+04    8.18044e+02   -1.49845e+02
          LJ-14     Coulomb-14        LJ (SR)   Coulomb (SR)   COM Pull En.
    8.62193e+03   -2.79813e+04    2.14902e+04   -9.85256e+05    3.27765e+02
      Potential    Kinetic En.   Total Energy  Conserved En.    Temperature
   -8.76566e+05    1.91462e+05   -6.85104e+05    1.12379e+06    3.00048e+02
 Pressure (bar)   Constr. rmsd
   -1.60289e+03    3.03802e-06

           Step           Time
          69500      139.00000

   Energies (kJ/mol)
           Bond            U-B    Proper Dih.  Improper Dih.      CMAP Dih.
    1.03665e+04    5.13763e+04    4.38243e+04    7.93974e+02   -1.52995e+02
          LJ-14     Coulomb-14        LJ (SR)   Coulomb (SR)   COM Pull En.
    8.59594e+03   -2.75950e+04    1.99915e+04   -9.82045e+05    3.36925e+02
      Potential    Kinetic En.   Total Energy  Conserved En.    Temperature
   -8.74507e+05    1.92697e+05   -6.81810e+05    1.13565e+06    3.01983e+02
 Pressure (bar)   Constr. rmsd
   -1.64979e+03    3.06227e-06

           Step           Time
          70000      140.00000

   Energies (kJ/mol)
           Bond            U-B    Proper Dih.  Improper Dih.      CMAP Dih.
    1.04122e+04    5.15298e+04    4.39011e+04    7.79949e+02   -1.80512e+02
          LJ-14     Coulomb-14        LJ (SR)   Coulomb (SR)   COM Pull En.
    8.77939e+03   -2.76116e+04    1.99903e+04   -9.83856e+05    3.32413e+02
      Potential    Kinetic En.   Total Energy  Conserved En.    Temperature
   -8.75923e+05    1.93562e+05   -6.82360e+05    1.14742e+06    3.03339e+02
 Pressure (bar)   Constr. rmsd
   -1.46815e+03    3.01145e-06

           Step           Time
          70500      141.00000

   Energies (kJ/mol)
           Bond            U-B    Proper Dih.  Improper Dih.      CMAP Dih.
    1.04074e+04    5.13195e+04    4.34997e+04    8.28149e+02   -1.62626e+02
          LJ-14     Coulomb-14        LJ (SR)   Coulomb (SR)   COM Pull En.
    8.62872e+03   -2.74657e+04    2.28555e+04   -9.87212e+05    3.56018e+02
      Potential    Kinetic En.   Total Energy  Conserved En.    Temperature
   -8.76945e+05    1.91944e+05   -6.85001e+05    1.15926e+06    3.00803e+02
 Pressure (bar)   Constr. rmsd
   -7.85090e+02    2.98889e-06

           Step           Time
          71000      142.00000

   Energies (kJ/mol)
           Bond            U-B    Proper Dih.  Improper Dih.      CMAP Dih.
    1.04168e+04    5.18135e+04    4.36699e+04    8.21967e+02   -9.72393e+01
          LJ-14     Coulomb-14        LJ (SR)   Coulomb (SR)   COM Pull En.
    8.72042e+03   -2.74505e+04    2.25924e+04   -9.86671e+05    3.37328e+02
      Potential    Kinetic En.   Total Energy  Conserved En.    Temperature
   -8.75847e+05    1.91952e+05   -6.83895e+05    1.17074e+06    3.00815e+02
 Pressure (bar)   Constr. rmsd
   -1.22678e+03    3.01948e-06

           Step           Time
          71500      143.00000

   Energies (kJ/mol)
           Bond            U-B    Proper Dih.  Improper Dih.      CMAP Dih.
    9.91478e+03    5.11144e+04    4.37452e+04    8.11058e+02   -1.16966e+02
          LJ-14     Coulomb-14        LJ (SR)   Coulomb (SR)   COM Pull En.
    8.82054e+03   -2.81153e+04    2.13998e+04   -9.85882e+05    3.61388e+02
      Potential    Kinetic En.   Total Energy  Conserved En.    Temperature
   -8.77947e+05    1.93250e+05   -6.84697e+05    1.18272e+06    3.02850e+02
 Pressure (bar)   Constr. rmsd
   -2.16852e+02    3.10922e-06

           Step           Time
          72000      144.00000

   Energies (kJ/mol)
           Bond            U-B    Proper Dih.  Improper Dih.      CMAP Dih.
    1.01390e+04    5.14517e+04    4.36011e+04    8.35108e+02   -8.94350e+01
          LJ-14     Coulomb-14        LJ (SR)   Coulomb (SR)   COM Pull En.
    8.72220e+03   -2.77866e+04    2.24209e+04   -9.86264e+05    3.62984e+02
      Potential    Kinetic En.   Total Energy  Conserved En.    Temperature
   -8.76607e+05    1.93632e+05   -6.82974e+05    1.19478e+06    3.03449e+02
 Pressure (bar)   Constr. rmsd
   -1.42006e+03    3.23016e-06

           Step           Time
          72500      145.00000

   Energies (kJ/mol)
           Bond            U-B    Proper Dih.  Improper Dih.      CMAP Dih.
    9.93335e+03    5.08680e+04    4.37324e+04    8.79325e+02   -1.33754e+02
          LJ-14     Coulomb-14        LJ (SR)   Coulomb (SR)   COM Pull En.
    8.79748e+03   -2.71789e+04    2.20409e+04   -9.86234e+05    3.88246e+02
      Potential    Kinetic En.   Total Energy  Conserved En.    Temperature
   -8.76907e+05    1.92549e+05   -6.84358e+05    1.20677e+06    3.01751e+02
 Pressure (bar)   Constr. rmsd
   -8.97075e+02    3.18186e-06

           Step           Time
          73000      146.00000

   Energies (kJ/mol)
           Bond            U-B    Proper Dih.  Improper Dih.      CMAP Dih.
    1.04748e+04    5.17416e+04    4.35227e+04    7.37658e+02   -1.04273e+02
          LJ-14     Coulomb-14        LJ (SR)   Coulomb (SR)   COM Pull En.
    8.61652e+03   -2.78737e+04    2.28776e+04   -9.87137e+05    3.69039e+02
      Potential    Kinetic En.   Total Energy  Conserved En.    Temperature
   -8.76775e+05    1.92362e+05   -6.84413e+05    1.21821e+06    3.01457e+02
 Pressure (bar)   Constr. rmsd
   -1.23963e+03    3.01169e-06

           Step           Time
          73500      147.00000

   Energies (kJ/mol)
           Bond            U-B    Proper Dih.  Improper Dih.      CMAP Dih.
    1.04170e+04    5.13375e+04    4.33141e+04    8.42783e+02   -1.17553e+02
          LJ-14     Coulomb-14        LJ (SR)   Coulomb (SR)   COM Pull En.
    8.43290e+03   -2.75561e+04    2.25713e+04   -9.86453e+05    4.05847e+02
      Potential    Kinetic En.   Total Energy  Conserved En.    Temperature
   -8.76805e+05    1.92885e+05   -6.83920e+05    1.23005e+06    3.02277e+02
 Pressure (bar)   Constr. rmsd
   -1.10290e+03    3.15536e-06

           Step           Time
          74000      148.00000

   Energies (kJ/mol)
           Bond            U-B    Proper Dih.  Improper Dih.      CMAP Dih.
    1.03791e+04    5.15091e+04    4.35415e+04    8.96545e+02   -1.83107e+02
          LJ-14     Coulomb-14        LJ (SR)   Coulomb (SR)   COM Pull En.
    8.75769e+03   -2.77576e+04    2.17421e+04   -9.85197e+05    3.97340e+02
      Potential    Kinetic En.   Total Energy  Conserved En.    Temperature
   -8.75914e+05    1.93189e+05   -6.82725e+05    1.24176e+06    3.02754e+02
 Pressure (bar)   Constr. rmsd
   -1.10129e+03    3.15674e-06

           Step           Time
          74500      149.00000

   Energies (kJ/mol)
           Bond            U-B    Proper Dih.  Improper Dih.      CMAP Dih.
    1.03987e+04    5.17861e+04    4.37147e+04    8.59554e+02   -1.20519e+02
          LJ-14     Coulomb-14        LJ (SR)   Coulomb (SR)   COM Pull En.
    8.55481e+03   -2.79007e+04    2.11357e+04   -9.86059e+05    4.13276e+02
      Potential    Kinetic En.   Total Energy  Conserved En.    Temperature
   -8.77217e+05    1.93160e+05   -6.84057e+05    1.25334e+06    3.02709e+02
 Pressure (bar)   Constr. rmsd
   -1.22869e+03    3.12714e-06

           Step           Time
          75000      150.00000

   Energies (kJ/mol)
           Bond            U-B    Proper Dih.  Improper Dih.      CMAP Dih.
    1.04027e+04    5.16290e+04    4.34365e+04    7.63919e+02   -8.74935e+01
          LJ-14     Coulomb-14        LJ (SR)   Coulomb (SR)   COM Pull En.
    8.69322e+03   -2.75497e+04    2.21568e+04   -9.86151e+05    4.09592e+02
      Potential    Kinetic En.   Total Energy  Conserved En.    Temperature
   -8.76297e+05    1.93503e+05   -6.82794e+05    1.26528e+06    3.03246e+02
 Pressure (bar)   Constr. rmsd
   -2.03346e+03    2.97318e-06

           Step           Time
          75500      151.00000

   Energies (kJ/mol)
           Bond            U-B    Proper Dih.  Improper Dih.      CMAP Dih.
    1.02654e+04    5.16797e+04    4.37145e+04    7.68471e+02   -8.08176e+01
          LJ-14     Coulomb-14        LJ (SR)   Coulomb (SR)   COM Pull En.
    8.59823e+03   -2.76460e+04    2.15985e+04   -9.84476e+05    4.27777e+02
      Potential    Kinetic En.   Total Energy  Conserved En.    Temperature
   -8.75151e+05    1.92902e+05   -6.82249e+05    1.27704e+06    3.02304e+02
 Pressure (bar)   Constr. rmsd
   -1.32836e+03    3.06118e-06

           Step           Time
          76000      152.00000

   Energies (kJ/mol)
           Bond            U-B    Proper Dih.  Improper Dih.      CMAP Dih.
    1.03857e+04    5.13482e+04    4.38239e+04    7.83147e+02   -4.55465e+01
          LJ-14     Coulomb-14        LJ (SR)   Coulomb (SR)   COM Pull En.
    8.67953e+03   -2.74086e+04    2.18784e+04   -9.85867e+05    4.45102e+02
      Potential    Kinetic En.   Total Energy  Conserved En.    Temperature
   -8.75978e+05    1.92845e+05   -6.83133e+05    1.28872e+06    3.02214e+02
 Pressure (bar)   Constr. rmsd
   -1.42327e+03    3.17867e-06

           Step           Time
          76500      153.00000

   Energies (kJ/mol)
           Bond            U-B    Proper Dih.  Improper Dih.      CMAP Dih.
    1.03105e+04    5.11346e+04    4.36181e+04    8.16526e+02   -1.58015e+02
          LJ-14     Coulomb-14        LJ (SR)   Coulomb (SR)   COM Pull En.
    8.54944e+03   -2.79315e+04    2.21772e+04   -9.86250e+05    4.44355e+02
      Potential    Kinetic En.   Total Energy  Conserved En.    Temperature
   -8.77289e+05    1.92637e+05   -6.84652e+05    1.30068e+06    3.01889e+02
 Pressure (bar)   Constr. rmsd
   -1.78456e+03    3.04003e-06

           Step           Time
          77000      154.00000

   Energies (kJ/mol)
           Bond            U-B    Proper Dih.  Improper Dih.      CMAP Dih.
    1.06065e+04    5.16959e+04    4.36331e+04    8.68373e+02   -1.54433e+02
          LJ-14     Coulomb-14        LJ (SR)   Coulomb (SR)   COM Pull En.
    8.70744e+03   -2.76647e+04    2.20287e+04   -9.86018e+05    4.49384e+02
      Potential    Kinetic En.   Total Energy  Conserved En.    Temperature
   -8.75848e+05    1.91977e+05   -6.83871e+05    1.31264e+06    3.00855e+02
 Pressure (bar)   Constr. rmsd
   -1.12473e+03    2.99185e-06

           Step           Time
          77500      155.00000

   Energies (kJ/mol)
           Bond            U-B    Proper Dih.  Improper Dih.      CMAP Dih.
    1.01863e+04    5.15886e+04    4.33885e+04    8.05730e+02   -8.45680e+01
          LJ-14     Coulomb-14        LJ (SR)   Coulomb (SR)   COM Pull En.
    8.67737e+03   -2.80496e+04    2.25913e+04   -9.85857e+05    4.69522e+02
      Potential    Kinetic En.   Total Energy  Conserved En.    Temperature
   -8.76284e+05    1.93057e+05   -6.83227e+05    1.32434e+06    3.02546e+02
 Pressure (bar)   Constr. rmsd
   -1.22061e+03    3.06749e-06

           Step           Time
          78000      156.00000

   Energies (kJ/mol)
           Bond            U-B    Proper Dih.  Improper Dih.      CMAP Dih.
    1.06850e+04    5.14001e+04    4.34328e+04    8.57742e+02   -1.26516e+02
          LJ-14     Coulomb-14        LJ (SR)   Coulomb (SR)   COM Pull En.
    8.50248e+03   -2.80345e+04    2.30020e+04   -9.87807e+05    4.76271e+02
      Potential    Kinetic En.   Total Energy  Conserved En.    Temperature
   -8.77612e+05    1.91741e+05   -6.85870e+05    1.33601e+06    3.00485e+02
 Pressure (bar)   Constr. rmsd
   -1.29955e+03    3.10648e-06

           Step           Time
          78500      157.00000

   Energies (kJ/mol)
           Bond            U-B    Proper Dih.  Improper Dih.      CMAP Dih.
    1.03553e+04    5.08551e+04    4.37095e+04    8.23530e+02   -1.36286e+02
          LJ-14     Coulomb-14        LJ (SR)   Coulomb (SR)   COM Pull En.
    8.61267e+03   -2.75733e+04    2.19231e+04   -9.86479e+05    4.97424e+02
      Potential    Kinetic En.   Total Energy  Conserved En.    Temperature
   -8.77412e+05    1.92861e+05   -6.84551e+05    1.34799e+06    3.02239e+02
 Pressure (bar)   Constr. rmsd
   -2.06213e+03    2.98838e-06

           Step           Time
          79000      158.00000

   Energies (kJ/mol)
           Bond            U-B    Proper Dih.  Improper Dih.      CMAP Dih.
    1.04045e+04    5.11944e+04    4.35250e+04    8.54630e+02   -1.04722e+02
          LJ-14     Coulomb-14        LJ (SR)   Coulomb (SR)   COM Pull En.
    8.66106e+03   -2.76947e+04    2.16009e+04   -9.85988e+05    4.81258e+02
      Potential    Kinetic En.   Total Energy  Conserved En.    Temperature
   -8.77066e+05    1.93192e+05   -6.83874e+05    1.35938e+06    3.02758e+02
 Pressure (bar)   Constr. rmsd
   -1.37973e+03    3.07879e-06

           Step           Time
          79500      159.00000

   Energies (kJ/mol)
           Bond            U-B    Proper Dih.  Improper Dih.      CMAP Dih.
    1.06888e+04    5.14404e+04    4.35899e+04    7.65569e+02   -3.90636e+01
          LJ-14     Coulomb-14        LJ (SR)   Coulomb (SR)   COM Pull En.
    8.65938e+03   -2.81980e+04    2.24034e+04   -9.85328e+05    4.96792e+02
      Potential    Kinetic En.   Total Energy  Conserved En.    Temperature
   -8.75521e+05    1.92644e+05   -6.82877e+05    1.37100e+06    3.01900e+02
 Pressure (bar)   Constr. rmsd
   -1.26355e+03    3.03204e-06

           Step           Time
          80000      160.00000

   Energies (kJ/mol)
           Bond            U-B    Proper Dih.  Improper Dih.      CMAP Dih.
    1.04148e+04    5.13982e+04    4.35500e+04    8.31576e+02   -1.27601e+02
          LJ-14     Coulomb-14        LJ (SR)   Coulomb (SR)   COM Pull En.
    8.53857e+03   -2.76845e+04    2.27696e+04   -9.86434e+05    5.20706e+02
      Potential    Kinetic En.   Total Energy  Conserved En.    Temperature
   -8.76223e+05    1.93486e+05   -6.82737e+05    1.38258e+06    3.03219e+02
 Pressure (bar)   Constr. rmsd
   -9.21915e+02    3.07507e-06

           Step           Time
          80500      161.00000

   Energies (kJ/mol)
           Bond            U-B    Proper Dih.  Improper Dih.      CMAP Dih.
    1.03838e+04    5.11071e+04    4.37080e+04    8.13379e+02   -1.95176e+02
          LJ-14     Coulomb-14        LJ (SR)   Coulomb (SR)   COM Pull En.
    8.71512e+03   -2.79489e+04    2.24978e+04   -9.87795e+05    5.24982e+02
      Potential    Kinetic En.   Total Energy  Conserved En.    Temperature
   -8.78189e+05    1.92692e+05   -6.85498e+05    1.39417e+06    3.01975e+02
 Pressure (bar)   Constr. rmsd
   -1.19431e+03    2.96623e-06

           Step           Time
          81000      162.00000

   Energies (kJ/mol)
           Bond            U-B    Proper Dih.  Improper Dih.      CMAP Dih.
    1.06324e+04    5.15483e+04    4.37396e+04    8.36423e+02   -1.61950e+02
          LJ-14     Coulomb-14        LJ (SR)   Coulomb (SR)   COM Pull En.
    8.74463e+03   -2.77939e+04    2.21721e+04   -9.86428e+05    5.45518e+02
      Potential    Kinetic En.   Total Energy  Conserved En.    Temperature
   -8.76165e+05    1.93501e+05   -6.82664e+05    1.40565e+06    3.03243e+02
 Pressure (bar)   Constr. rmsd
   -1.03180e+03    3.12966e-06

           Step           Time
          81500      163.00000

   Energies (kJ/mol)
           Bond            U-B    Proper Dih.  Improper Dih.      CMAP Dih.
    1.05895e+04    5.23939e+04    4.34814e+04    7.87189e+02   -1.66632e+02
          LJ-14     Coulomb-14        LJ (SR)   Coulomb (SR)   COM Pull En.
    8.49122e+03   -2.76630e+04    2.07867e+04   -9.85110e+05    5.44095e+02
      Potential    Kinetic En.   Total Energy  Conserved En.    Temperature
   -8.75865e+05    1.92215e+05   -6.83651e+05    1.41780e+06    3.01227e+02
 Pressure (bar)   Constr. rmsd
   -1.74474e+03    3.04879e-06

           Step           Time
          82000      164.00000

   Energies (kJ/mol)
           Bond            U-B    Proper Dih.  Improper Dih.      CMAP Dih.
    1.03575e+04    5.14203e+04    4.35500e+04    8.24792e+02   -1.28511e+02
          LJ-14     Coulomb-14        LJ (SR)   Coulomb (SR)   COM Pull En.
    8.54809e+03   -2.77518e+04    2.17054e+04   -9.86408e+05    5.56126e+02
      Potential    Kinetic En.   Total Energy  Conserved En.    Temperature
   -8.77326e+05    1.92827e+05   -6.84498e+05    1.42988e+06    3.02187e+02
 Pressure (bar)   Constr. rmsd
   -1.04981e+03    3.05494e-06

Writing checkpoint, step 82240 at Tue Jun  2 12:04:25 2026


           Step           Time
          82500      165.00000

   Energies (kJ/mol)
           Bond            U-B    Proper Dih.  Improper Dih.      CMAP Dih.
    1.02669e+04    5.15462e+04    4.34744e+04    7.93690e+02   -1.29123e+02
          LJ-14     Coulomb-14        LJ (SR)   Coulomb (SR)   COM Pull En.
    8.69265e+03   -2.74599e+04    2.26071e+04   -9.87748e+05    5.57117e+02
      Potential    Kinetic En.   Total Energy  Conserved En.    Temperature
   -8.77399e+05    1.91723e+05   -6.85676e+05    1.44197e+06    3.00457e+02
 Pressure (bar)   Constr. rmsd
   -1.19981e+03    2.97862e-06

           Step           Time
          83000      166.00000

   Energies (kJ/mol)
           Bond            U-B    Proper Dih.  Improper Dih.      CMAP Dih.
    1.01736e+04    5.17837e+04    4.36327e+04    8.82656e+02   -1.62968e+02
          LJ-14     Coulomb-14        LJ (SR)   Coulomb (SR)   COM Pull En.
    8.69677e+03   -2.77389e+04    2.18747e+04   -9.85630e+05    5.78550e+02
      Potential    Kinetic En.   Total Energy  Conserved En.    Temperature
   -8.75909e+05    1.93213e+05   -6.82696e+05    1.45330e+06    3.02791e+02
 Pressure (bar)   Constr. rmsd
   -1.18575e+03    3.00332e-06

           Step           Time
          83500      167.00000

   Energies (kJ/mol)
           Bond            U-B    Proper Dih.  Improper Dih.      CMAP Dih.
    1.04040e+04    5.07061e+04    4.35872e+04    8.42643e+02   -1.29327e+02
          LJ-14     Coulomb-14        LJ (SR)   Coulomb (SR)   COM Pull En.
    8.86301e+03   -2.75158e+04    2.25204e+04   -9.87186e+05    5.87911e+02
      Potential    Kinetic En.   Total Energy  Conserved En.    Temperature
   -8.77320e+05    1.92944e+05   -6.84376e+05    1.46504e+06    3.02370e+02
 Pressure (bar)   Constr. rmsd
   -1.07155e+03    2.96047e-06

           Step           Time
          84000      168.00000

   Energies (kJ/mol)
           Bond            U-B    Proper Dih.  Improper Dih.      CMAP Dih.
    1.02644e+04    5.15386e+04    4.36023e+04    8.26718e+02   -9.26263e+01
          LJ-14     Coulomb-14        LJ (SR)   Coulomb (SR)   COM Pull En.
    8.68672e+03   -2.79620e+04    2.21625e+04   -9.86211e+05    5.78099e+02
      Potential    Kinetic En.   Total Energy  Conserved En.    Temperature
   -8.76607e+05    1.93358e+05   -6.83249e+05    1.47688e+06    3.03018e+02
 Pressure (bar)   Constr. rmsd
   -1.26822e+03    3.05064e-06

           Step           Time
          84500      169.00000

   Energies (kJ/mol)
           Bond            U-B    Proper Dih.  Improper Dih.      CMAP Dih.
    1.04417e+04    5.15460e+04    4.34974e+04    8.00623e+02   -1.43028e+02
          LJ-14     Coulomb-14        LJ (SR)   Coulomb (SR)   COM Pull En.
    8.65997e+03   -2.74390e+04    2.24738e+04   -9.87114e+05    5.92039e+02
      Potential    Kinetic En.   Total Energy  Conserved En.    Temperature
   -8.76685e+05    1.92448e+05   -6.84237e+05    1.48877e+06    3.01592e+02
 Pressure (bar)   Constr. rmsd
   -8.48270e+02    3.04371e-06

           Step           Time
          85000      170.00000

   Energies (kJ/mol)
           Bond            U-B    Proper Dih.  Improper Dih.      CMAP Dih.
    1.04023e+04    5.17507e+04    4.37608e+04    7.87950e+02   -5.98465e+01
          LJ-14     Coulomb-14        LJ (SR)   Coulomb (SR)   COM Pull En.
    8.53469e+03   -2.81815e+04    2.31260e+04   -9.86452e+05    6.08942e+02
      Potential    Kinetic En.   Total Energy  Conserved En.    Temperature
   -8.75722e+05    1.93658e+05   -6.82064e+05    1.50076e+06    3.03488e+02
 Pressure (bar)   Constr. rmsd
   -8.81779e+02    3.13856e-06

           Step           Time
          85500      171.00000

   Energies (kJ/mol)
           Bond            U-B    Proper Dih.  Improper Dih.      CMAP Dih.
    1.05341e+04    5.17485e+04    4.35224e+04    8.42991e+02   -1.38739e+02
          LJ-14     Coulomb-14        LJ (SR)   Coulomb (SR)   COM Pull En.
    8.70317e+03   -2.77311e+04    2.22127e+04   -9.86779e+05    6.06065e+02
      Potential    Kinetic En.   Total Energy  Conserved En.    Temperature
   -8.76479e+05    1.91933e+05   -6.84546e+05    1.51251e+06    3.00786e+02
 Pressure (bar)   Constr. rmsd
   -7.85964e+02    3.12383e-06

           Step           Time
          86000      172.00000

   Energies (kJ/mol)
           Bond            U-B    Proper Dih.  Improper Dih.      CMAP Dih.
    1.03127e+04    5.09948e+04    4.36048e+04    8.13825e+02   -1.39815e+02
          LJ-14     Coulomb-14        LJ (SR)   Coulomb (SR)   COM Pull En.
    8.89457e+03   -2.74713e+04    2.30987e+04   -9.87132e+05    6.36288e+02
      Potential    Kinetic En.   Total Energy  Conserved En.    Temperature
   -8.76387e+05    1.92089e+05   -6.84298e+05    1.52444e+06    3.01030e+02
 Pressure (bar)   Constr. rmsd
   -8.64094e+02    3.11190e-06

           Step           Time
          86500      173.00000

   Energies (kJ/mol)
           Bond            U-B    Proper Dih.  Improper Dih.      CMAP Dih.
    1.04421e+04    5.22061e+04    4.36873e+04    8.20080e+02   -1.33012e+02
          LJ-14     Coulomb-14        LJ (SR)   Coulomb (SR)   COM Pull En.
    8.66699e+03   -2.79500e+04    2.25491e+04   -9.85689e+05    6.37654e+02
      Potential    Kinetic En.   Total Energy  Conserved En.    Temperature
   -8.74763e+05    1.93026e+05   -6.81737e+05    1.53560e+06    3.02498e+02
 Pressure (bar)   Constr. rmsd
   -1.06814e+03    3.18307e-06

           Step           Time
          87000      174.00000

   Energies (kJ/mol)
           Bond            U-B    Proper Dih.  Improper Dih.      CMAP Dih.
    1.03927e+04    5.16427e+04    4.35317e+04    7.19424e+02   -8.64076e+01
          LJ-14     Coulomb-14        LJ (SR)   Coulomb (SR)   COM Pull En.
    8.66576e+03   -2.80100e+04    2.35556e+04   -9.87299e+05    6.28279e+02
      Potential    Kinetic En.   Total Energy  Conserved En.    Temperature
   -8.76259e+05    1.92660e+05   -6.83599e+05    1.54747e+06    3.01925e+02
 Pressure (bar)   Constr. rmsd
   -1.54767e+03    3.08896e-06

           Step           Time
          87500      175.00000

   Energies (kJ/mol)
           Bond            U-B    Proper Dih.  Improper Dih.      CMAP Dih.
    1.04899e+04    5.13541e+04    4.36207e+04    8.16812e+02   -1.54133e+02
          LJ-14     Coulomb-14        LJ (SR)   Coulomb (SR)   COM Pull En.
    8.69228e+03   -2.76457e+04    2.29735e+04   -9.87987e+05    6.66779e+02
      Potential    Kinetic En.   Total Energy  Conserved En.    Temperature
   -8.77172e+05    1.92541e+05   -6.84631e+05    1.55957e+06    3.01739e+02
 Pressure (bar)   Constr. rmsd
   -8.93837e+02    3.01794e-06

           Step           Time
          88000      176.00000

   Energies (kJ/mol)
           Bond            U-B    Proper Dih.  Improper Dih.      CMAP Dih.
    1.05757e+04    5.10500e+04    4.37125e+04    7.78720e+02   -1.37225e+02
          LJ-14     Coulomb-14        LJ (SR)   Coulomb (SR)   COM Pull En.
    8.56423e+03   -2.78504e+04    2.17230e+04   -9.85546e+05    6.91772e+02
      Potential    Kinetic En.   Total Energy  Conserved En.    Temperature
   -8.76438e+05    1.92349e+05   -6.84089e+05    1.57135e+06    3.01438e+02
 Pressure (bar)   Constr. rmsd
   -1.72189e+03    3.09409e-06

           Step           Time
          88500      177.00000

   Energies (kJ/mol)
           Bond            U-B    Proper Dih.  Improper Dih.      CMAP Dih.
    1.03714e+04    5.10279e+04    4.35846e+04    8.25605e+02   -1.36278e+02
          LJ-14     Coulomb-14        LJ (SR)   Coulomb (SR)   COM Pull En.
    8.66781e+03   -2.74496e+04    2.22400e+04   -9.86869e+05    7.03875e+02
      Potential    Kinetic En.   Total Energy  Conserved En.    Temperature
   -8.77034e+05    1.91576e+05   -6.85458e+05    1.58365e+06    3.00227e+02
 Pressure (bar)   Constr. rmsd
   -1.38919e+03    3.08192e-06

           Step           Time
          89000      178.00000

   Energies (kJ/mol)
           Bond            U-B    Proper Dih.  Improper Dih.      CMAP Dih.
    1.06452e+04    5.08952e+04    4.36050e+04    8.08990e+02   -1.29728e+02
          LJ-14     Coulomb-14        LJ (SR)   Coulomb (SR)   COM Pull En.
    8.64448e+03   -2.76272e+04    2.32710e+04   -9.88244e+05    6.82181e+02
      Potential    Kinetic En.   Total Energy  Conserved En.    Temperature
   -8.77449e+05    1.92533e+05   -6.84916e+05    1.59564e+06    3.01726e+02
 Pressure (bar)   Constr. rmsd
   -8.04059e+02    3.09090e-06

           Step           Time
          89500      179.00000

   Energies (kJ/mol)
           Bond            U-B    Proper Dih.  Improper Dih.      CMAP Dih.
    1.04889e+04    5.12181e+04    4.34387e+04    7.43188e+02   -1.50204e+02
          LJ-14     Coulomb-14        LJ (SR)   Coulomb (SR)   COM Pull En.
    8.53344e+03   -2.76709e+04    2.12700e+04   -9.82762e+05    7.08385e+02
      Potential    Kinetic En.   Total Energy  Conserved En.    Temperature
   -8.74182e+05    1.92256e+05   -6.81926e+05    1.60721e+06    3.01292e+02
 Pressure (bar)   Constr. rmsd
   -1.81110e+03    2.94433e-06

           Step           Time
          90000      180.00000

   Energies (kJ/mol)
           Bond            U-B    Proper Dih.  Improper Dih.      CMAP Dih.
    1.05067e+04    5.14079e+04    4.34411e+04    8.26051e+02   -1.53949e+02
          LJ-14     Coulomb-14        LJ (SR)   Coulomb (SR)   COM Pull En.
    8.65340e+03   -2.77000e+04    2.31793e+04   -9.85874e+05    7.21504e+02
      Potential    Kinetic En.   Total Energy  Conserved En.    Temperature
   -8.74992e+05    1.93207e+05   -6.81785e+05    1.61892e+06    3.02782e+02
 Pressure (bar)   Constr. rmsd
   -1.14942e+03    3.07537e-06

           Step           Time
          90500      181.00000

   Energies (kJ/mol)
           Bond            U-B    Proper Dih.  Improper Dih.      CMAP Dih.
    1.02279e+04    5.09355e+04    4.35743e+04    7.87781e+02   -1.61424e+02
          LJ-14     Coulomb-14        LJ (SR)   Coulomb (SR)   COM Pull En.
    8.69905e+03   -2.76009e+04    2.27630e+04   -9.86609e+05    7.39508e+02
      Potential    Kinetic En.   Total Energy  Conserved En.    Temperature
   -8.76644e+05    1.94195e+05   -6.82449e+05    1.63087e+06    3.04330e+02
 Pressure (bar)   Constr. rmsd
   -1.38445e+03    3.10824e-06

           Step           Time
          91000      182.00000

   Energies (kJ/mol)
           Bond            U-B    Proper Dih.  Improper Dih.      CMAP Dih.
    1.04501e+04    5.05072e+04    4.37705e+04    8.71576e+02   -1.65361e+02
          LJ-14     Coulomb-14        LJ (SR)   Coulomb (SR)   COM Pull En.
    8.78567e+03   -2.78118e+04    2.25686e+04   -9.86996e+05    7.38010e+02
      Potential    Kinetic En.   Total Energy  Conserved En.    Temperature
   -8.77282e+05    1.91925e+05   -6.85357e+05    1.64276e+06    3.00772e+02
 Pressure (bar)   Constr. rmsd
   -1.22765e+03    2.96505e-06

           Step           Time
          91500      183.00000

   Energies (kJ/mol)
           Bond            U-B    Proper Dih.  Improper Dih.      CMAP Dih.
    1.02574e+04    5.08587e+04    4.36441e+04    7.95719e+02   -7.11099e+01
          LJ-14     Coulomb-14        LJ (SR)   Coulomb (SR)   COM Pull En.
    8.59266e+03   -2.78697e+04    2.21742e+04   -9.85139e+05    7.46792e+02
      Potential    Kinetic En.   Total Energy  Conserved En.    Temperature
   -8.76010e+05    1.92582e+05   -6.83428e+05    1.65515e+06    3.01802e+02
 Pressure (bar)   Constr. rmsd
   -1.11378e+03    3.05430e-06

           Step           Time
          92000      184.00000

   Energies (kJ/mol)
           Bond            U-B    Proper Dih.  Improper Dih.      CMAP Dih.
    1.01790e+04    5.09237e+04    4.35039e+04    7.57143e+02   -1.11528e+02
          LJ-14     Coulomb-14        LJ (SR)   Coulomb (SR)   COM Pull En.
    8.62867e+03   -2.75241e+04    2.09184e+04   -9.84797e+05    7.63780e+02
      Potential    Kinetic En.   Total Energy  Conserved En.    Temperature
   -8.76758e+05    1.93437e+05   -6.83320e+05    1.66717e+06    3.03143e+02
 Pressure (bar)   Constr. rmsd
   -8.81020e+02    2.97548e-06

           Step           Time
          92500      185.00000

   Energies (kJ/mol)
           Bond            U-B    Proper Dih.  Improper Dih.      CMAP Dih.
    1.03462e+04    5.13717e+04    4.36735e+04    7.37405e+02   -9.50903e+01
          LJ-14     Coulomb-14        LJ (SR)   Coulomb (SR)   COM Pull En.
    8.78165e+03   -2.81487e+04    2.16738e+04   -9.83480e+05    7.51014e+02
      Potential    Kinetic En.   Total Energy  Conserved En.    Temperature
   -8.74388e+05    1.93305e+05   -6.81084e+05    1.67936e+06    3.02935e+02
 Pressure (bar)   Constr. rmsd
   -1.23928e+03    3.01907e-06

           Step           Time
          93000      186.00000

   Energies (kJ/mol)
           Bond            U-B    Proper Dih.  Improper Dih.      CMAP Dih.
    1.02197e+04    5.10954e+04    4.35182e+04    8.04946e+02   -5.68827e+01
          LJ-14     Coulomb-14        LJ (SR)   Coulomb (SR)   COM Pull En.
    8.55533e+03   -2.80312e+04    2.22081e+04   -9.83913e+05    8.01420e+02
      Potential    Kinetic En.   Total Energy  Conserved En.    Temperature
   -8.74798e+05    1.92697e+05   -6.82101e+05    1.69121e+06    3.01982e+02
 Pressure (bar)   Constr. rmsd
   -1.15915e+03    3.01232e-06

           Step           Time
          93500      187.00000

   Energies (kJ/mol)
           Bond            U-B    Proper Dih.  Improper Dih.      CMAP Dih.
    1.05472e+04    5.10460e+04    4.35534e+04    8.91749e+02   -9.47960e+01
          LJ-14     Coulomb-14        LJ (SR)   Coulomb (SR)   COM Pull En.
    8.73486e+03   -2.79457e+04    2.13962e+04   -9.83618e+05    7.98637e+02
      Potential    Kinetic En.   Total Energy  Conserved En.    Temperature
   -8.74691e+05    1.93002e+05   -6.81689e+05    1.70296e+06    3.02460e+02
 Pressure (bar)   Constr. rmsd
   -1.19144e+03    3.05455e-06

           Step           Time
          94000      188.00000

   Energies (kJ/mol)
           Bond            U-B    Proper Dih.  Improper Dih.      CMAP Dih.
    1.00432e+04    5.09621e+04    4.32291e+04    7.70037e+02   -3.18235e+01
          LJ-14     Coulomb-14        LJ (SR)   Coulomb (SR)   COM Pull En.
    8.71827e+03   -2.71160e+04    2.30004e+04   -9.86386e+05    8.19142e+02
      Potential    Kinetic En.   Total Energy  Conserved En.    Temperature
   -8.75992e+05    1.92762e+05   -6.83229e+05    1.71470e+06    3.02085e+02
 Pressure (bar)   Constr. rmsd
   -1.00145e+03    3.14956e-06

           Step           Time
          94500      189.00000

   Energies (kJ/mol)
           Bond            U-B    Proper Dih.  Improper Dih.      CMAP Dih.
    1.04430e+04    5.13383e+04    4.34784e+04    8.21193e+02   -8.63146e+01
          LJ-14     Coulomb-14        LJ (SR)   Coulomb (SR)   COM Pull En.
    8.47468e+03   -2.75064e+04    2.19901e+04   -9.84953e+05    8.23643e+02
      Potential    Kinetic En.   Total Energy  Conserved En.    Temperature
   -8.75177e+05    1.92059e+05   -6.83118e+05    1.72662e+06    3.00983e+02
 Pressure (bar)   Constr. rmsd
   -1.73705e+03    2.98106e-06

           Step           Time
          95000      190.00000

   Energies (kJ/mol)
           Bond            U-B    Proper Dih.  Improper Dih.      CMAP Dih.
    1.04981e+04    5.13416e+04    4.35719e+04    7.85549e+02   -8.37081e+01
          LJ-14     Coulomb-14        LJ (SR)   Coulomb (SR)   COM Pull En.
    8.55376e+03   -2.77476e+04    2.29476e+04   -9.85780e+05    8.74898e+02
      Potential    Kinetic En.   Total Energy  Conserved En.    Temperature
   -8.75038e+05    1.92565e+05   -6.82473e+05    1.73847e+06    3.01776e+02
 Pressure (bar)   Constr. rmsd
   -1.06428e+03    3.08987e-06

           Step           Time
          95500      191.00000

   Energies (kJ/mol)
           Bond            U-B    Proper Dih.  Improper Dih.      CMAP Dih.
    1.03581e+04    5.09929e+04    4.36541e+04    7.45745e+02   -1.24436e+02
          LJ-14     Coulomb-14        LJ (SR)   Coulomb (SR)   COM Pull En.
    8.67796e+03   -2.76986e+04    2.25829e+04   -9.85608e+05    8.05007e+02
      Potential    Kinetic En.   Total Energy  Conserved En.    Temperature
   -8.75614e+05    1.90860e+05   -6.84754e+05    1.75045e+06    2.99104e+02
 Pressure (bar)   Constr. rmsd
   -1.61848e+03    2.96832e-06

           Step           Time
          96000      192.00000

   Energies (kJ/mol)
           Bond            U-B    Proper Dih.  Improper Dih.      CMAP Dih.
    1.04693e+04    5.10044e+04    4.34352e+04    8.26049e+02   -1.49222e+02
          LJ-14     Coulomb-14        LJ (SR)   Coulomb (SR)   COM Pull En.
    8.56817e+03   -2.79231e+04    2.28407e+04   -9.86617e+05    7.45871e+02
      Potential    Kinetic En.   Total Energy  Conserved En.    Temperature
   -8.76800e+05    1.92938e+05   -6.83862e+05    1.76277e+06    3.02360e+02
 Pressure (bar)   Constr. rmsd
   -1.78040e+03    3.00254e-06

           Step           Time
          96500      193.00000

   Energies (kJ/mol)
           Bond            U-B    Proper Dih.  Improper Dih.      CMAP Dih.
    1.01450e+04    5.09336e+04    4.37088e+04    7.67599e+02   -8.73648e+01
          LJ-14     Coulomb-14        LJ (SR)   Coulomb (SR)   COM Pull En.
    8.67549e+03   -2.76569e+04    2.18483e+04   -9.84321e+05    6.49795e+02
      Potential    Kinetic En.   Total Energy  Conserved En.    Temperature
   -8.75336e+05    1.92963e+05   -6.82373e+05    1.77437e+06    3.02400e+02
 Pressure (bar)   Constr. rmsd
   -7.28925e+02    2.97747e-06

           Step           Time
          97000      194.00000

   Energies (kJ/mol)
           Bond            U-B    Proper Dih.  Improper Dih.      CMAP Dih.
    1.01010e+04    5.17342e+04    4.35810e+04    7.23179e+02   -1.42670e+01
          LJ-14     Coulomb-14        LJ (SR)   Coulomb (SR)   COM Pull En.
    8.55207e+03   -2.78815e+04    2.27172e+04   -9.86568e+05    5.18691e+02
      Potential    Kinetic En.   Total Energy  Conserved En.    Temperature
   -8.76536e+05    1.92620e+05   -6.83916e+05    1.78596e+06    3.01862e+02
 Pressure (bar)   Constr. rmsd
   -1.07919e+03    2.95553e-06

           Step           Time
          97500      195.00000

   Energies (kJ/mol)
           Bond            U-B    Proper Dih.  Improper Dih.      CMAP Dih.
    1.00765e+04    5.21340e+04    4.36191e+04    8.04478e+02   -4.46641e+01
          LJ-14     Coulomb-14        LJ (SR)   Coulomb (SR)   COM Pull En.
    8.63757e+03   -2.81464e+04    2.27346e+04   -9.86299e+05    4.53878e+02
      Potential    Kinetic En.   Total Energy  Conserved En.    Temperature
   -8.76030e+05    1.92960e+05   -6.83071e+05    1.79758e+06    3.02394e+02
 Pressure (bar)   Constr. rmsd
   -1.45761e+03    3.04757e-06

           Step           Time
          98000      196.00000

   Energies (kJ/mol)
           Bond            U-B    Proper Dih.  Improper Dih.      CMAP Dih.
    1.04908e+04    5.12952e+04    4.36397e+04    7.82637e+02   -2.27255e+01
          LJ-14     Coulomb-14        LJ (SR)   Coulomb (SR)   COM Pull En.
    8.73497e+03   -2.77925e+04    2.27511e+04   -9.85407e+05    4.76651e+02
      Potential    Kinetic En.   Total Energy  Conserved En.    Temperature
   -8.75051e+05    1.91680e+05   -6.83371e+05    1.80921e+06    3.00389e+02
 Pressure (bar)   Constr. rmsd
   -1.29218e+03    3.05910e-06

           Step           Time
          98500      197.00000

   Energies (kJ/mol)
           Bond            U-B    Proper Dih.  Improper Dih.      CMAP Dih.
    1.03411e+04    5.13004e+04    4.33596e+04    8.18384e+02   -1.01681e+02
          LJ-14     Coulomb-14        LJ (SR)   Coulomb (SR)   COM Pull En.
    8.64967e+03   -2.80713e+04    2.23400e+04   -9.85807e+05    4.78591e+02
      Potential    Kinetic En.   Total Energy  Conserved En.    Temperature
   -8.76692e+05    1.92246e+05   -6.84446e+05    1.82084e+06    3.01276e+02
 Pressure (bar)   Constr. rmsd
   -9.64730e+02    3.06041e-06

           Step           Time
          99000      198.00000

   Energies (kJ/mol)
           Bond            U-B    Proper Dih.  Improper Dih.      CMAP Dih.
    1.04142e+04    5.12603e+04    4.34781e+04    8.30978e+02   -9.55811e+01
          LJ-14     Coulomb-14        LJ (SR)   Coulomb (SR)   COM Pull En.
    8.69774e+03   -2.78494e+04    2.22800e+04   -9.87140e+05    4.37299e+02
      Potential    Kinetic En.   Total Energy  Conserved En.    Temperature
   -8.77687e+05    1.91764e+05   -6.85923e+05    1.83272e+06    3.00521e+02
 Pressure (bar)   Constr. rmsd
   -1.33740e+03    3.02631e-06

           Step           Time
          99500      199.00000

   Energies (kJ/mol)
           Bond            U-B    Proper Dih.  Improper Dih.      CMAP Dih.
    1.01812e+04    5.14011e+04    4.36615e+04    8.10429e+02   -8.05233e+01
          LJ-14     Coulomb-14        LJ (SR)   Coulomb (SR)   COM Pull En.
    8.67155e+03   -2.80697e+04    2.37689e+04   -9.89525e+05    4.31270e+02
      Potential    Kinetic En.   Total Energy  Conserved En.    Temperature
   -8.78749e+05    1.92277e+05   -6.86472e+05    1.84462e+06    3.01324e+02
 Pressure (bar)   Constr. rmsd
   -7.72280e+02    3.02689e-06

           Step           Time
         100000      200.00000

   Energies (kJ/mol)
           Bond            U-B    Proper Dih.  Improper Dih.      CMAP Dih.
    1.03893e+04    5.08330e+04    4.33991e+04    8.19900e+02   -9.35199e+01
          LJ-14     Coulomb-14        LJ (SR)   Coulomb (SR)   COM Pull En.
    8.74700e+03   -2.75292e+04    2.22010e+04   -9.87388e+05    4.44302e+02
      Potential    Kinetic En.   Total Energy  Conserved En.    Temperature
   -8.78177e+05    1.91980e+05   -6.86197e+05    1.85655e+06    3.00860e+02
 Pressure (bar)   Constr. rmsd
   -1.22375e+03    3.13025e-06

           Step           Time
         100500      201.00000

   Energies (kJ/mol)
           Bond            U-B    Proper Dih.  Improper Dih.      CMAP Dih.
    1.03338e+04    5.11685e+04    4.39298e+04    8.11985e+02   -9.38765e+01
          LJ-14     Coulomb-14        LJ (SR)   Coulomb (SR)   COM Pull En.
    8.98293e+03   -2.77354e+04    2.22167e+04   -9.88149e+05    4.55086e+02
      Potential    Kinetic En.   Total Energy  Conserved En.    Temperature
   -8.78080e+05    1.93871e+05   -6.84208e+05    1.86867e+06    3.03823e+02
 Pressure (bar)   Constr. rmsd
   -1.13233e+03    3.00563e-06

           Step           Time
         101000      202.00000

   Energies (kJ/mol)
           Bond            U-B    Proper Dih.  Improper Dih.      CMAP Dih.
    1.03300e+04    5.12836e+04    4.36682e+04    8.19441e+02   -4.86362e+01
          LJ-14     Coulomb-14        LJ (SR)   Coulomb (SR)   COM Pull En.
    8.62074e+03   -2.79144e+04    2.21652e+04   -9.87203e+05    4.43607e+02
      Potential    Kinetic En.   Total Energy  Conserved En.    Temperature
   -8.77836e+05    1.93072e+05   -6.84764e+05    1.88044e+06    3.02570e+02
 Pressure (bar)   Constr. rmsd
   -1.41067e+03    3.12509e-06

           Step           Time
         101500      203.00000

   Energies (kJ/mol)
           Bond            U-B    Proper Dih.  Improper Dih.      CMAP Dih.
    1.04934e+04    5.10246e+04    4.35033e+04    8.39570e+02   -4.54085e+01
          LJ-14     Coulomb-14        LJ (SR)   Coulomb (SR)   COM Pull En.
    8.56833e+03   -2.75712e+04    2.20150e+04   -9.87302e+05    4.58513e+02
      Potential    Kinetic En.   Total Energy  Conserved En.    Temperature
   -8.78015e+05    1.91612e+05   -6.86403e+05    1.89256e+06    3.00283e+02
 Pressure (bar)   Constr. rmsd
   -8.51870e+02    3.03946e-06

           Step           Time
         102000      204.00000

   Energies (kJ/mol)
           Bond            U-B    Proper Dih.  Improper Dih.      CMAP Dih.
    1.01576e+04    5.12087e+04    4.34546e+04    8.07341e+02   -9.16484e+01
          LJ-14     Coulomb-14        LJ (SR)   Coulomb (SR)   COM Pull En.
    8.72841e+03   -2.77513e+04    2.29254e+04   -9.87367e+05    4.68954e+02
      Potential    Kinetic En.   Total Energy  Conserved En.    Temperature
   -8.77458e+05    1.92342e+05   -6.85117e+05    1.90448e+06    3.01426e+02
 Pressure (bar)   Constr. rmsd
   -8.04394e+02    3.10521e-06

           Step           Time
         102500      205.00000

   Energies (kJ/mol)
           Bond            U-B    Proper Dih.  Improper Dih.      CMAP Dih.
    1.02518e+04    5.13704e+04    4.33775e+04    8.16193e+02   -7.76619e+01
          LJ-14     Coulomb-14        LJ (SR)   Coulomb (SR)   COM Pull En.
    8.41382e+03   -2.79253e+04    2.32598e+04   -9.88973e+05    4.66846e+02
      Potential    Kinetic En.   Total Energy  Conserved En.    Temperature
   -8.79020e+05    1.92338e+05   -6.86681e+05    1.91600e+06    3.01421e+02
 Pressure (bar)   Constr. rmsd
   -1.32158e+03    3.05123e-06

           Step           Time
         103000      206.00000

   Energies (kJ/mol)
           Bond            U-B    Proper Dih.  Improper Dih.      CMAP Dih.
    1.02429e+04    5.16051e+04    4.39673e+04    7.97947e+02   -1.21083e+02
          LJ-14     Coulomb-14        LJ (SR)   Coulomb (SR)   COM Pull En.
    8.86494e+03   -2.76334e+04    2.25431e+04   -9.86170e+05    4.54445e+02
      Potential    Kinetic En.   Total Energy  Conserved En.    Temperature
   -8.75448e+05    1.93546e+05   -6.81902e+05    1.92768e+06    3.03313e+02
 Pressure (bar)   Constr. rmsd
   -1.44706e+03    3.05645e-06

           Step           Time
         103500      207.00000

   Energies (kJ/mol)
           Bond            U-B    Proper Dih.  Improper Dih.      CMAP Dih.
    1.01500e+04    5.11267e+04    4.35411e+04    7.97931e+02   -6.79795e+01
          LJ-14     Coulomb-14        LJ (SR)   Coulomb (SR)   COM Pull En.
    8.61669e+03   -2.73610e+04    2.32400e+04   -9.88201e+05    4.79583e+02
      Potential    Kinetic En.   Total Energy  Conserved En.    Temperature
   -8.77678e+05    1.93383e+05   -6.84296e+05    1.93952e+06    3.03057e+02
 Pressure (bar)   Constr. rmsd
   -6.63325e+02    3.13291e-06

           Step           Time
         104000      208.00000

   Energies (kJ/mol)
           Bond            U-B    Proper Dih.  Improper Dih.      CMAP Dih.
    1.04824e+04    5.14517e+04    4.38235e+04    8.22635e+02   -1.68687e+02
          LJ-14     Coulomb-14        LJ (SR)   Coulomb (SR)   COM Pull En.
    8.61249e+03   -2.76510e+04    2.27982e+04   -9.87403e+05    4.62130e+02
      Potential    Kinetic En.   Total Energy  Conserved En.    Temperature
   -8.76769e+05    1.92805e+05   -6.83965e+05    1.95119e+06    3.02151e+02
 Pressure (bar)   Constr. rmsd
   -1.23395e+03    3.07438e-06

           Step           Time
         104500      209.00000

   Energies (kJ/mol)
           Bond            U-B    Proper Dih.  Improper Dih.      CMAP Dih.
    1.03829e+04    5.08729e+04    4.34850e+04    8.94678e+02   -8.10467e+01
          LJ-14     Coulomb-14        LJ (SR)   Coulomb (SR)   COM Pull En.
    8.78650e+03   -2.78168e+04    2.38195e+04   -9.88095e+05    4.69401e+02
      Potential    Kinetic En.   Total Energy  Conserved En.    Temperature
   -8.77282e+05    1.92954e+05   -6.84328e+05    1.96281e+06    3.02385e+02
 Pressure (bar)   Constr. rmsd
   -9.98319e+02    3.04497e-06

           Step           Time
         105000      210.00000

   Energies (kJ/mol)
           Bond            U-B    Proper Dih.  Improper Dih.      CMAP Dih.
    1.04889e+04    5.11541e+04    4.35624e+04    7.98016e+02   -1.15860e+02
          LJ-14     Coulomb-14        LJ (SR)   Coulomb (SR)   COM Pull En.
    8.54933e+03   -2.79446e+04    2.16767e+04   -9.86279e+05    4.77281e+02
      Potential    Kinetic En.   Total Energy  Conserved En.    Temperature
   -8.77633e+05    1.92130e+05   -6.85503e+05    1.97490e+06    3.01094e+02
 Pressure (bar)   Constr. rmsd
   -1.43930e+03    2.99729e-06

           Step           Time
         105500      211.00000

   Energies (kJ/mol)
           Bond            U-B    Proper Dih.  Improper Dih.      CMAP Dih.
    1.03358e+04    5.11810e+04    4.38461e+04    8.41438e+02   -2.05928e+02
          LJ-14     Coulomb-14        LJ (SR)   Coulomb (SR)   COM Pull En.
    8.62656e+03   -2.77502e+04    2.18998e+04   -9.86029e+05    5.05843e+02
      Potential    Kinetic En.   Total Energy  Conserved En.    Temperature
   -8.76749e+05    1.91528e+05   -6.85221e+05    1.98709e+06    3.00150e+02
 Pressure (bar)   Constr. rmsd
   -8.98712e+02    3.00008e-06

           Step           Time
         106000      212.00000

   Energies (kJ/mol)
           Bond            U-B    Proper Dih.  Improper Dih.      CMAP Dih.
    1.00869e+04    5.15425e+04    4.38794e+04    8.73769e+02   -1.04158e+02
          LJ-14     Coulomb-14        LJ (SR)   Coulomb (SR)   COM Pull En.
    8.67892e+03   -2.75686e+04    2.21984e+04   -9.87554e+05    5.05601e+02
      Potential    Kinetic En.   Total Energy  Conserved En.    Temperature
   -8.77461e+05    1.93490e+05   -6.83971e+05    1.99921e+06    3.03225e+02
 Pressure (bar)   Constr. rmsd
   -1.33998e+03    3.00319e-06

           Step           Time
         106500      213.00000

   Energies (kJ/mol)
           Bond            U-B    Proper Dih.  Improper Dih.      CMAP Dih.
    1.01785e+04    5.13449e+04    4.35511e+04    8.02013e+02   -7.24172e+01
          LJ-14     Coulomb-14        LJ (SR)   Coulomb (SR)   COM Pull En.
    8.82109e+03   -2.72086e+04    2.17931e+04   -9.85448e+05    5.41440e+02
      Potential    Kinetic En.   Total Energy  Conserved En.    Temperature
   -8.75696e+05    1.92935e+05   -6.82762e+05    2.01119e+06    3.02355e+02
 Pressure (bar)   Constr. rmsd
   -1.08785e+03    2.95261e-06

           Step           Time
         107000      214.00000

   Energies (kJ/mol)
           Bond            U-B    Proper Dih.  Improper Dih.      CMAP Dih.
    1.03815e+04    5.13197e+04    4.37744e+04    8.01996e+02   -1.33442e+02
          LJ-14     Coulomb-14        LJ (SR)   Coulomb (SR)   COM Pull En.
    8.60905e+03   -2.79282e+04    2.21839e+04   -9.86508e+05    5.66313e+02
      Potential    Kinetic En.   Total Energy  Conserved En.    Temperature
   -8.76933e+05    1.93335e+05   -6.83598e+05    2.02310e+06    3.02982e+02
 Pressure (bar)   Constr. rmsd
   -9.55375e+02    3.03308e-06

           Step           Time
         107500      215.00000

   Energies (kJ/mol)
           Bond            U-B    Proper Dih.  Improper Dih.      CMAP Dih.
    1.01784e+04    5.14283e+04    4.37895e+04    7.99686e+02   -9.56116e+01
          LJ-14     Coulomb-14        LJ (SR)   Coulomb (SR)   COM Pull En.
    8.69364e+03   -2.79774e+04    2.21222e+04   -9.87475e+05    5.67455e+02
      Potential    Kinetic En.   Total Energy  Conserved En.    Temperature
   -8.77969e+05    1.92114e+05   -6.85855e+05    2.03489e+06    3.01069e+02
 Pressure (bar)   Constr. rmsd
   -1.15930e+03    2.99916e-06

           Step           Time
         108000      216.00000

   Energies (kJ/mol)
           Bond            U-B    Proper Dih.  Improper Dih.      CMAP Dih.
    1.06300e+04    5.11185e+04    4.35351e+04    7.87852e+02   -1.35222e+02
          LJ-14     Coulomb-14        LJ (SR)   Coulomb (SR)   COM Pull En.
    8.58162e+03   -2.73722e+04    2.32248e+04   -9.88064e+05    5.82243e+02
      Potential    Kinetic En.   Total Energy  Conserved En.    Temperature
   -8.77112e+05    1.93393e+05   -6.83719e+05    2.04697e+06    3.03073e+02
 Pressure (bar)   Constr. rmsd
   -1.34565e+03    2.99384e-06

           Step           Time
         108500      217.00000

   Energies (kJ/mol)
           Bond            U-B    Proper Dih.  Improper Dih.      CMAP Dih.
    1.01688e+04    5.11448e+04    4.35731e+04    8.18085e+02   -6.98264e+01
          LJ-14     Coulomb-14        LJ (SR)   Coulomb (SR)   COM Pull En.
    8.72119e+03   -2.72083e+04    2.12121e+04   -9.87153e+05    5.39753e+02
      Potential    Kinetic En.   Total Energy  Conserved En.    Temperature
   -8.78253e+05    1.92511e+05   -6.85742e+05    2.05887e+06    3.01691e+02
 Pressure (bar)   Constr. rmsd
   -1.24197e+03    3.10766e-06

           Step           Time
         109000      218.00000

   Energies (kJ/mol)
           Bond            U-B    Proper Dih.  Improper Dih.      CMAP Dih.
    1.06470e+04    5.14370e+04    4.34452e+04    9.04666e+02   -5.77657e+01
          LJ-14     Coulomb-14        LJ (SR)   Coulomb (SR)   COM Pull En.
    8.62547e+03   -2.75214e+04    2.25498e+04   -9.86983e+05    5.56119e+02
      Potential    Kinetic En.   Total Energy  Conserved En.    Temperature
   -8.76397e+05    1.92463e+05   -6.83934e+05    2.07079e+06    3.01616e+02
 Pressure (bar)   Constr. rmsd
   -1.49296e+03    3.06289e-06

           Step           Time
         109500      219.00000

Writing checkpoint, step 109500 at Tue Jun  2 12:19:25 2026


   Energies (kJ/mol)
           Bond            U-B    Proper Dih.  Improper Dih.      CMAP Dih.
    1.05162e+04    5.07387e+04    4.37242e+04    7.56186e+02   -8.88316e+01
          LJ-14     Coulomb-14        LJ (SR)   Coulomb (SR)   COM Pull En.
    8.82001e+03   -2.69861e+04    2.36647e+04   -9.88280e+05    5.38622e+02
      Potential    Kinetic En.   Total Energy  Conserved En.    Temperature
   -8.76596e+05    1.93064e+05   -6.83532e+05    2.08296e+06    3.02558e+02
 Pressure (bar)   Constr. rmsd
   -1.05167e+03    3.04222e-06

           Step           Time
         110000      220.00000

   Energies (kJ/mol)
           Bond            U-B    Proper Dih.  Improper Dih.      CMAP Dih.
    1.03234e+04    5.18079e+04    4.33980e+04    7.89612e+02   -1.12975e+02
          LJ-14     Coulomb-14        LJ (SR)   Coulomb (SR)   COM Pull En.
    8.74053e+03   -2.80128e+04    2.23293e+04   -9.86370e+05    5.71877e+02
      Potential    Kinetic En.   Total Energy  Conserved En.    Temperature
   -8.76535e+05    1.93090e+05   -6.83445e+05    2.09474e+06    3.02599e+02
 Pressure (bar)   Constr. rmsd
   -1.10216e+03    3.13240e-06

           Step           Time
         110500      221.00000

   Energies (kJ/mol)
           Bond            U-B    Proper Dih.  Improper Dih.      CMAP Dih.
    1.02955e+04    5.16736e+04    4.36308e+04    7.87378e+02   -7.15709e+01
          LJ-14     Coulomb-14        LJ (SR)   Coulomb (SR)   COM Pull En.
    8.76998e+03   -2.72229e+04    2.41602e+04   -9.88968e+05    5.70873e+02
      Potential    Kinetic En.   Total Energy  Conserved En.    Temperature
   -8.76374e+05    1.92052e+05   -6.84322e+05    2.10688e+06    3.00972e+02
 Pressure (bar)   Constr. rmsd
   -1.52175e+03    3.17522e-06

           Step           Time
         111000      222.00000

   Energies (kJ/mol)
           Bond            U-B    Proper Dih.  Improper Dih.      CMAP Dih.
    1.02996e+04    5.13327e+04    4.34596e+04    7.74788e+02   -1.15730e+02
          LJ-14     Coulomb-14        LJ (SR)   Coulomb (SR)   COM Pull En.
    8.59354e+03   -2.77424e+04    2.27302e+04   -9.87876e+05    5.57833e+02
      Potential    Kinetic En.   Total Energy  Conserved En.    Temperature
   -8.77986e+05    1.92675e+05   -6.85311e+05    2.11852e+06    3.01949e+02
 Pressure (bar)   Constr. rmsd
   -7.09689e+02    3.08376e-06

           Step           Time
         111500      223.00000

   Energies (kJ/mol)
           Bond            U-B    Proper Dih.  Improper Dih.      CMAP Dih.
    1.03750e+04    5.10581e+04    4.35942e+04    8.24727e+02   -1.02674e+02
          LJ-14     Coulomb-14        LJ (SR)   Coulomb (SR)   COM Pull En.
    8.72998e+03   -2.73629e+04    2.35829e+04   -9.88235e+05    5.84607e+02
      Potential    Kinetic En.   Total Energy  Conserved En.    Temperature
   -8.76951e+05    1.92718e+05   -6.84234e+05    2.13027e+06    3.02015e+02
 Pressure (bar)   Constr. rmsd
   -9.83455e+02    2.99398e-06

           Step           Time
         112000      224.00000

   Energies (kJ/mol)
           Bond            U-B    Proper Dih.  Improper Dih.      CMAP Dih.
    1.01771e+04    5.13578e+04    4.35012e+04    8.52971e+02   -8.23171e+01
          LJ-14     Coulomb-14        LJ (SR)   Coulomb (SR)   COM Pull En.
    8.62886e+03   -2.75060e+04    2.32658e+04   -9.88285e+05    5.79381e+02
      Potential    Kinetic En.   Total Energy  Conserved En.    Temperature
   -8.77511e+05    1.91959e+05   -6.85551e+05    2.14244e+06    3.00827e+02
 Pressure (bar)   Constr. rmsd
   -9.07540e+02    3.02764e-06

           Step           Time
         112500      225.00000

   Energies (kJ/mol)
           Bond            U-B    Proper Dih.  Improper Dih.      CMAP Dih.
    1.02160e+04    5.11066e+04    4.36097e+04    8.28563e+02   -8.85120e+01
          LJ-14     Coulomb-14        LJ (SR)   Coulomb (SR)   COM Pull En.
    8.74536e+03   -2.72990e+04    2.27513e+04   -9.89013e+05    6.01643e+02
      Potential    Kinetic En.   Total Energy  Conserved En.    Temperature
   -8.78542e+05    1.92410e+05   -6.86131e+05    2.15451e+06    3.01533e+02
 Pressure (bar)   Constr. rmsd
   -9.47418e+02    2.94500e-06

           Step           Time
         113000      226.00000

   Energies (kJ/mol)
           Bond            U-B    Proper Dih.  Improper Dih.      CMAP Dih.
    1.03550e+04    5.09058e+04    4.34674e+04    7.27370e+02   -8.96216e+01
          LJ-14     Coulomb-14        LJ (SR)   Coulomb (SR)   COM Pull En.
    8.69899e+03   -2.75417e+04    2.37590e+04   -9.89055e+05    6.50846e+02
      Potential    Kinetic En.   Total Energy  Conserved En.    Temperature
   -8.78122e+05    1.93485e+05   -6.84637e+05    2.16633e+06    3.03217e+02
 Pressure (bar)   Constr. rmsd
   -8.69405e+02    3.13830e-06

           Step           Time
         113500      227.00000

   Energies (kJ/mol)
           Bond            U-B    Proper Dih.  Improper Dih.      CMAP Dih.
    1.03486e+04    5.12263e+04    4.34772e+04    7.65411e+02   -1.62393e+02
          LJ-14     Coulomb-14        LJ (SR)   Coulomb (SR)   COM Pull En.
    8.67970e+03   -2.70684e+04    2.30920e+04   -9.89707e+05    6.04038e+02
      Potential    Kinetic En.   Total Energy  Conserved En.    Temperature
   -8.78744e+05    1.92322e+05   -6.86422e+05    2.17835e+06    3.01395e+02
 Pressure (bar)   Constr. rmsd
   -1.13795e+03    3.02603e-06

           Step           Time
         114000      228.00000

   Energies (kJ/mol)
           Bond            U-B    Proper Dih.  Improper Dih.      CMAP Dih.
    1.01143e+04    5.10576e+04    4.36960e+04    8.40357e+02   -1.11072e+02
          LJ-14     Coulomb-14        LJ (SR)   Coulomb (SR)   COM Pull En.
    8.65353e+03   -2.73264e+04    2.37373e+04   -9.90393e+05    6.40564e+02
      Potential    Kinetic En.   Total Energy  Conserved En.    Temperature
   -8.79091e+05    1.94119e+05   -6.84972e+05    2.19014e+06    3.04212e+02
 Pressure (bar)   Constr. rmsd
   -1.75940e+03    3.17002e-06

           Step           Time
         114500      229.00000

   Energies (kJ/mol)
           Bond            U-B    Proper Dih.  Improper Dih.      CMAP Dih.
    1.00784e+04    5.14669e+04    4.35198e+04    7.84083e+02   -1.10032e+02
          LJ-14     Coulomb-14        LJ (SR)   Coulomb (SR)   COM Pull En.
    8.59249e+03   -2.79250e+04    2.42301e+04   -9.89256e+05    5.64982e+02
      Potential    Kinetic En.   Total Energy  Conserved En.    Temperature
   -8.78055e+05    1.92112e+05   -6.85943e+05    2.20206e+06    3.01065e+02
 Pressure (bar)   Constr. rmsd
   -7.41720e+02    3.12455e-06

           Step           Time
         115000      230.00000

   Energies (kJ/mol)
           Bond            U-B    Proper Dih.  Improper Dih.      CMAP Dih.
    1.04445e+04    5.15653e+04    4.36558e+04    8.22445e+02   -1.02451e+02
          LJ-14     Coulomb-14        LJ (SR)   Coulomb (SR)   COM Pull En.
    8.58702e+03   -2.74162e+04    2.32726e+04   -9.87413e+05    5.47402e+02
      Potential    Kinetic En.   Total Energy  Conserved En.    Temperature
   -8.76037e+05    1.91286e+05   -6.84751e+05    2.21428e+06    2.99772e+02
 Pressure (bar)   Constr. rmsd
   -9.45528e+02    3.05657e-06

           Step           Time
         115500      231.00000

   Energies (kJ/mol)
           Bond            U-B    Proper Dih.  Improper Dih.      CMAP Dih.
    1.01402e+04    5.12455e+04    4.34813e+04    8.62350e+02   -9.98082e+01
          LJ-14     Coulomb-14        LJ (SR)   Coulomb (SR)   COM Pull En.
    8.68218e+03   -2.75464e+04    2.25054e+04   -9.88212e+05    5.30454e+02
      Potential    Kinetic En.   Total Energy  Conserved En.    Temperature
   -8.78410e+05    1.93167e+05   -6.85244e+05    2.22617e+06    3.02719e+02
 Pressure (bar)   Constr. rmsd
   -9.74056e+02    3.00472e-06

           Step           Time
         116000      232.00000

   Energies (kJ/mol)
           Bond            U-B    Proper Dih.  Improper Dih.      CMAP Dih.
    1.02997e+04    5.11089e+04    4.33835e+04    8.41840e+02   -6.52094e+01
          LJ-14     Coulomb-14        LJ (SR)   Coulomb (SR)   COM Pull En.
    8.73778e+03   -2.76367e+04    2.16517e+04   -9.86758e+05    5.51128e+02
      Potential    Kinetic En.   Total Energy  Conserved En.    Temperature
   -8.77886e+05    1.93067e+05   -6.84819e+05    2.23816e+06    3.02562e+02
 Pressure (bar)   Constr. rmsd
   -6.27493e+02    3.07186e-06

           Step           Time
         116500      233.00000

   Energies (kJ/mol)
           Bond            U-B    Proper Dih.  Improper Dih.      CMAP Dih.
    1.04145e+04    5.11783e+04    4.35999e+04    8.63118e+02   -5.75826e+01
          LJ-14     Coulomb-14        LJ (SR)   Coulomb (SR)   COM Pull En.
    8.67547e+03   -2.74444e+04    2.12940e+04   -9.86234e+05    5.83046e+02
      Potential    Kinetic En.   Total Energy  Conserved En.    Temperature
   -8.77128e+05    1.93510e+05   -6.83618e+05    2.25014e+06    3.03256e+02
 Pressure (bar)   Constr. rmsd
   -9.57505e+02    3.13747e-06

           Step           Time
         117000      234.00000

   Energies (kJ/mol)
           Bond            U-B    Proper Dih.  Improper Dih.      CMAP Dih.
    1.03400e+04    5.12752e+04    4.35153e+04    7.86125e+02   -1.33341e+02
          LJ-14     Coulomb-14        LJ (SR)   Coulomb (SR)   COM Pull En.
    8.66361e+03   -2.73319e+04    2.30198e+04   -9.89139e+05    5.65726e+02
      Potential    Kinetic En.   Total Energy  Conserved En.    Temperature
   -8.78439e+05    1.93313e+05   -6.85126e+05    2.26197e+06    3.02948e+02
 Pressure (bar)   Constr. rmsd
   -9.99458e+02    3.03883e-06

           Step           Time
         117500      235.00000

   Energies (kJ/mol)
           Bond            U-B    Proper Dih.  Improper Dih.      CMAP Dih.
    1.04536e+04    5.13399e+04    4.36346e+04    8.13926e+02   -6.58018e+01
          LJ-14     Coulomb-14        LJ (SR)   Coulomb (SR)   COM Pull En.
    8.72057e+03   -2.77449e+04    2.25322e+04   -9.86989e+05    5.77704e+02
      Potential    Kinetic En.   Total Energy  Conserved En.    Temperature
   -8.76727e+05    1.93031e+05   -6.83696e+05    2.27366e+06    3.02506e+02
 Pressure (bar)   Constr. rmsd
   -1.14830e+03    3.03811e-06

           Step           Time
         118000      236.00000

   Energies (kJ/mol)
           Bond            U-B    Proper Dih.  Improper Dih.      CMAP Dih.
    1.02138e+04    5.13445e+04    4.33873e+04    8.03779e+02   -6.12423e+01
          LJ-14     Coulomb-14        LJ (SR)   Coulomb (SR)   COM Pull En.
    8.80556e+03   -2.76936e+04    2.24327e+04   -9.88744e+05    5.65043e+02
      Potential    Kinetic En.   Total Energy  Conserved En.    Temperature
   -8.78947e+05    1.91567e+05   -6.87380e+05    2.28530e+06    3.00211e+02
 Pressure (bar)   Constr. rmsd
   -1.43213e+03    3.06500e-06

           Step           Time
         118500      237.00000

   Energies (kJ/mol)
           Bond            U-B    Proper Dih.  Improper Dih.      CMAP Dih.
    1.04609e+04    5.14519e+04    4.31101e+04    7.62382e+02   -6.01982e+01
          LJ-14     Coulomb-14        LJ (SR)   Coulomb (SR)   COM Pull En.
    8.59179e+03   -2.75050e+04    2.27138e+04   -9.87073e+05    5.24652e+02
      Potential    Kinetic En.   Total Energy  Conserved En.    Temperature
   -8.77023e+05    1.92611e+05   -6.84412e+05    2.29735e+06    3.01848e+02
 Pressure (bar)   Constr. rmsd
   -1.08842e+03    2.98806e-06

           Step           Time
         119000      238.00000

   Energies (kJ/mol)
           Bond            U-B    Proper Dih.  Improper Dih.      CMAP Dih.
    1.05004e+04    5.13734e+04    4.34928e+04    8.13169e+02   -1.25509e+02
          LJ-14     Coulomb-14        LJ (SR)   Coulomb (SR)   COM Pull En.
    8.58824e+03   -2.77428e+04    2.23009e+04   -9.86583e+05    5.12522e+02
      Potential    Kinetic En.   Total Energy  Conserved En.    Temperature
   -8.76870e+05    1.92514e+05   -6.84355e+05    2.30928e+06    3.01697e+02
 Pressure (bar)   Constr. rmsd
   -1.19085e+03    3.07868e-06

           Step           Time
         119500      239.00000

   Energies (kJ/mol)
           Bond            U-B    Proper Dih.  Improper Dih.      CMAP Dih.
    1.01243e+04    5.07271e+04    4.32960e+04    8.36880e+02   -7.41325e+01
          LJ-14     Coulomb-14        LJ (SR)   Coulomb (SR)   COM Pull En.
    8.68928e+03   -2.72799e+04    2.34281e+04   -9.87724e+05    4.22216e+02
      Potential    Kinetic En.   Total Energy  Conserved En.    Temperature
   -8.77554e+05    1.92115e+05   -6.85440e+05    2.32096e+06    3.01070e+02
 Pressure (bar)   Constr. rmsd
   -1.10211e+03    2.99426e-06

           Step           Time
         120000      240.00000

   Energies (kJ/mol)
           Bond            U-B    Proper Dih.  Improper Dih.      CMAP Dih.
    1.02698e+04    5.08928e+04    4.32257e+04    8.82555e+02   -1.73181e+02
          LJ-14     Coulomb-14        LJ (SR)   Coulomb (SR)   COM Pull En.
    8.72892e+03   -2.75376e+04    2.28113e+04   -9.87830e+05    4.38099e+02
      Potential    Kinetic En.   Total Energy  Conserved En.    Temperature
   -8.78291e+05    1.92767e+05   -6.85524e+05    2.33312e+06    3.02092e+02
 Pressure (bar)   Constr. rmsd
   -1.35224e+03    3.01576e-06

           Step           Time
         120500      241.00000

   Energies (kJ/mol)
           Bond            U-B    Proper Dih.  Improper Dih.      CMAP Dih.
    1.01905e+04    5.12674e+04    4.35655e+04    7.48522e+02   -1.05649e+02
          LJ-14     Coulomb-14        LJ (SR)   Coulomb (SR)   COM Pull En.
    8.67006e+03   -2.77140e+04    2.23599e+04   -9.85650e+05    4.30855e+02
      Potential    Kinetic En.   Total Energy  Conserved En.    Temperature
   -8.76237e+05    1.91457e+05   -6.84780e+05    2.34477e+06    3.00039e+02
 Pressure (bar)   Constr. rmsd
   -8.42832e+02    2.99973e-06

           Step           Time
         121000      242.00000

   Energies (kJ/mol)
           Bond            U-B    Proper Dih.  Improper Dih.      CMAP Dih.
    1.01828e+04    5.09513e+04    4.33696e+04    8.03070e+02   -7.57561e+01
          LJ-14     Coulomb-14        LJ (SR)   Coulomb (SR)   COM Pull En.
    8.82876e+03   -2.71368e+04    2.20434e+04   -9.86673e+05    4.51192e+02
      Potential    Kinetic En.   Total Energy  Conserved En.    Temperature
   -8.77256e+05    1.93356e+05   -6.83900e+05    2.35682e+06    3.03016e+02
 Pressure (bar)   Constr. rmsd
   -1.44311e+03    3.09880e-06

           Step           Time
         121500      243.00000

   Energies (kJ/mol)
           Bond            U-B    Proper Dih.  Improper Dih.      CMAP Dih.
    1.03491e+04    5.09387e+04    4.34020e+04    8.18614e+02   -1.34434e+02
          LJ-14     Coulomb-14        LJ (SR)   Coulomb (SR)   COM Pull En.
    8.63704e+03   -2.73715e+04    2.32287e+04   -9.87804e+05    4.40714e+02
      Potential    Kinetic En.   Total Energy  Conserved En.    Temperature
   -8.77495e+05    1.92368e+05   -6.85128e+05    2.36876e+06    3.01467e+02
 Pressure (bar)   Constr. rmsd
   -1.16618e+03    3.03575e-06

           Step           Time
         122000      244.00000

   Energies (kJ/mol)
           Bond            U-B    Proper Dih.  Improper Dih.      CMAP Dih.
    1.03509e+04    5.11849e+04    4.35666e+04    8.84206e+02   -1.28398e+02
          LJ-14     Coulomb-14        LJ (SR)   Coulomb (SR)   COM Pull En.
    8.65263e+03   -2.78481e+04    2.31544e+04   -9.87515e+05    4.60727e+02
      Potential    Kinetic En.   Total Energy  Conserved En.    Temperature
   -8.77237e+05    1.93614e+05   -6.83623e+05    2.38069e+06    3.03419e+02
 Pressure (bar)   Constr. rmsd
   -3.40761e+02    3.01999e-06

           Step           Time
         122500      245.00000

   Energies (kJ/mol)
           Bond            U-B    Proper Dih.  Improper Dih.      CMAP Dih.
    1.02513e+04    5.12498e+04    4.35878e+04    8.56829e+02   -1.04786e+02
          LJ-14     Coulomb-14        LJ (SR)   Coulomb (SR)   COM Pull En.
    8.47331e+03   -2.76382e+04    2.28200e+04   -9.87473e+05    4.58116e+02
      Potential    Kinetic En.   Total Energy  Conserved En.    Temperature
   -8.77519e+05    1.93179e+05   -6.84340e+05    2.39273e+06    3.02738e+02
 Pressure (bar)   Constr. rmsd
   -1.46709e+03    3.15283e-06

           Step           Time
         123000      246.00000

   Energies (kJ/mol)
           Bond            U-B    Proper Dih.  Improper Dih.      CMAP Dih.
    1.03539e+04    5.10915e+04    4.36034e+04    8.30506e+02   -1.40893e+02
          LJ-14     Coulomb-14        LJ (SR)   Coulomb (SR)   COM Pull En.
    8.74351e+03   -2.71400e+04    2.38093e+04   -9.89251e+05    4.82974e+02
      Potential    Kinetic En.   Total Energy  Conserved En.    Temperature
   -8.77617e+05    1.93546e+05   -6.84071e+05    2.40456e+06    3.03313e+02
 Pressure (bar)   Constr. rmsd
   -1.21021e+03    3.11310e-06

           Step           Time
         123500      247.00000

   Energies (kJ/mol)
           Bond            U-B    Proper Dih.  Improper Dih.      CMAP Dih.
    1.03268e+04    5.15097e+04    4.36062e+04    7.60232e+02   -1.66438e+02
          LJ-14     Coulomb-14        LJ (SR)   Coulomb (SR)   COM Pull En.
    8.71965e+03   -2.75149e+04    2.48519e+04   -9.92585e+05    4.87467e+02
      Potential    Kinetic En.   Total Energy  Conserved En.    Temperature
   -8.80004e+05    1.94276e+05   -6.85728e+05    2.41664e+06    3.04457e+02
 Pressure (bar)   Constr. rmsd
   -7.72587e+02    2.99491e-06

           Step           Time
         124000      248.00000

   Energies (kJ/mol)
           Bond            U-B    Proper Dih.  Improper Dih.      CMAP Dih.
    1.03365e+04    5.12580e+04    4.35413e+04    8.96268e+02   -1.59224e+02
          LJ-14     Coulomb-14        LJ (SR)   Coulomb (SR)   COM Pull En.
    8.57009e+03   -2.72742e+04    2.28746e+04   -9.88729e+05    4.99245e+02
      Potential    Kinetic En.   Total Energy  Conserved En.    Temperature
   -8.78187e+05    1.93132e+05   -6.85055e+05    2.42840e+06    3.02665e+02
 Pressure (bar)   Constr. rmsd
   -8.81443e+02    3.11957e-06

           Step           Time
         124500      249.00000

   Energies (kJ/mol)
           Bond            U-B    Proper Dih.  Improper Dih.      CMAP Dih.
    1.02071e+04    5.12077e+04    4.36799e+04    8.22844e+02   -1.28843e+02
          LJ-14     Coulomb-14        LJ (SR)   Coulomb (SR)   COM Pull En.
    8.68970e+03   -2.75789e+04    2.24026e+04   -9.88754e+05    4.89848e+02
      Potential    Kinetic En.   Total Energy  Conserved En.    Temperature
   -8.78962e+05    1.92741e+05   -6.86221e+05    2.44021e+06    3.02052e+02
 Pressure (bar)   Constr. rmsd
   -1.14194e+03    3.04611e-06

           Step           Time
         125000      250.00000

   Energies (kJ/mol)
           Bond            U-B    Proper Dih.  Improper Dih.      CMAP Dih.
    1.03625e+04    5.08612e+04    4.33618e+04    7.93529e+02   -1.33208e+02
          LJ-14     Coulomb-14        LJ (SR)   Coulomb (SR)   COM Pull En.
    8.50620e+03   -2.70659e+04    2.35058e+04   -9.90797e+05    4.88872e+02
      Potential    Kinetic En.   Total Energy  Conserved En.    Temperature
   -8.80116e+05    1.92848e+05   -6.87268e+05    2.45212e+06    3.02219e+02
 Pressure (bar)   Constr. rmsd
   -1.09242e+03    3.19601e-06

           Step           Time
         125500      251.00000

   Energies (kJ/mol)
           Bond            U-B    Proper Dih.  Improper Dih.      CMAP Dih.
    1.02225e+04    5.11516e+04    4.33267e+04    8.02160e+02   -1.71095e+02
          LJ-14     Coulomb-14        LJ (SR)   Coulomb (SR)   COM Pull En.
    8.60506e+03   -2.76357e+04    2.33305e+04   -9.89177e+05    5.17995e+02
      Potential    Kinetic En.   Total Energy  Conserved En.    Temperature
   -8.79028e+05    1.93014e+05   -6.86014e+05    2.46370e+06    3.02479e+02
 Pressure (bar)   Constr. rmsd
   -1.12180e+03    3.05208e-06

           Step           Time
         126000      252.00000

   Energies (kJ/mol)
           Bond            U-B    Proper Dih.  Improper Dih.      CMAP Dih.
    1.02551e+04    5.13048e+04    4.35791e+04    8.46095e+02   -8.93644e+01
          LJ-14     Coulomb-14        LJ (SR)   Coulomb (SR)   COM Pull En.
    8.55790e+03   -2.73492e+04    2.30260e+04   -9.90321e+05    4.98823e+02
      Potential    Kinetic En.   Total Energy  Conserved En.    Temperature
   -8.79692e+05    1.92606e+05   -6.87086e+05    2.47569e+06    3.01840e+02
 Pressure (bar)   Constr. rmsd
   -7.40632e+02    3.02014e-06

           Step           Time
         126500      253.00000

   Energies (kJ/mol)
           Bond            U-B    Proper Dih.  Improper Dih.      CMAP Dih.
    1.03848e+04    5.08142e+04    4.34778e+04    7.70042e+02   -1.08754e+02
          LJ-14     Coulomb-14        LJ (SR)   Coulomb (SR)   COM Pull En.
    8.60242e+03   -2.71865e+04    2.33767e+04   -9.90361e+05    4.93036e+02
      Potential    Kinetic En.   Total Energy  Conserved En.    Temperature
   -8.79737e+05    1.92913e+05   -6.86824e+05    2.48829e+06    3.02321e+02
 Pressure (bar)   Constr. rmsd
   -1.19554e+03    3.10836e-06

           Step           Time
         127000      254.00000

   Energies (kJ/mol)
           Bond            U-B    Proper Dih.  Improper Dih.      CMAP Dih.
    1.04954e+04    5.08126e+04    4.32425e+04    9.06415e+02   -1.16365e+02
          LJ-14     Coulomb-14        LJ (SR)   Coulomb (SR)   COM Pull En.
    8.50839e+03   -2.71865e+04    2.27796e+04   -9.90701e+05    3.68541e+02
      Potential    Kinetic En.   Total Energy  Conserved En.    Temperature
   -8.80891e+05    1.93273e+05   -6.87617e+05    2.50076e+06    3.02886e+02
 Pressure (bar)   Constr. rmsd
   -7.35196e+02    2.94565e-06

           Step           Time
         127500      255.00000

   Energies (kJ/mol)
           Bond            U-B    Proper Dih.  Improper Dih.      CMAP Dih.
    1.03107e+04    5.14445e+04    4.32985e+04    8.35730e+02   -1.23580e+02
          LJ-14     Coulomb-14        LJ (SR)   Coulomb (SR)   COM Pull En.
    8.56937e+03   -2.72982e+04    2.23153e+04   -9.89767e+05    3.19812e+02
      Potential    Kinetic En.   Total Energy  Conserved En.    Temperature
   -8.80095e+05    1.92601e+05   -6.87494e+05    2.51276e+06    3.01832e+02
 Pressure (bar)   Constr. rmsd
   -1.14588e+03    3.04305e-06

           Step           Time
         128000      256.00000

   Energies (kJ/mol)
           Bond            U-B    Proper Dih.  Improper Dih.      CMAP Dih.
    1.00378e+04    5.13805e+04    4.35534e+04    7.83834e+02   -1.46011e+02
          LJ-14     Coulomb-14        LJ (SR)   Coulomb (SR)   COM Pull En.
    8.74653e+03   -2.70364e+04    2.30753e+04   -9.91602e+05    2.86296e+02
      Potential    Kinetic En.   Total Energy  Conserved En.    Temperature
   -8.80921e+05    1.93013e+05   -6.87908e+05    2.52453e+06    3.02477e+02
 Pressure (bar)   Constr. rmsd
   -1.10375e+03    3.02961e-06

           Step           Time
         128500      257.00000

   Energies (kJ/mol)
           Bond            U-B    Proper Dih.  Improper Dih.      CMAP Dih.
    1.02471e+04    5.05951e+04    4.34503e+04    7.70637e+02   -1.58592e+02
          LJ-14     Coulomb-14        LJ (SR)   Coulomb (SR)   COM Pull En.
    8.61650e+03   -2.70375e+04    2.30099e+04   -9.89494e+05    3.08907e+02
      Potential    Kinetic En.   Total Energy  Conserved En.    Temperature
   -8.79692e+05    1.92210e+05   -6.87481e+05    2.53650e+06    3.01220e+02
 Pressure (bar)   Constr. rmsd
   -1.24754e+03    3.16074e-06

           Step           Time
         129000      258.00000

   Energies (kJ/mol)
           Bond            U-B    Proper Dih.  Improper Dih.      CMAP Dih.
    1.01074e+04    5.13732e+04    4.35773e+04    7.89357e+02   -9.62377e+01
          LJ-14     Coulomb-14        LJ (SR)   Coulomb (SR)   COM Pull En.
    8.70134e+03   -2.76388e+04    2.25849e+04   -9.89891e+05    3.17661e+02
      Potential    Kinetic En.   Total Energy  Conserved En.    Temperature
   -8.80175e+05    1.92453e+05   -6.87722e+05    2.54823e+06    3.01601e+02
 Pressure (bar)   Constr. rmsd
   -9.45757e+02    3.07487e-06

           Step           Time
         129500      259.00000

   Energies (kJ/mol)
           Bond            U-B    Proper Dih.  Improper Dih.      CMAP Dih.
    1.00860e+04    5.14056e+04    4.33144e+04    7.70250e+02   -1.43533e+02
          LJ-14     Coulomb-14        LJ (SR)   Coulomb (SR)   COM Pull En.
    8.62208e+03   -2.71860e+04    2.29136e+04   -9.90155e+05    3.14901e+02
      Potential    Kinetic En.   Total Energy  Conserved En.    Temperature
   -8.80058e+05    1.92566e+05   -6.87492e+05    2.56033e+06    3.01777e+02
 Pressure (bar)   Constr. rmsd
   -1.28029e+03    3.04271e-06

           Step           Time
         130000      260.00000

   Energies (kJ/mol)
           Bond            U-B    Proper Dih.  Improper Dih.      CMAP Dih.
    1.02649e+04    5.10336e+04    4.37119e+04    8.59457e+02   -1.69880e+02
          LJ-14     Coulomb-14        LJ (SR)   Coulomb (SR)   COM Pull En.
    8.74005e+03   -2.71354e+04    2.27399e+04   -9.90026e+05    3.45887e+02
      Potential    Kinetic En.   Total Energy  Conserved En.    Temperature
   -8.79636e+05    1.93367e+05   -6.86269e+05    2.57249e+06    3.03032e+02
 Pressure (bar)   Constr. rmsd
   -9.75735e+02    3.09906e-06

           Step           Time
         130500      261.00000

   Energies (kJ/mol)
           Bond            U-B    Proper Dih.  Improper Dih.      CMAP Dih.
    1.05750e+04    5.17653e+04    4.35674e+04    8.09043e+02   -2.35187e+02
          LJ-14     Coulomb-14        LJ (SR)   Coulomb (SR)   COM Pull En.
    8.57935e+03   -2.77834e+04    2.34020e+04   -9.89250e+05    3.38725e+02
      Potential    Kinetic En.   Total Energy  Conserved En.    Temperature
   -8.78231e+05    1.94449e+05   -6.83783e+05    2.58436e+06    3.04728e+02
 Pressure (bar)   Constr. rmsd
   -1.25188e+03    3.00783e-06

           Step           Time
         131000      262.00000

   Energies (kJ/mol)
           Bond            U-B    Proper Dih.  Improper Dih.      CMAP Dih.
    1.00238e+04    5.09990e+04    4.35641e+04    8.64905e+02   -1.49763e+02
          LJ-14     Coulomb-14        LJ (SR)   Coulomb (SR)   COM Pull En.
    8.99920e+03   -2.69577e+04    2.31876e+04   -9.89024e+05    3.84559e+02
      Potential    Kinetic En.   Total Energy  Conserved En.    Temperature
   -8.78108e+05    1.92034e+05   -6.86074e+05    2.59616e+06    3.00943e+02
 Pressure (bar)   Constr. rmsd
   -9.43161e+02    3.06102e-06

           Step           Time
         131500      263.00000

   Energies (kJ/mol)
           Bond            U-B    Proper Dih.  Improper Dih.      CMAP Dih.
    1.02188e+04    5.15057e+04    4.33002e+04    8.38256e+02   -9.32235e+01
          LJ-14     Coulomb-14        LJ (SR)   Coulomb (SR)   COM Pull En.
    8.77687e+03   -2.71429e+04    2.24616e+04   -9.89882e+05    3.57651e+02
      Potential    Kinetic En.   Total Energy  Conserved En.    Temperature
   -8.79659e+05    1.92736e+05   -6.86923e+05    2.60792e+06    3.02044e+02
 Pressure (bar)   Constr. rmsd
   -1.06052e+03    2.96495e-06

           Step           Time
         132000      264.00000

   Energies (kJ/mol)
           Bond            U-B    Proper Dih.  Improper Dih.      CMAP Dih.
    1.02775e+04    5.14716e+04    4.35882e+04    8.09212e+02   -1.64752e+02
          LJ-14     Coulomb-14        LJ (SR)   Coulomb (SR)   COM Pull En.
    8.67081e+03   -2.70676e+04    2.31482e+04   -9.90241e+05    3.02349e+02
      Potential    Kinetic En.   Total Energy  Conserved En.    Temperature
   -8.79206e+05    1.93489e+05   -6.85716e+05    2.61959e+06    3.03225e+02
 Pressure (bar)   Constr. rmsd
   -7.84956e+02    3.05607e-06

           Step           Time
         132500      265.00000

   Energies (kJ/mol)
           Bond            U-B    Proper Dih.  Improper Dih.      CMAP Dih.
    1.04287e+04    5.18746e+04    4.34505e+04    7.92932e+02   -1.25520e+02
          LJ-14     Coulomb-14        LJ (SR)   Coulomb (SR)   COM Pull En.
    8.61046e+03   -2.72283e+04    2.29375e+04   -9.89535e+05    3.33429e+02
      Potential    Kinetic En.   Total Energy  Conserved En.    Temperature
   -8.78461e+05    1.93711e+05   -6.84750e+05    2.63198e+06    3.03572e+02
 Pressure (bar)   Constr. rmsd
   -9.11568e+02    3.05046e-06

           Step           Time
         133000      266.00000

   Energies (kJ/mol)
           Bond            U-B    Proper Dih.  Improper Dih.      CMAP Dih.
    1.04936e+04    5.07188e+04    4.35193e+04    8.54773e+02   -1.50688e+02
          LJ-14     Coulomb-14        LJ (SR)   Coulomb (SR)   COM Pull En.
    8.68882e+03   -2.69652e+04    2.43913e+04   -9.91510e+05    3.46838e+02
      Potential    Kinetic En.   Total Energy  Conserved En.    Temperature
   -8.79612e+05    1.92885e+05   -6.86727e+05    2.64392e+06    3.02278e+02
 Pressure (bar)   Constr. rmsd
   -1.19750e+03    3.14792e-06

           Step           Time
         133500      267.00000

   Energies (kJ/mol)
           Bond            U-B    Proper Dih.  Improper Dih.      CMAP Dih.
    1.03537e+04    5.12753e+04    4.37801e+04    9.10265e+02   -1.11430e+02
          LJ-14     Coulomb-14        LJ (SR)   Coulomb (SR)   COM Pull En.
    8.71348e+03   -2.71465e+04    2.31945e+04   -9.89912e+05    3.62392e+02
      Potential    Kinetic En.   Total Energy  Conserved En.    Temperature
   -8.78580e+05    1.92777e+05   -6.85803e+05    2.65604e+06    3.02108e+02
 Pressure (bar)   Constr. rmsd
   -9.60773e+02    3.04605e-06

           Step           Time
         134000      268.00000

   Energies (kJ/mol)
           Bond            U-B    Proper Dih.  Improper Dih.      CMAP Dih.
    1.04986e+04    5.12909e+04    4.35664e+04    8.35987e+02   -1.39287e+02
          LJ-14     Coulomb-14        LJ (SR)   Coulomb (SR)   COM Pull En.
    8.67052e+03   -2.73219e+04    2.29577e+04   -9.88717e+05    4.01208e+02
      Potential    Kinetic En.   Total Energy  Conserved En.    Temperature
   -8.77957e+05    1.92636e+05   -6.85321e+05    2.66782e+06    3.01888e+02
 Pressure (bar)   Constr. rmsd
   -7.06908e+02    3.14843e-06

           Step           Time
         134500      269.00000

   Energies (kJ/mol)
           Bond            U-B    Proper Dih.  Improper Dih.      CMAP Dih.
    1.03172e+04    5.12890e+04    4.33143e+04    7.87127e+02   -1.17991e+02
          LJ-14     Coulomb-14        LJ (SR)   Coulomb (SR)   COM Pull En.
    8.66180e+03   -2.71510e+04    2.24644e+04   -9.89674e+05    3.53964e+02
      Potential    Kinetic En.   Total Energy  Conserved En.    Temperature
   -8.79755e+05    1.92896e+05   -6.86859e+05    2.68036e+06    3.02294e+02
 Pressure (bar)   Constr. rmsd
   -1.03286e+03    3.08628e-06

           Step           Time
         135000      270.00000

   Energies (kJ/mol)
           Bond            U-B    Proper Dih.  Improper Dih.      CMAP Dih.
    1.01378e+04    5.13766e+04    4.37894e+04    8.07854e+02   -1.66332e+02
          LJ-14     Coulomb-14        LJ (SR)   Coulomb (SR)   COM Pull En.
    8.80871e+03   -2.75769e+04    2.34499e+04   -9.90797e+05    3.63671e+02
      Potential    Kinetic En.   Total Energy  Conserved En.    Temperature
   -8.79806e+05    1.92657e+05   -6.87150e+05    2.69246e+06    3.01919e+02
 Pressure (bar)   Constr. rmsd
   -5.48480e+02    3.16553e-06

           Step           Time
         135500      271.00000

   Energies (kJ/mol)
           Bond            U-B    Proper Dih.  Improper Dih.      CMAP Dih.
    1.01967e+04    5.14435e+04    4.32840e+04    8.03523e+02   -1.53993e+02
          LJ-14     Coulomb-14        LJ (SR)   Coulomb (SR)   COM Pull En.
    8.67511e+03   -2.71522e+04    2.40738e+04   -9.91944e+05    3.56682e+02
      Potential    Kinetic En.   Total Energy  Conserved En.    Temperature
   -8.80417e+05    1.92043e+05   -6.88374e+05    2.70459e+06    3.00959e+02
 Pressure (bar)   Constr. rmsd
   -3.64393e+02    3.04277e-06

           Step           Time
         136000      272.00000

   Energies (kJ/mol)
           Bond            U-B    Proper Dih.  Improper Dih.      CMAP Dih.
    1.05073e+04    5.09856e+04    4.33379e+04    8.38203e+02   -1.19868e+02
          LJ-14     Coulomb-14        LJ (SR)   Coulomb (SR)   COM Pull En.
    8.78748e+03   -2.68308e+04    2.34591e+04   -9.90655e+05    3.26052e+02
      Potential    Kinetic En.   Total Energy  Conserved En.    Temperature
   -8.79364e+05    1.94077e+05   -6.85287e+05    2.71708e+06    3.04146e+02
 Pressure (bar)   Constr. rmsd
   -6.92429e+02    3.03134e-06

           Step           Time
         136500      273.00000

   Energies (kJ/mol)
           Bond            U-B    Proper Dih.  Improper Dih.      CMAP Dih.
    1.01677e+04    5.16664e+04    4.36751e+04    8.73825e+02   -2.02759e+02
          LJ-14     Coulomb-14        LJ (SR)   Coulomb (SR)   COM Pull En.
    8.86683e+03   -2.73324e+04    2.28737e+04   -9.89390e+05    2.57677e+02
      Potential    Kinetic En.   Total Energy  Conserved En.    Temperature
   -8.78544e+05    1.93214e+05   -6.85330e+05    2.72931e+06    3.02793e+02
 Pressure (bar)   Constr. rmsd
   -5.08721e+02    3.09295e-06

Writing checkpoint, step 136800 at Tue Jun  2 12:34:25 2026


           Step           Time
         137000      274.00000

   Energies (kJ/mol)
           Bond            U-B    Proper Dih.  Improper Dih.      CMAP Dih.
    1.03819e+04    5.14111e+04    4.33581e+04    8.50243e+02   -7.28922e+01
          LJ-14     Coulomb-14        LJ (SR)   Coulomb (SR)   COM Pull En.
    8.51386e+03   -2.72235e+04    2.21161e+04   -9.89256e+05    2.16894e+02
      Potential    Kinetic En.   Total Energy  Conserved En.    Temperature
   -8.79704e+05    1.93131e+05   -6.86574e+05    2.74126e+06    3.02663e+02
 Pressure (bar)   Constr. rmsd
   -1.56599e+03    3.27538e-06

           Step           Time
         137500      275.00000

   Energies (kJ/mol)
           Bond            U-B    Proper Dih.  Improper Dih.      CMAP Dih.
    1.03860e+04    5.16715e+04    4.35826e+04    7.90748e+02   -1.74721e+02
          LJ-14     Coulomb-14        LJ (SR)   Coulomb (SR)   COM Pull En.
    8.88712e+03   -2.72395e+04    2.25788e+04   -9.89828e+05    1.67672e+02
      Potential    Kinetic En.   Total Energy  Conserved En.    Temperature
   -8.79178e+05    1.93512e+05   -6.85666e+05    2.75292e+06    3.03260e+02
 Pressure (bar)   Constr. rmsd
   -5.65928e+02    2.95975e-06

           Step           Time
         138000      276.00000

   Energies (kJ/mol)
           Bond            U-B    Proper Dih.  Improper Dih.      CMAP Dih.
    1.01977e+04    5.14900e+04    4.35553e+04    8.21354e+02   -1.01740e+02
          LJ-14     Coulomb-14        LJ (SR)   Coulomb (SR)   COM Pull En.
    8.77271e+03   -2.71029e+04    2.32559e+04   -9.90706e+05    1.46276e+02
      Potential    Kinetic En.   Total Energy  Conserved En.    Temperature
   -8.79671e+05    1.93388e+05   -6.86284e+05    2.76436e+06    3.03065e+02
 Pressure (bar)   Constr. rmsd
   -7.63217e+02    3.11512e-06

           Step           Time
         138500      277.00000

   Energies (kJ/mol)
           Bond            U-B    Proper Dih.  Improper Dih.      CMAP Dih.
    1.02909e+04    5.10085e+04    4.34810e+04    8.40508e+02   -1.24981e+02
          LJ-14     Coulomb-14        LJ (SR)   Coulomb (SR)   COM Pull En.
    8.74748e+03   -2.69580e+04    2.34642e+04   -9.92889e+05    1.33350e+02
      Potential    Kinetic En.   Total Energy  Conserved En.    Temperature
   -8.82006e+05    1.92917e+05   -6.89089e+05    2.77614e+06    3.02327e+02
 Pressure (bar)   Constr. rmsd
   -1.19203e+03    3.07704e-06

           Step           Time
         139000      278.00000

   Energies (kJ/mol)
           Bond            U-B    Proper Dih.  Improper Dih.      CMAP Dih.
    1.03148e+04    5.08122e+04    4.32282e+04    7.98720e+02   -1.01711e+02
          LJ-14     Coulomb-14        LJ (SR)   Coulomb (SR)   COM Pull En.
    8.62311e+03   -2.72207e+04    2.24933e+04   -9.90667e+05    1.20417e+02
      Potential    Kinetic En.   Total Energy  Conserved En.    Temperature
   -8.81599e+05    1.91845e+05   -6.89754e+05    2.78800e+06    3.00647e+02
 Pressure (bar)   Constr. rmsd
   -9.70567e+02    3.00719e-06

           Step           Time
         139500      279.00000

   Energies (kJ/mol)
           Bond            U-B    Proper Dih.  Improper Dih.      CMAP Dih.
    1.03685e+04    5.14840e+04    4.32243e+04    7.86461e+02   -1.24190e+02
          LJ-14     Coulomb-14        LJ (SR)   Coulomb (SR)   COM Pull En.
    8.49266e+03   -2.73608e+04    2.33143e+04   -9.91183e+05    1.15067e+02
      Potential    Kinetic En.   Total Energy  Conserved En.    Temperature
   -8.80883e+05    1.93000e+05   -6.87883e+05    2.79972e+06    3.02458e+02
 Pressure (bar)   Constr. rmsd
   -6.68284e+02    2.94809e-06

           Step           Time
         140000      280.00000

   Energies (kJ/mol)
           Bond            U-B    Proper Dih.  Improper Dih.      CMAP Dih.
    1.00483e+04    5.07776e+04    4.33890e+04    7.62664e+02   -1.64622e+02
          LJ-14     Coulomb-14        LJ (SR)   Coulomb (SR)   COM Pull En.
    8.88788e+03   -2.71789e+04    2.13906e+04   -9.89378e+05    1.16204e+02
      Potential    Kinetic En.   Total Energy  Conserved En.    Temperature
   -8.81349e+05    1.92287e+05   -6.89062e+05    2.81185e+06    3.01341e+02
 Pressure (bar)   Constr. rmsd
   -9.05745e+02    3.05347e-06

           Step           Time
         140500      281.00000

   Energies (kJ/mol)
           Bond            U-B    Proper Dih.  Improper Dih.      CMAP Dih.
    1.03731e+04    5.18065e+04    4.33162e+04    7.78115e+02   -1.56562e+02
          LJ-14     Coulomb-14        LJ (SR)   Coulomb (SR)   COM Pull En.
    8.73862e+03   -2.75592e+04    2.25632e+04   -9.90165e+05    1.23760e+02
      Potential    Kinetic En.   Total Energy  Conserved En.    Temperature
   -8.80182e+05    1.93270e+05   -6.86912e+05    2.82394e+06    3.02880e+02
 Pressure (bar)   Constr. rmsd
   -9.21866e+02    3.19454e-06

           Step           Time
         141000      282.00000

   Energies (kJ/mol)
           Bond            U-B    Proper Dih.  Improper Dih.      CMAP Dih.
    1.04178e+04    5.12995e+04    4.34609e+04    8.17188e+02   -1.69463e+02
          LJ-14     Coulomb-14        LJ (SR)   Coulomb (SR)   COM Pull En.
    8.62281e+03   -2.74810e+04    2.18430e+04   -9.91173e+05    1.19259e+02
      Potential    Kinetic En.   Total Energy  Conserved En.    Temperature
   -8.82243e+05    1.93058e+05   -6.89185e+05    2.83568e+06    3.02549e+02
 Pressure (bar)   Constr. rmsd
   -1.00652e+03    3.03044e-06

           Step           Time
         141500      283.00000

   Energies (kJ/mol)
           Bond            U-B    Proper Dih.  Improper Dih.      CMAP Dih.
    1.05215e+04    5.12000e+04    4.32813e+04    8.07449e+02   -1.50717e+02
          LJ-14     Coulomb-14        LJ (SR)   Coulomb (SR)   COM Pull En.
    8.70549e+03   -2.69255e+04    2.29717e+04   -9.92347e+05    1.35939e+02
      Potential    Kinetic En.   Total Energy  Conserved En.    Temperature
   -8.81800e+05    1.93955e+05   -6.87845e+05    2.84804e+06    3.03954e+02
 Pressure (bar)   Constr. rmsd
   -1.06780e+03    3.13001e-06

           Step           Time
         142000      284.00000

   Energies (kJ/mol)
           Bond            U-B    Proper Dih.  Improper Dih.      CMAP Dih.
    1.04213e+04    5.14177e+04    4.34580e+04    8.71822e+02   -1.30122e+02
          LJ-14     Coulomb-14        LJ (SR)   Coulomb (SR)   COM Pull En.
    8.58805e+03   -2.74398e+04    2.36336e+04   -9.91677e+05    1.24192e+02
      Potential    Kinetic En.   Total Energy  Conserved En.    Temperature
   -8.80732e+05    1.91835e+05   -6.88898e+05    2.85990e+06    3.00631e+02
 Pressure (bar)   Constr. rmsd
   -1.06769e+03    3.04088e-06

           Step           Time
         142500      285.00000

   Energies (kJ/mol)
           Bond            U-B    Proper Dih.  Improper Dih.      CMAP Dih.
    1.03151e+04    5.15850e+04    4.34192e+04    7.20798e+02   -1.11175e+02
          LJ-14     Coulomb-14        LJ (SR)   Coulomb (SR)   COM Pull En.
    8.56987e+03   -2.72569e+04    2.38528e+04   -9.91590e+05    1.32709e+02
      Potential    Kinetic En.   Total Energy  Conserved En.    Temperature
   -8.80362e+05    1.93588e+05   -6.86774e+05    2.87185e+06    3.03379e+02
 Pressure (bar)   Constr. rmsd
   -8.38398e+02    3.04762e-06

           Step           Time
         143000      286.00000

   Energies (kJ/mol)
           Bond            U-B    Proper Dih.  Improper Dih.      CMAP Dih.
    1.02470e+04    5.16226e+04    4.34751e+04    7.91722e+02   -1.61853e+02
          LJ-14     Coulomb-14        LJ (SR)   Coulomb (SR)   COM Pull En.
    8.64233e+03   -2.71793e+04    2.29934e+04   -9.91645e+05    1.35025e+02
      Potential    Kinetic En.   Total Energy  Conserved En.    Temperature
   -8.81079e+05    1.91751e+05   -6.89328e+05    2.88381e+06    3.00501e+02
 Pressure (bar)   Constr. rmsd
   -3.58823e+02    3.05533e-06

           Step           Time
         143500      287.00000

   Energies (kJ/mol)
           Bond            U-B    Proper Dih.  Improper Dih.      CMAP Dih.
    1.04737e+04    5.12759e+04    4.36591e+04    8.21788e+02   -1.60081e+02
          LJ-14     Coulomb-14        LJ (SR)   Coulomb (SR)   COM Pull En.
    8.52745e+03   -2.71748e+04    2.28672e+04   -9.92802e+05    1.40751e+02
      Potential    Kinetic En.   Total Energy  Conserved En.    Temperature
   -8.82371e+05    1.94113e+05   -6.88258e+05    2.89553e+06    3.04202e+02
 Pressure (bar)   Constr. rmsd
   -1.54819e+03    3.10846e-06

           Step           Time
         144000      288.00000

   Energies (kJ/mol)
           Bond            U-B    Proper Dih.  Improper Dih.      CMAP Dih.
    1.04416e+04    5.09740e+04    4.35272e+04    7.88654e+02   -1.22641e+02
          LJ-14     Coulomb-14        LJ (SR)   Coulomb (SR)   COM Pull En.
    8.63373e+03   -2.74239e+04    2.20597e+04   -9.90674e+05    1.42266e+02
      Potential    Kinetic En.   Total Energy  Conserved En.    Temperature
   -8.81653e+05    1.92996e+05   -6.88657e+05    2.90779e+06    3.02451e+02
 Pressure (bar)   Constr. rmsd
   -8.14471e+02    3.03201e-06

           Step           Time
         144500      289.00000

   Energies (kJ/mol)
           Bond            U-B    Proper Dih.  Improper Dih.      CMAP Dih.
    1.00607e+04    5.09985e+04    4.34856e+04    8.48265e+02   -9.18743e+01
          LJ-14     Coulomb-14        LJ (SR)   Coulomb (SR)   COM Pull En.
    8.71309e+03   -2.73064e+04    2.18512e+04   -9.90888e+05    1.52359e+02
      Potential    Kinetic En.   Total Energy  Conserved En.    Temperature
   -8.82177e+05    1.91618e+05   -6.90559e+05    2.91920e+06    3.00291e+02
 Pressure (bar)   Constr. rmsd
   -6.08974e+02    3.06226e-06

           Step           Time
         145000      290.00000

   Energies (kJ/mol)
           Bond            U-B    Proper Dih.  Improper Dih.      CMAP Dih.
    1.03877e+04    5.13871e+04    4.34995e+04    8.05200e+02   -1.21740e+02
          LJ-14     Coulomb-14        LJ (SR)   Coulomb (SR)   COM Pull En.
    8.67778e+03   -2.70317e+04    2.26844e+04   -9.90730e+05    1.61277e+02
      Potential    Kinetic En.   Total Energy  Conserved En.    Temperature
   -8.80281e+05    1.92241e+05   -6.88040e+05    2.93111e+06    3.01268e+02
 Pressure (bar)   Constr. rmsd
   -1.34206e+03    3.04088e-06

           Step           Time
         145500      291.00000

   Energies (kJ/mol)
           Bond            U-B    Proper Dih.  Improper Dih.      CMAP Dih.
    1.04864e+04    5.18868e+04    4.35687e+04    8.53192e+02   -6.91673e+01
          LJ-14     Coulomb-14        LJ (SR)   Coulomb (SR)   COM Pull En.
    8.60025e+03   -2.74756e+04    2.26357e+04   -9.90623e+05    1.66527e+02
      Potential    Kinetic En.   Total Energy  Conserved En.    Temperature
   -8.79970e+05    1.92964e+05   -6.87005e+05    2.94292e+06    3.02402e+02
 Pressure (bar)   Constr. rmsd
   -9.92370e+02    3.05083e-06

           Step           Time
         146000      292.00000

   Energies (kJ/mol)
           Bond            U-B    Proper Dih.  Improper Dih.      CMAP Dih.
    1.00901e+04    5.12698e+04    4.32784e+04    7.68179e+02   -1.09364e+02
          LJ-14     Coulomb-14        LJ (SR)   Coulomb (SR)   COM Pull En.
    8.52689e+03   -2.70410e+04    2.25973e+04   -9.92411e+05    1.61920e+02
      Potential    Kinetic En.   Total Energy  Conserved En.    Temperature
   -8.82869e+05    1.92190e+05   -6.90679e+05    2.95482e+06    3.01188e+02
 Pressure (bar)   Constr. rmsd
   -1.23353e+03    3.09535e-06

           Step           Time
         146500      293.00000

   Energies (kJ/mol)
           Bond            U-B    Proper Dih.  Improper Dih.      CMAP Dih.
    1.03486e+04    5.15794e+04    4.34253e+04    8.32094e+02   -1.48743e+02
          LJ-14     Coulomb-14        LJ (SR)   Coulomb (SR)   COM Pull En.
    8.69766e+03   -2.69678e+04    2.34035e+04   -9.90622e+05    1.75411e+02
      Potential    Kinetic En.   Total Energy  Conserved En.    Temperature
   -8.79277e+05    1.93039e+05   -6.86238e+05    2.96674e+06    3.02518e+02
 Pressure (bar)   Constr. rmsd
   -7.71642e+02    3.02511e-06

           Step           Time
         147000      294.00000

   Energies (kJ/mol)
           Bond            U-B    Proper Dih.  Improper Dih.      CMAP Dih.
    1.03377e+04    5.18449e+04    4.34223e+04    8.30082e+02   -2.00923e+02
          LJ-14     Coulomb-14        LJ (SR)   Coulomb (SR)   COM Pull En.
    8.67048e+03   -2.69664e+04    2.22711e+04   -9.91193e+05    1.87978e+02
      Potential    Kinetic En.   Total Energy  Conserved En.    Temperature
   -8.80796e+05    1.91234e+05   -6.89562e+05    2.97835e+06    2.99690e+02
 Pressure (bar)   Constr. rmsd
   -9.40603e+02    3.04313e-06

           Step           Time
         147500      295.00000

   Energies (kJ/mol)
           Bond            U-B    Proper Dih.  Improper Dih.      CMAP Dih.
    1.06804e+04    5.15254e+04    4.33375e+04    9.12818e+02   -9.92507e+01
          LJ-14     Coulomb-14        LJ (SR)   Coulomb (SR)   COM Pull En.
    8.60354e+03   -2.69951e+04    2.35971e+04   -9.93207e+05    1.86803e+02
      Potential    Kinetic En.   Total Energy  Conserved En.    Temperature
   -8.81458e+05    1.93674e+05   -6.87784e+05    2.98977e+06    3.03513e+02
 Pressure (bar)   Constr. rmsd
   -1.06250e+03    3.06828e-06

           Step           Time
         148000      296.00000

   Energies (kJ/mol)
           Bond            U-B    Proper Dih.  Improper Dih.      CMAP Dih.
    1.02733e+04    5.15981e+04    4.33238e+04    8.46891e+02   -9.97291e+01
          LJ-14     Coulomb-14        LJ (SR)   Coulomb (SR)   COM Pull En.
    8.61418e+03   -2.77112e+04    2.31231e+04   -9.91361e+05    1.85374e+02
      Potential    Kinetic En.   Total Energy  Conserved En.    Temperature
   -8.81207e+05    1.93364e+05   -6.87843e+05    3.00195e+06    3.03028e+02
 Pressure (bar)   Constr. rmsd
   -9.80843e+02    3.12689e-06

           Step           Time
         148500      297.00000

   Energies (kJ/mol)
           Bond            U-B    Proper Dih.  Improper Dih.      CMAP Dih.
    1.06497e+04    5.16061e+04    4.32951e+04    7.59642e+02   -1.52124e+02
          LJ-14     Coulomb-14        LJ (SR)   Coulomb (SR)   COM Pull En.
    8.64121e+03   -2.75823e+04    2.08281e+04   -9.88354e+05    1.93810e+02
      Potential    Kinetic En.   Total Energy  Conserved En.    Temperature
   -8.80115e+05    1.92732e+05   -6.87383e+05    3.01392e+06    3.02037e+02
 Pressure (bar)   Constr. rmsd
   -1.49163e+03    3.04093e-06

           Step           Time
         149000      298.00000

   Energies (kJ/mol)
           Bond            U-B    Proper Dih.  Improper Dih.      CMAP Dih.
    1.03232e+04    5.08906e+04    4.34325e+04    8.57126e+02   -1.19457e+02
          LJ-14     Coulomb-14        LJ (SR)   Coulomb (SR)   COM Pull En.
    8.78610e+03   -2.67160e+04    2.35751e+04   -9.92676e+05    1.96098e+02
      Potential    Kinetic En.   Total Energy  Conserved En.    Temperature
   -8.81450e+05    1.92825e+05   -6.88625e+05    3.02567e+06    3.02184e+02
 Pressure (bar)   Constr. rmsd
   -8.90944e+02    3.00817e-06

           Step           Time
         149500      299.00000

   Energies (kJ/mol)
           Bond            U-B    Proper Dih.  Improper Dih.      CMAP Dih.
    1.02869e+04    5.13748e+04    4.36282e+04    8.51695e+02   -1.75823e+02
          LJ-14     Coulomb-14        LJ (SR)   Coulomb (SR)   COM Pull En.
    8.59280e+03   -2.76139e+04    2.45133e+04   -9.93184e+05    2.06963e+02
      Potential    Kinetic En.   Total Energy  Conserved En.    Temperature
   -8.81519e+05    1.92568e+05   -6.88952e+05    3.03790e+06    3.01780e+02
 Pressure (bar)   Constr. rmsd
   -6.22059e+02    3.04557e-06

           Step           Time
         150000      300.00000

   Energies (kJ/mol)
           Bond            U-B    Proper Dih.  Improper Dih.      CMAP Dih.
    1.05216e+04    5.06058e+04    4.35149e+04    8.43249e+02   -1.17761e+02
          LJ-14     Coulomb-14        LJ (SR)   Coulomb (SR)   COM Pull En.
    8.82485e+03   -2.70515e+04    2.31396e+04   -9.91823e+05    2.06807e+02
      Potential    Kinetic En.   Total Energy  Conserved En.    Temperature
   -8.81335e+05    1.92024e+05   -6.89312e+05    3.04936e+06    3.00928e+02
 Pressure (bar)   Constr. rmsd
   -1.01916e+03    3.05224e-06

           Step           Time
         150500      301.00000

   Energies (kJ/mol)
           Bond            U-B    Proper Dih.  Improper Dih.      CMAP Dih.
    1.02367e+04    5.08192e+04    4.36228e+04    8.33799e+02   -1.63787e+02
          LJ-14     Coulomb-14        LJ (SR)   Coulomb (SR)   COM Pull En.
    8.77262e+03   -2.69065e+04    2.31698e+04   -9.92248e+05    2.10810e+02
      Potential    Kinetic En.   Total Energy  Conserved En.    Temperature
   -8.81653e+05    1.91051e+05   -6.90602e+05    3.06161e+06    2.99403e+02
 Pressure (bar)   Constr. rmsd
   -6.62358e+02    2.94969e-06

           Step           Time
         151000      302.00000

   Energies (kJ/mol)
           Bond            U-B    Proper Dih.  Improper Dih.      CMAP Dih.
    1.03431e+04    5.13581e+04    4.34579e+04    7.74634e+02   -9.00961e+01
          LJ-14     Coulomb-14        LJ (SR)   Coulomb (SR)   COM Pull En.
    8.85324e+03   -2.71044e+04    2.40112e+04   -9.92009e+05    2.09734e+02
      Potential    Kinetic En.   Total Energy  Conserved En.    Temperature
   -8.80196e+05    1.92484e+05   -6.87712e+05    3.07371e+06    3.01649e+02
 Pressure (bar)   Constr. rmsd
   -7.53445e+02    3.00285e-06

           Step           Time
         151500      303.00000

   Energies (kJ/mol)
           Bond            U-B    Proper Dih.  Improper Dih.      CMAP Dih.
    1.06155e+04    5.14926e+04    4.34288e+04    8.07171e+02   -1.62017e+02
          LJ-14     Coulomb-14        LJ (SR)   Coulomb (SR)   COM Pull En.
    8.58752e+03   -2.75316e+04    2.41884e+04   -9.92155e+05    2.20529e+02
      Potential    Kinetic En.   Total Energy  Conserved En.    Temperature
   -8.80508e+05    1.92111e+05   -6.88396e+05    3.08550e+06    3.01065e+02
 Pressure (bar)   Constr. rmsd
   -9.34318e+02    3.03684e-06

           Step           Time
         152000      304.00000

   Energies (kJ/mol)
           Bond            U-B    Proper Dih.  Improper Dih.      CMAP Dih.
    1.02066e+04    5.12173e+04    4.36414e+04    8.36176e+02   -1.10472e+02
          LJ-14     Coulomb-14        LJ (SR)   Coulomb (SR)   COM Pull En.
    8.56399e+03   -2.70196e+04    2.43835e+04   -9.92913e+05    2.25245e+02
      Potential    Kinetic En.   Total Energy  Conserved En.    Temperature
   -8.80969e+05    1.94023e+05   -6.86946e+05    3.09755e+06    3.04061e+02
 Pressure (bar)   Constr. rmsd
   -7.12283e+02    3.14935e-06

           Step           Time
         152500      305.00000

   Energies (kJ/mol)
           Bond            U-B    Proper Dih.  Improper Dih.      CMAP Dih.
    1.03939e+04    5.12915e+04    4.34536e+04    7.83132e+02   -1.04771e+02
          LJ-14     Coulomb-14        LJ (SR)   Coulomb (SR)   COM Pull En.
    8.60319e+03   -2.70979e+04    2.39665e+04   -9.93036e+05    2.31873e+02
      Potential    Kinetic En.   Total Energy  Conserved En.    Temperature
   -8.81515e+05    1.91818e+05   -6.89697e+05    3.10937e+06    3.00605e+02
 Pressure (bar)   Constr. rmsd
   -9.95306e+02    3.08297e-06

           Step           Time
         153000      306.00000

   Energies (kJ/mol)
           Bond            U-B    Proper Dih.  Improper Dih.      CMAP Dih.
    1.02217e+04    5.10671e+04    4.36207e+04    8.62595e+02   -7.75077e+01
          LJ-14     Coulomb-14        LJ (SR)   Coulomb (SR)   COM Pull En.
    8.73009e+03   -2.69199e+04    2.33371e+04   -9.92339e+05    2.44496e+02
      Potential    Kinetic En.   Total Energy  Conserved En.    Temperature
   -8.81252e+05    1.92973e+05   -6.88280e+05    3.12149e+06    3.02415e+02
 Pressure (bar)   Constr. rmsd
   -6.90395e+02    3.14309e-06

           Step           Time
         153500      307.00000

   Energies (kJ/mol)
           Bond            U-B    Proper Dih.  Improper Dih.      CMAP Dih.
    1.05196e+04    5.15381e+04    4.34894e+04    8.59175e+02   -1.06467e+02
          LJ-14     Coulomb-14        LJ (SR)   Coulomb (SR)   COM Pull En.
    8.70262e+03   -2.74594e+04    2.36445e+04   -9.92039e+05    2.34988e+02
      Potential    Kinetic En.   Total Energy  Conserved En.    Temperature
   -8.80616e+05    1.93550e+05   -6.87066e+05    3.13341e+06    3.03319e+02
 Pressure (bar)   Constr. rmsd
   -7.95259e+02    3.29666e-06

           Step           Time
         154000      308.00000

   Energies (kJ/mol)
           Bond            U-B    Proper Dih.  Improper Dih.      CMAP Dih.
    1.03729e+04    5.12237e+04    4.35062e+04    8.68645e+02   -1.17312e+02
          LJ-14     Coulomb-14        LJ (SR)   Coulomb (SR)   COM Pull En.
    8.73178e+03   -2.64303e+04    2.22502e+04   -9.90564e+05    2.44040e+02
      Potential    Kinetic En.   Total Energy  Conserved En.    Temperature
   -8.79914e+05    1.92715e+05   -6.87200e+05    3.14559e+06    3.02010e+02
 Pressure (bar)   Constr. rmsd
   -7.95732e+02    3.08066e-06

           Step           Time
         154500      309.00000

   Energies (kJ/mol)
           Bond            U-B    Proper Dih.  Improper Dih.      CMAP Dih.
    1.05091e+04    5.16690e+04    4.34590e+04    8.35532e+02   -1.16127e+02
          LJ-14     Coulomb-14        LJ (SR)   Coulomb (SR)   COM Pull En.
    8.66728e+03   -2.70144e+04    2.41657e+04   -9.92868e+05    2.63645e+02
      Potential    Kinetic En.   Total Energy  Conserved En.    Temperature
   -8.80429e+05    1.91835e+05   -6.88594e+05    3.15756e+06    3.00633e+02
 Pressure (bar)   Constr. rmsd
   -7.51764e+02    2.99541e-06

           Step           Time
         155000      310.00000

   Energies (kJ/mol)
           Bond            U-B    Proper Dih.  Improper Dih.      CMAP Dih.
    1.04076e+04    5.15185e+04    4.34450e+04    8.20702e+02   -1.13213e+02
          LJ-14     Coulomb-14        LJ (SR)   Coulomb (SR)   COM Pull En.
    8.66609e+03   -2.73171e+04    2.48919e+04   -9.93277e+05    2.60158e+02
      Potential    Kinetic En.   Total Energy  Conserved En.    Temperature
   -8.80697e+05    1.91841e+05   -6.88856e+05    3.17025e+06    3.00642e+02
 Pressure (bar)   Constr. rmsd
   -1.02771e+03    3.09182e-06

           Step           Time
         155500      311.00000

   Energies (kJ/mol)
           Bond            U-B    Proper Dih.  Improper Dih.      CMAP Dih.
    1.01787e+04    5.15738e+04    4.34423e+04    7.84530e+02   -1.02464e+02
          LJ-14     Coulomb-14        LJ (SR)   Coulomb (SR)   COM Pull En.
    8.58209e+03   -2.72517e+04    2.37797e+04   -9.91900e+05    2.64120e+02
      Potential    Kinetic En.   Total Energy  Conserved En.    Temperature
   -8.80649e+05    1.91072e+05   -6.89577e+05    3.18198e+06    2.99436e+02
 Pressure (bar)   Constr. rmsd
   -9.41019e+02    3.13174e-06

           Step           Time
         156000      312.00000

   Energies (kJ/mol)
           Bond            U-B    Proper Dih.  Improper Dih.      CMAP Dih.
    1.04491e+04    5.09606e+04    4.38327e+04    8.13324e+02   -1.28340e+02
          LJ-14     Coulomb-14        LJ (SR)   Coulomb (SR)   COM Pull En.
    8.55324e+03   -2.68013e+04    2.34659e+04   -9.92503e+05    2.56516e+02
      Potential    Kinetic En.   Total Energy  Conserved En.    Temperature
   -8.81102e+05    1.93804e+05   -6.87298e+05    3.19432e+06    3.03717e+02
 Pressure (bar)   Constr. rmsd
   -1.09985e+03    3.08945e-06

Writing checkpoint, step 156060 at Tue Jun  2 12:49:53 2026


           Step           Time
         156500      313.00000

   Energies (kJ/mol)
           Bond            U-B    Proper Dih.  Improper Dih.      CMAP Dih.
    1.03086e+04    5.08885e+04    4.37797e+04    8.03530e+02   -1.24286e+02
          LJ-14     Coulomb-14        LJ (SR)   Coulomb (SR)   COM Pull En.
    8.72433e+03   -2.74905e+04    2.31140e+04   -9.91082e+05    2.70030e+02
      Potential    Kinetic En.   Total Energy  Conserved En.    Temperature
   -8.80808e+05    1.92565e+05   -6.88244e+05    3.20670e+06    3.01775e+02
 Pressure (bar)   Constr. rmsd
   -1.00592e+03    3.12843e-06

           Step           Time
         157000      314.00000

   Energies (kJ/mol)
           Bond            U-B    Proper Dih.  Improper Dih.      CMAP Dih.
    1.02041e+04    5.11131e+04    4.36183e+04    8.23689e+02   -6.82441e+01
          LJ-14     Coulomb-14        LJ (SR)   Coulomb (SR)   COM Pull En.
    8.71885e+03   -2.70434e+04    2.23773e+04   -9.89850e+05    2.86178e+02
      Potential    Kinetic En.   Total Energy  Conserved En.    Temperature
   -8.79820e+05    1.93168e+05   -6.86652e+05    3.21890e+06    3.02721e+02
 Pressure (bar)   Constr. rmsd
   -5.81268e+02    3.07687e-06

           Step           Time
         157500      315.00000

   Energies (kJ/mol)
           Bond            U-B    Proper Dih.  Improper Dih.      CMAP Dih.
    1.01920e+04    5.14260e+04    4.34675e+04    8.41064e+02   -8.07275e+01
          LJ-14     Coulomb-14        LJ (SR)   Coulomb (SR)   COM Pull En.
    8.57203e+03   -2.70753e+04    2.26834e+04   -9.89692e+05    2.95394e+02
      Potential    Kinetic En.   Total Energy  Conserved En.    Temperature
   -8.79371e+05    1.93830e+05   -6.85541e+05    3.23044e+06    3.03758e+02
 Pressure (bar)   Constr. rmsd
   -4.32210e+02    3.10520e-06

           Step           Time
         158000      316.00000

   Energies (kJ/mol)
           Bond            U-B    Proper Dih.  Improper Dih.      CMAP Dih.
    1.02878e+04    5.13892e+04    4.33102e+04    8.44453e+02   -8.67484e+01
          LJ-14     Coulomb-14        LJ (SR)   Coulomb (SR)   COM Pull En.
    8.65769e+03   -2.68560e+04    2.28000e+04   -9.89591e+05    3.32516e+02
      Potential    Kinetic En.   Total Energy  Conserved En.    Temperature
   -8.78912e+05    1.92782e+05   -6.86130e+05    3.24226e+06    3.02116e+02
 Pressure (bar)   Constr. rmsd
   -8.73085e+02    3.16699e-06

           Step           Time
         158500      317.00000

   Energies (kJ/mol)
           Bond            U-B    Proper Dih.  Improper Dih.      CMAP Dih.
    1.04102e+04    5.11161e+04    4.36460e+04    8.20144e+02   -6.81286e+01
          LJ-14     Coulomb-14        LJ (SR)   Coulomb (SR)   COM Pull En.
    8.72797e+03   -2.72562e+04    2.27264e+04   -9.90411e+05    3.06774e+02
      Potential    Kinetic En.   Total Energy  Conserved En.    Temperature
   -8.79982e+05    1.92558e+05   -6.87424e+05    3.25380e+06    3.01764e+02
 Pressure (bar)   Constr. rmsd
   -1.20566e+03    3.02207e-06

           Step           Time
         159000      318.00000

   Energies (kJ/mol)
           Bond            U-B    Proper Dih.  Improper Dih.      CMAP Dih.
    1.04156e+04    5.18290e+04    4.34048e+04    7.85254e+02   -9.12388e+01
          LJ-14     Coulomb-14        LJ (SR)   Coulomb (SR)   COM Pull En.
    8.66724e+03   -2.71533e+04    2.16551e+04   -9.90471e+05    3.13227e+02
      Potential    Kinetic En.   Total Energy  Conserved En.    Temperature
   -8.80645e+05    1.91960e+05   -6.88685e+05    3.26573e+06    3.00829e+02
 Pressure (bar)   Constr. rmsd
   -6.61247e+02    2.99765e-06

           Step           Time
         159500      319.00000

   Energies (kJ/mol)
           Bond            U-B    Proper Dih.  Improper Dih.      CMAP Dih.
    1.05092e+04    5.14461e+04    4.35605e+04    7.73874e+02   -1.26449e+02
          LJ-14     Coulomb-14        LJ (SR)   Coulomb (SR)   COM Pull En.
    8.63110e+03   -2.74843e+04    2.36785e+04   -9.90772e+05    3.18692e+02
      Potential    Kinetic En.   Total Energy  Conserved En.    Temperature
   -8.79465e+05    1.91730e+05   -6.87736e+05    3.27755e+06    3.00467e+02
 Pressure (bar)   Constr. rmsd
   -9.79227e+02    3.02772e-06

           Step           Time
         160000      320.00000

   Energies (kJ/mol)
           Bond            U-B    Proper Dih.  Improper Dih.      CMAP Dih.
    1.03995e+04    5.17386e+04    4.35174e+04    7.71488e+02   -7.54923e+01
          LJ-14     Coulomb-14        LJ (SR)   Coulomb (SR)   COM Pull En.
    8.66013e+03   -2.72833e+04    2.28706e+04   -9.89814e+05    3.07400e+02
      Potential    Kinetic En.   Total Energy  Conserved En.    Temperature
   -8.78908e+05    1.94060e+05   -6.84848e+05    3.28984e+06    3.04119e+02
 Pressure (bar)   Constr. rmsd
   -9.96118e+02    3.04240e-06

           Step           Time
         160500      321.00000

   Energies (kJ/mol)
           Bond            U-B    Proper Dih.  Improper Dih.      CMAP Dih.
    1.02343e+04    5.12821e+04    4.35102e+04    7.97597e+02   -1.32160e+02
          LJ-14     Coulomb-14        LJ (SR)   Coulomb (SR)   COM Pull En.
    8.62578e+03   -2.69502e+04    2.20886e+04   -9.89124e+05    2.95935e+02
      Potential    Kinetic En.   Total Energy  Conserved En.    Temperature
   -8.79372e+05    1.92984e+05   -6.86388e+05    3.30144e+06    3.02432e+02
 Pressure (bar)   Constr. rmsd
   -9.37103e+02    2.99682e-06

           Step           Time
         161000      322.00000

   Energies (kJ/mol)
           Bond            U-B    Proper Dih.  Improper Dih.      CMAP Dih.
    1.02514e+04    5.11645e+04    4.36227e+04    7.99462e+02   -1.17295e+02
          LJ-14     Coulomb-14        LJ (SR)   Coulomb (SR)   COM Pull En.
    8.74377e+03   -2.74562e+04    2.29151e+04   -9.89803e+05    2.80821e+02
      Potential    Kinetic En.   Total Energy  Conserved En.    Temperature
   -8.79598e+05    1.93034e+05   -6.86564e+05    3.31325e+06    3.02511e+02
 Pressure (bar)   Constr. rmsd
   -7.02015e+02    3.11580e-06

           Step           Time
         161500      323.00000

   Energies (kJ/mol)
           Bond            U-B    Proper Dih.  Improper Dih.      CMAP Dih.
    1.02832e+04    5.15885e+04    4.34968e+04    8.11090e+02   -9.49006e+01
          LJ-14     Coulomb-14        LJ (SR)   Coulomb (SR)   COM Pull En.
    8.73593e+03   -2.76618e+04    2.39390e+04   -9.90905e+05    3.09076e+02
      Potential    Kinetic En.   Total Energy  Conserved En.    Temperature
   -8.79498e+05    1.92899e+05   -6.86598e+05    3.32539e+06    3.02300e+02
 Pressure (bar)   Constr. rmsd
   -1.14629e+03    3.06669e-06

           Step           Time
         162000      324.00000

   Energies (kJ/mol)
           Bond            U-B    Proper Dih.  Improper Dih.      CMAP Dih.
    1.02235e+04    5.20938e+04    4.36821e+04    7.97875e+02   -6.79003e+01
          LJ-14     Coulomb-14        LJ (SR)   Coulomb (SR)   COM Pull En.
    8.66574e+03   -2.75714e+04    2.35602e+04   -9.90444e+05    3.18932e+02
      Potential    Kinetic En.   Total Energy  Conserved En.    Temperature
   -8.78741e+05    1.92535e+05   -6.86206e+05    3.33739e+06    3.01729e+02
 Pressure (bar)   Constr. rmsd
   -6.62334e+02    3.07202e-06

           Step           Time
         162500      325.00000

   Energies (kJ/mol)
           Bond            U-B    Proper Dih.  Improper Dih.      CMAP Dih.
    1.01193e+04    5.13295e+04    4.35331e+04    8.14556e+02   -1.16024e+02
          LJ-14     Coulomb-14        LJ (SR)   Coulomb (SR)   COM Pull En.
    8.62861e+03   -2.73431e+04    2.24519e+04   -9.89295e+05    3.23609e+02
      Potential    Kinetic En.   Total Energy  Conserved En.    Temperature
   -8.79553e+05    1.92517e+05   -6.87036e+05    3.34946e+06    3.01701e+02
 Pressure (bar)   Constr. rmsd
   -1.08956e+03    3.02053e-06

           Step           Time
         163000      326.00000

   Energies (kJ/mol)
           Bond            U-B    Proper Dih.  Improper Dih.      CMAP Dih.
    1.02242e+04    5.14007e+04    4.36908e+04    7.74002e+02   -5.47775e+01
          LJ-14     Coulomb-14        LJ (SR)   Coulomb (SR)   COM Pull En.
    8.62838e+03   -2.73578e+04    2.31455e+04   -9.90953e+05    3.37714e+02
      Potential    Kinetic En.   Total Energy  Conserved En.    Temperature
   -8.80164e+05    1.93771e+05   -6.86393e+05    3.36152e+06    3.03665e+02
 Pressure (bar)   Constr. rmsd
   -1.73436e+03    2.98948e-06

           Step           Time
         163500      327.00000

   Energies (kJ/mol)
           Bond            U-B    Proper Dih.  Improper Dih.      CMAP Dih.
    1.01999e+04    5.11486e+04    4.36821e+04    8.20510e+02   -1.80751e+02
          LJ-14     Coulomb-14        LJ (SR)   Coulomb (SR)   COM Pull En.
    8.79301e+03   -2.73625e+04    2.35464e+04   -9.91499e+05    3.26710e+02
      Potential    Kinetic En.   Total Energy  Conserved En.    Temperature
   -8.80525e+05    1.92806e+05   -6.87719e+05    3.37354e+06    3.02153e+02
 Pressure (bar)   Constr. rmsd
   -9.53837e+02    2.99230e-06

           Step           Time
         164000      328.00000

   Energies (kJ/mol)
           Bond            U-B    Proper Dih.  Improper Dih.      CMAP Dih.
    1.00813e+04    5.12640e+04    4.34059e+04    8.66321e+02   -1.01786e+02
          LJ-14     Coulomb-14        LJ (SR)   Coulomb (SR)   COM Pull En.
    8.51118e+03   -2.71966e+04    2.40202e+04   -9.91682e+05    3.54448e+02
      Potential    Kinetic En.   Total Energy  Conserved En.    Temperature
   -8.80477e+05    1.94278e+05   -6.86199e+05    3.38501e+06    3.04460e+02
 Pressure (bar)   Constr. rmsd
   -1.27465e+03    3.04176e-06

           Step           Time
         164500      329.00000

   Energies (kJ/mol)
           Bond            U-B    Proper Dih.  Improper Dih.      CMAP Dih.
    1.03102e+04    5.09324e+04    4.32363e+04    8.02544e+02   -1.61747e+02
          LJ-14     Coulomb-14        LJ (SR)   Coulomb (SR)   COM Pull En.
    8.74329e+03   -2.73231e+04    2.39232e+04   -9.93172e+05    3.25330e+02
      Potential    Kinetic En.   Total Energy  Conserved En.    Temperature
   -8.82384e+05    1.93104e+05   -6.89279e+05    3.39710e+06    3.02621e+02
 Pressure (bar)   Constr. rmsd
   -1.14588e+03    2.98615e-06

           Step           Time
         165000      330.00000

   Energies (kJ/mol)
           Bond            U-B    Proper Dih.  Improper Dih.      CMAP Dih.
    1.02684e+04    5.11191e+04    4.35094e+04    7.93847e+02   -1.15570e+02
          LJ-14     Coulomb-14        LJ (SR)   Coulomb (SR)   COM Pull En.
    8.67107e+03   -2.72996e+04    2.29274e+04   -9.90370e+05    2.49688e+02
      Potential    Kinetic En.   Total Energy  Conserved En.    Temperature
   -8.80246e+05    1.92879e+05   -6.87367e+05    3.40928e+06    3.02268e+02
 Pressure (bar)   Constr. rmsd
   -1.26926e+03    3.06239e-06

           Step           Time
         165500      331.00000

   Energies (kJ/mol)
           Bond            U-B    Proper Dih.  Improper Dih.      CMAP Dih.
    1.00831e+04    5.12269e+04    4.35489e+04    7.74540e+02   -1.13793e+02
          LJ-14     Coulomb-14        LJ (SR)   Coulomb (SR)   COM Pull En.
    8.58421e+03   -2.73991e+04    2.26841e+04   -9.90931e+05    2.42530e+02
      Potential    Kinetic En.   Total Energy  Conserved En.    Temperature
   -8.81300e+05    1.93639e+05   -6.87661e+05    3.42169e+06    3.03459e+02
 Pressure (bar)   Constr. rmsd
   -1.02041e+03    3.00200e-06

           Step           Time
         166000      332.00000

   Energies (kJ/mol)
           Bond            U-B    Proper Dih.  Improper Dih.      CMAP Dih.
    1.03853e+04    5.11837e+04    4.36313e+04    8.67050e+02   -1.09671e+02
          LJ-14     Coulomb-14        LJ (SR)   Coulomb (SR)   COM Pull En.
    8.63481e+03   -2.77867e+04    2.23027e+04   -9.89856e+05    2.39845e+02
      Potential    Kinetic En.   Total Energy  Conserved En.    Temperature
   -8.80508e+05    1.92879e+05   -6.87629e+05    3.43418e+06    3.02267e+02
 Pressure (bar)   Constr. rmsd
   -1.23953e+03    3.01509e-06

           Step           Time
         166500      333.00000

   Energies (kJ/mol)
           Bond            U-B    Proper Dih.  Improper Dih.      CMAP Dih.
    1.03070e+04    5.08611e+04    4.35167e+04    7.65584e+02   -8.97631e+01
          LJ-14     Coulomb-14        LJ (SR)   Coulomb (SR)   COM Pull En.
    8.56367e+03   -2.71739e+04    2.37461e+04   -9.91780e+05    2.66813e+02
      Potential    Kinetic En.   Total Energy  Conserved En.    Temperature
   -8.81016e+05    1.92162e+05   -6.88854e+05    3.44618e+06    3.01145e+02
 Pressure (bar)   Constr. rmsd
   -8.10245e+02    3.08569e-06

           Step           Time
         167000      334.00000

   Energies (kJ/mol)
           Bond            U-B    Proper Dih.  Improper Dih.      CMAP Dih.
    1.03469e+04    5.11135e+04    4.35736e+04    8.02021e+02   -1.06094e+02
          LJ-14     Coulomb-14        LJ (SR)   Coulomb (SR)   COM Pull En.
    8.66981e+03   -2.71972e+04    2.24212e+04   -9.91313e+05    2.75016e+02
      Potential    Kinetic En.   Total Energy  Conserved En.    Temperature
   -8.81414e+05    1.92743e+05   -6.88671e+05    3.45835e+06    3.02055e+02
 Pressure (bar)   Constr. rmsd
   -1.23757e+03    3.02065e-06

           Step           Time
         167500      335.00000

   Energies (kJ/mol)
           Bond            U-B    Proper Dih.  Improper Dih.      CMAP Dih.
    1.04770e+04    5.12698e+04    4.33011e+04    7.79516e+02   -1.60545e+02
          LJ-14     Coulomb-14        LJ (SR)   Coulomb (SR)   COM Pull En.
    8.67632e+03   -2.72579e+04    2.28669e+04   -9.91241e+05    2.69979e+02
      Potential    Kinetic En.   Total Energy  Conserved En.    Temperature
   -8.81019e+05    1.92591e+05   -6.88428e+05    3.47028e+06    3.01816e+02
 Pressure (bar)   Constr. rmsd
   -1.10681e+03    3.03048e-06

           Step           Time
         168000      336.00000

   Energies (kJ/mol)
           Bond            U-B    Proper Dih.  Improper Dih.      CMAP Dih.
    1.01800e+04    5.10000e+04    4.39147e+04    7.44154e+02   -1.45440e+02
          LJ-14     Coulomb-14        LJ (SR)   Coulomb (SR)   COM Pull En.
    8.59978e+03   -2.77426e+04    2.30088e+04   -9.90747e+05    2.87506e+02
      Potential    Kinetic En.   Total Energy  Conserved En.    Temperature
   -8.80900e+05    1.91929e+05   -6.88971e+05    3.48163e+06    3.00779e+02
 Pressure (bar)   Constr. rmsd
   -4.08501e+02    3.06396e-06

           Step           Time
         168500      337.00000

   Energies (kJ/mol)
           Bond            U-B    Proper Dih.  Improper Dih.      CMAP Dih.
    1.02937e+04    5.13185e+04    4.32560e+04    8.49477e+02   -8.52771e+01
          LJ-14     Coulomb-14        LJ (SR)   Coulomb (SR)   COM Pull En.
    8.70769e+03   -2.74958e+04    2.38895e+04   -9.92160e+05    2.76237e+02
      Potential    Kinetic En.   Total Energy  Conserved En.    Temperature
   -8.81150e+05    1.92729e+05   -6.88421e+05    3.49370e+06    3.02033e+02
 Pressure (bar)   Constr. rmsd
   -1.19088e+03    3.02227e-06

           Step           Time
         169000      338.00000

   Energies (kJ/mol)
           Bond            U-B    Proper Dih.  Improper Dih.      CMAP Dih.
    1.02865e+04    5.05630e+04    4.32718e+04    8.74826e+02   -1.14040e+02
          LJ-14     Coulomb-14        LJ (SR)   Coulomb (SR)   COM Pull En.
    8.71136e+03   -2.73691e+04    2.47288e+04   -9.93672e+05    3.15829e+02
      Potential    Kinetic En.   Total Energy  Conserved En.    Temperature
   -8.82403e+05    1.92378e+05   -6.90026e+05    3.50539e+06    3.01482e+02
 Pressure (bar)   Constr. rmsd
   -1.39394e+03    3.10733e-06

           Step           Time
         169500      339.00000

   Energies (kJ/mol)
           Bond            U-B    Proper Dih.  Improper Dih.      CMAP Dih.
    1.02481e+04    5.11860e+04    4.32920e+04    8.23488e+02   -9.88623e+01
          LJ-14     Coulomb-14        LJ (SR)   Coulomb (SR)   COM Pull En.
    8.73977e+03   -2.73326e+04    2.33494e+04   -9.92966e+05    3.12378e+02
      Potential    Kinetic En.   Total Energy  Conserved En.    Temperature
   -8.82446e+05    1.92641e+05   -6.89805e+05    3.51720e+06    3.01896e+02
 Pressure (bar)   Constr. rmsd
   -8.63272e+02    3.03629e-06

           Step           Time
         170000      340.00000

   Energies (kJ/mol)
           Bond            U-B    Proper Dih.  Improper Dih.      CMAP Dih.
    1.02308e+04    5.09431e+04    4.33813e+04    7.88406e+02   -1.10166e+02
          LJ-14     Coulomb-14        LJ (SR)   Coulomb (SR)   COM Pull En.
    8.72050e+03   -2.70116e+04    2.26251e+04   -9.92203e+05    3.11631e+02
      Potential    Kinetic En.   Total Energy  Conserved En.    Temperature
   -8.82324e+05    1.92046e+05   -6.90278e+05    3.52954e+06    3.00963e+02
 Pressure (bar)   Constr. rmsd
   -1.19978e+03    3.00543e-06

           Step           Time
         170500      341.00000

   Energies (kJ/mol)
           Bond            U-B    Proper Dih.  Improper Dih.      CMAP Dih.
    1.03828e+04    5.11930e+04    4.34617e+04    8.39069e+02   -8.24652e+01
          LJ-14     Coulomb-14        LJ (SR)   Coulomb (SR)   COM Pull En.
    8.72729e+03   -2.70881e+04    2.48502e+04   -9.93952e+05    3.12887e+02
      Potential    Kinetic En.   Total Energy  Conserved En.    Temperature
   -8.81356e+05    1.93783e+05   -6.87572e+05    3.54154e+06    3.03685e+02
 Pressure (bar)   Constr. rmsd
   -5.39934e+02    3.11819e-06

           Step           Time
         171000      342.00000

   Energies (kJ/mol)
           Bond            U-B    Proper Dih.  Improper Dih.      CMAP Dih.
    1.07146e+04    5.17521e+04    4.34129e+04    8.20954e+02   -8.70806e+01
          LJ-14     Coulomb-14        LJ (SR)   Coulomb (SR)   COM Pull En.
    8.46423e+03   -2.75452e+04    2.24014e+04   -9.90559e+05    3.20334e+02
      Potential    Kinetic En.   Total Energy  Conserved En.    Temperature
   -8.80304e+05    1.93583e+05   -6.86721e+05    3.55371e+06    3.03372e+02
 Pressure (bar)   Constr. rmsd
   -1.18395e+03    3.18700e-06

           Step           Time
         171500      343.00000

   Energies (kJ/mol)
           Bond            U-B    Proper Dih.  Improper Dih.      CMAP Dih.
    1.03768e+04    5.09670e+04    4.34633e+04    8.30729e+02   -1.11602e+02
          LJ-14     Coulomb-14        LJ (SR)   Coulomb (SR)   COM Pull En.
    8.81278e+03   -2.77561e+04    2.37749e+04   -9.92464e+05    3.17318e+02
      Potential    Kinetic En.   Total Energy  Conserved En.    Temperature
   -8.81789e+05    1.91346e+05   -6.90443e+05    3.56547e+06    2.99866e+02
 Pressure (bar)   Constr. rmsd
   -8.16105e+02    3.02644e-06

           Step           Time
         172000      344.00000

   Energies (kJ/mol)
           Bond            U-B    Proper Dih.  Improper Dih.      CMAP Dih.
    1.04039e+04    5.14966e+04    4.38043e+04    8.09926e+02   -1.17825e+02
          LJ-14     Coulomb-14        LJ (SR)   Coulomb (SR)   COM Pull En.
    8.47702e+03   -2.79170e+04    2.40164e+04   -9.92409e+05    3.26457e+02
      Potential    Kinetic En.   Total Energy  Conserved En.    Temperature
   -8.81110e+05    1.91165e+05   -6.89945e+05    3.57768e+06    2.99581e+02
 Pressure (bar)   Constr. rmsd
   -5.12272e+02    3.03080e-06

           Step           Time
         172500      345.00000

   Energies (kJ/mol)
           Bond            U-B    Proper Dih.  Improper Dih.      CMAP Dih.
    1.03873e+04    5.09732e+04    4.36583e+04    8.09222e+02   -4.14410e+01
          LJ-14     Coulomb-14        LJ (SR)   Coulomb (SR)   COM Pull En.
    8.68356e+03   -2.72430e+04    2.41438e+04   -9.91664e+05    3.45983e+02
      Potential    Kinetic En.   Total Energy  Conserved En.    Temperature
   -8.79947e+05    1.93606e+05   -6.86341e+05    3.58947e+06    3.03407e+02
 Pressure (bar)   Constr. rmsd
   -7.69303e+02    3.15578e-06

           Step           Time
         173000      346.00000

   Energies (kJ/mol)
           Bond            U-B    Proper Dih.  Improper Dih.      CMAP Dih.
    1.02875e+04    5.13866e+04    4.35588e+04    8.04758e+02   -1.10381e+02
          LJ-14     Coulomb-14        LJ (SR)   Coulomb (SR)   COM Pull En.
    8.74379e+03   -2.75166e+04    2.27670e+04   -9.92194e+05    3.45308e+02
      Potential    Kinetic En.   Total Energy  Conserved En.    Temperature
   -8.81928e+05    1.93406e+05   -6.88522e+05    3.60150e+06    3.03094e+02
 Pressure (bar)   Constr. rmsd
   -1.08105e+03    3.05872e-06

           Step           Time
         173500      347.00000

   Energies (kJ/mol)
           Bond            U-B    Proper Dih.  Improper Dih.      CMAP Dih.
    1.02710e+04    5.17695e+04    4.36629e+04    7.81936e+02   -1.43130e+02
          LJ-14     Coulomb-14        LJ (SR)   Coulomb (SR)   COM Pull En.
    8.55970e+03   -2.79202e+04    2.29428e+04   -9.92036e+05    3.67696e+02
      Potential    Kinetic En.   Total Energy  Conserved En.    Temperature
   -8.81744e+05    1.93063e+05   -6.88681e+05    3.61351e+06    3.02557e+02
 Pressure (bar)   Constr. rmsd
   -1.06779e+03    2.96490e-06

           Step           Time
         174000      348.00000

   Energies (kJ/mol)
           Bond            U-B    Proper Dih.  Improper Dih.      CMAP Dih.
    1.02524e+04    5.19632e+04    4.35653e+04    8.17506e+02   -1.99848e+02
          LJ-14     Coulomb-14        LJ (SR)   Coulomb (SR)   COM Pull En.
    8.46418e+03   -2.78207e+04    2.47184e+04   -9.94134e+05    3.47956e+02
      Potential    Kinetic En.   Total Energy  Conserved En.    Temperature
   -8.82026e+05    1.92776e+05   -6.89249e+05    3.62559e+06    3.02107e+02
 Pressure (bar)   Constr. rmsd
   -7.20476e+02    3.01161e-06

           Step           Time
         174500      349.00000

   Energies (kJ/mol)
           Bond            U-B    Proper Dih.  Improper Dih.      CMAP Dih.
    1.00713e+04    5.11651e+04    4.37777e+04    7.80241e+02   -7.31027e+01
          LJ-14     Coulomb-14        LJ (SR)   Coulomb (SR)   COM Pull En.
    8.87045e+03   -2.72160e+04    2.38505e+04   -9.93700e+05    3.90207e+02
      Potential    Kinetic En.   Total Energy  Conserved En.    Temperature
   -8.82084e+05    1.91794e+05   -6.90290e+05    3.63754e+06    3.00568e+02
 Pressure (bar)   Constr. rmsd
   -9.34595e+02    3.05737e-06

           Step           Time
         175000      350.00000

   Energies (kJ/mol)
           Bond            U-B    Proper Dih.  Improper Dih.      CMAP Dih.
    1.02986e+04    5.16395e+04    4.37025e+04    7.92445e+02   -9.67924e+01
          LJ-14     Coulomb-14        LJ (SR)   Coulomb (SR)   COM Pull En.
    8.66403e+03   -2.76073e+04    2.49555e+04   -9.93827e+05    3.76520e+02
      Potential    Kinetic En.   Total Energy  Conserved En.    Temperature
   -8.81102e+05    1.93026e+05   -6.88077e+05    3.64966e+06    3.02498e+02
 Pressure (bar)   Constr. rmsd
   -8.58328e+02    3.02052e-06

           Step           Time
         175500      351.00000

   Energies (kJ/mol)
           Bond            U-B    Proper Dih.  Improper Dih.      CMAP Dih.
    1.01435e+04    5.16492e+04    4.33575e+04    8.12115e+02   -6.30050e+01
          LJ-14     Coulomb-14        LJ (SR)   Coulomb (SR)   COM Pull En.
    8.73105e+03   -2.81511e+04    2.45049e+04   -9.94173e+05    3.88520e+02
      Potential    Kinetic En.   Total Energy  Conserved En.    Temperature
   -8.82800e+05    1.94108e+05   -6.88693e+05    3.66200e+06    3.04194e+02
 Pressure (bar)   Constr. rmsd
   -9.76512e+02    3.09821e-06

           Step           Time
         176000      352.00000

   Energies (kJ/mol)
           Bond            U-B    Proper Dih.  Improper Dih.      CMAP Dih.
    1.03006e+04    5.13115e+04    4.35444e+04    7.33569e+02   -1.05009e+02
          LJ-14     Coulomb-14        LJ (SR)   Coulomb (SR)   COM Pull En.
    8.83171e+03   -2.72436e+04    2.37040e+04   -9.92541e+05    4.08843e+02
      Potential    Kinetic En.   Total Energy  Conserved En.    Temperature
   -8.81055e+05    1.92374e+05   -6.88681e+05    3.67364e+06    3.01477e+02
 Pressure (bar)   Constr. rmsd
   -1.20896e+03    3.13329e-06

           Step           Time
         176500      353.00000

   Energies (kJ/mol)
           Bond            U-B    Proper Dih.  Improper Dih.      CMAP Dih.
    1.05130e+04    5.12105e+04    4.36305e+04    7.98338e+02   -2.03976e+02
          LJ-14     Coulomb-14        LJ (SR)   Coulomb (SR)   COM Pull En.
    8.79898e+03   -2.72152e+04    2.35134e+04   -9.93458e+05    4.33879e+02
      Potential    Kinetic En.   Total Energy  Conserved En.    Temperature
   -8.81978e+05    1.91836e+05   -6.90143e+05    3.68522e+06    3.00633e+02
 Pressure (bar)   Constr. rmsd
   -1.41073e+03    3.16172e-06

Writing checkpoint, step 176700 at Tue Jun  2 13:04:25 2026


           Step           Time
         177000      354.00000

   Energies (kJ/mol)
           Bond            U-B    Proper Dih.  Improper Dih.      CMAP Dih.
    1.03433e+04    5.15671e+04    4.36585e+04    8.60297e+02   -9.82424e+01
          LJ-14     Coulomb-14        LJ (SR)   Coulomb (SR)   COM Pull En.
    8.72809e+03   -2.72927e+04    2.34872e+04   -9.92968e+05    4.28754e+02
      Potential    Kinetic En.   Total Energy  Conserved En.    Temperature
   -8.81286e+05    1.92238e+05   -6.89048e+05    3.69681e+06    3.01263e+02
 Pressure (bar)   Constr. rmsd
   -1.06669e+03    3.14771e-06

           Step           Time
         177500      355.00000

   Energies (kJ/mol)
           Bond            U-B    Proper Dih.  Improper Dih.      CMAP Dih.
    1.02763e+04    5.16711e+04    4.33304e+04    7.93027e+02   -1.19226e+02
          LJ-14     Coulomb-14        LJ (SR)   Coulomb (SR)   COM Pull En.
    8.61441e+03   -2.76902e+04    2.39254e+04   -9.93486e+05    4.40889e+02
      Potential    Kinetic En.   Total Energy  Conserved En.    Temperature
   -8.82244e+05    1.92879e+05   -6.89366e+05    3.70875e+06    3.02268e+02
 Pressure (bar)   Constr. rmsd
   -8.00369e+02    3.06861e-06

           Step           Time
         178000      356.00000

   Energies (kJ/mol)
           Bond            U-B    Proper Dih.  Improper Dih.      CMAP Dih.
    1.05038e+04    5.09863e+04    4.35207e+04    7.71297e+02   -1.74188e+02
          LJ-14     Coulomb-14        LJ (SR)   Coulomb (SR)   COM Pull En.
    8.56499e+03   -2.74372e+04    2.37708e+04   -9.94236e+05    4.50723e+02
      Potential    Kinetic En.   Total Energy  Conserved En.    Temperature
   -8.83278e+05    1.92491e+05   -6.90787e+05    3.72111e+06    3.01660e+02
 Pressure (bar)   Constr. rmsd
   -1.26776e+03    3.11586e-06

           Step           Time
         178500      357.00000

   Energies (kJ/mol)
           Bond            U-B    Proper Dih.  Improper Dih.      CMAP Dih.
    1.03554e+04    5.13378e+04    4.35844e+04    8.33062e+02   -1.18489e+02
          LJ-14     Coulomb-14        LJ (SR)   Coulomb (SR)   COM Pull En.
    8.60042e+03   -2.79421e+04    2.39948e+04   -9.94389e+05    4.32131e+02
      Potential    Kinetic En.   Total Energy  Conserved En.    Temperature
   -8.83312e+05    1.93002e+05   -6.90310e+05    3.73286e+06    3.02460e+02
 Pressure (bar)   Constr. rmsd
   -1.24646e+03    3.07640e-06

           Step           Time
         179000      358.00000

   Energies (kJ/mol)
           Bond            U-B    Proper Dih.  Improper Dih.      CMAP Dih.
    1.05782e+04    5.13810e+04    4.35207e+04    8.02147e+02   -9.59540e+01
          LJ-14     Coulomb-14        LJ (SR)   Coulomb (SR)   COM Pull En.
    8.65858e+03   -2.74592e+04    2.43433e+04   -9.95390e+05    4.48464e+02
      Potential    Kinetic En.   Total Energy  Conserved En.    Temperature
   -8.83213e+05    1.93955e+05   -6.89257e+05    3.74507e+06    3.03955e+02
 Pressure (bar)   Constr. rmsd
   -8.84153e+02    3.18745e-06

           Step           Time
         179500      359.00000

   Energies (kJ/mol)
           Bond            U-B    Proper Dih.  Improper Dih.      CMAP Dih.
    1.02683e+04    5.13349e+04    4.32876e+04    7.88224e+02   -8.60949e+01
          LJ-14     Coulomb-14        LJ (SR)   Coulomb (SR)   COM Pull En.
    8.68354e+03   -2.73303e+04    2.34871e+04   -9.93985e+05    4.61247e+02
      Potential    Kinetic En.   Total Energy  Conserved En.    Temperature
   -8.83091e+05    1.93375e+05   -6.89715e+05    3.75749e+06    3.03046e+02
 Pressure (bar)   Constr. rmsd
   -1.06487e+03    3.03895e-06

           Step           Time
         180000      360.00000

   Energies (kJ/mol)
           Bond            U-B    Proper Dih.  Improper Dih.      CMAP Dih.
    1.01404e+04    5.18390e+04    4.34266e+04    7.93659e+02   -1.17820e+02
          LJ-14     Coulomb-14        LJ (SR)   Coulomb (SR)   COM Pull En.
    8.86347e+03   -2.73737e+04    2.38384e+04   -9.95742e+05    4.71848e+02
      Potential    Kinetic En.   Total Energy  Conserved En.    Temperature
   -8.83860e+05    1.91597e+05   -6.92262e+05    3.76955e+06    3.00259e+02
 Pressure (bar)   Constr. rmsd
   -1.01824e+03    3.02564e-06

           Step           Time
         180500      361.00000

   Energies (kJ/mol)
           Bond            U-B    Proper Dih.  Improper Dih.      CMAP Dih.
    9.96336e+03    5.14161e+04    4.35309e+04    8.00444e+02   -1.23849e+02
          LJ-14     Coulomb-14        LJ (SR)   Coulomb (SR)   COM Pull En.
    8.81369e+03   -2.71724e+04    2.51360e+04   -9.96910e+05    4.82476e+02
      Potential    Kinetic En.   Total Energy  Conserved En.    Temperature
   -8.84063e+05    1.91820e+05   -6.92243e+05    3.78136e+06    3.00608e+02
 Pressure (bar)   Constr. rmsd
   -6.78874e+02    3.02577e-06

           Step           Time
         181000      362.00000

   Energies (kJ/mol)
           Bond            U-B    Proper Dih.  Improper Dih.      CMAP Dih.
    1.02533e+04    5.07245e+04    4.32954e+04    7.36333e+02   -1.70207e+02
          LJ-14     Coulomb-14        LJ (SR)   Coulomb (SR)   COM Pull En.
    8.69834e+03   -2.71379e+04    2.43516e+04   -9.95529e+05    4.89792e+02
      Potential    Kinetic En.   Total Energy  Conserved En.    Temperature
   -8.84288e+05    1.92320e+05   -6.91968e+05    3.79379e+06    3.01391e+02
 Pressure (bar)   Constr. rmsd
   -7.58491e+02    3.11576e-06

           Step           Time
         181500      363.00000

   Energies (kJ/mol)
           Bond            U-B    Proper Dih.  Improper Dih.      CMAP Dih.
    1.03331e+04    5.14404e+04    4.35165e+04    8.28234e+02   -7.32267e+01
          LJ-14     Coulomb-14        LJ (SR)   Coulomb (SR)   COM Pull En.
    8.73653e+03   -2.75347e+04    2.48428e+04   -9.94735e+05    4.88087e+02
      Potential    Kinetic En.   Total Energy  Conserved En.    Temperature
   -8.82158e+05    1.93425e+05   -6.88733e+05    3.80570e+06    3.03123e+02
 Pressure (bar)   Constr. rmsd
   -8.22167e+02    3.01896e-06

           Step           Time
         182000      364.00000

   Energies (kJ/mol)
           Bond            U-B    Proper Dih.  Improper Dih.      CMAP Dih.
    1.03817e+04    5.11268e+04    4.34017e+04    7.24793e+02   -1.06167e+02
          LJ-14     Coulomb-14        LJ (SR)   Coulomb (SR)   COM Pull En.
    8.77991e+03   -2.73092e+04    2.48715e+04   -9.94861e+05    5.02581e+02
      Potential    Kinetic En.   Total Energy  Conserved En.    Temperature
   -8.82487e+05    1.93113e+05   -6.89374e+05    3.81796e+06    3.02635e+02
 Pressure (bar)   Constr. rmsd
   -8.87275e+02    3.07419e-06

           Step           Time
         182500      365.00000

   Energies (kJ/mol)
           Bond            U-B    Proper Dih.  Improper Dih.      CMAP Dih.
    1.03686e+04    5.14490e+04    4.33462e+04    8.02558e+02   -1.38696e+02
          LJ-14     Coulomb-14        LJ (SR)   Coulomb (SR)   COM Pull En.
    8.46714e+03   -2.74758e+04    2.44454e+04   -9.94573e+05    5.01465e+02
      Potential    Kinetic En.   Total Energy  Conserved En.    Temperature
   -8.82807e+05    1.93148e+05   -6.89659e+05    3.82985e+06    3.02689e+02
 Pressure (bar)   Constr. rmsd
   -1.25659e+03    3.09591e-06

           Step           Time
         183000      366.00000

   Energies (kJ/mol)
           Bond            U-B    Proper Dih.  Improper Dih.      CMAP Dih.
    1.02893e+04    5.11619e+04    4.33921e+04    9.07937e+02   -1.42176e+02
          LJ-14     Coulomb-14        LJ (SR)   Coulomb (SR)   COM Pull En.
    8.79374e+03   -2.75532e+04    2.30272e+04   -9.92065e+05    5.15387e+02
      Potential    Kinetic En.   Total Energy  Conserved En.    Temperature
   -8.81673e+05    1.93430e+05   -6.88244e+05    3.84188e+06    3.03131e+02
 Pressure (bar)   Constr. rmsd
   -1.21994e+03    3.11266e-06

           Step           Time
         183500      367.00000

   Energies (kJ/mol)
           Bond            U-B    Proper Dih.  Improper Dih.      CMAP Dih.
    1.02949e+04    5.11384e+04    4.34184e+04    7.67155e+02   -8.13045e+01
          LJ-14     Coulomb-14        LJ (SR)   Coulomb (SR)   COM Pull En.
    8.57832e+03   -2.73658e+04    2.44025e+04   -9.92541e+05    5.28677e+02
      Potential    Kinetic En.   Total Energy  Conserved En.    Temperature
   -8.80860e+05    1.93131e+05   -6.87729e+05    3.85394e+06    3.02662e+02
 Pressure (bar)   Constr. rmsd
   -1.33705e+03    3.03074e-06

           Step           Time
         184000      368.00000

   Energies (kJ/mol)
           Bond            U-B    Proper Dih.  Improper Dih.      CMAP Dih.
    1.04933e+04    5.10582e+04    4.33324e+04    8.21935e+02   -1.78655e+02
          LJ-14     Coulomb-14        LJ (SR)   Coulomb (SR)   COM Pull En.
    8.54795e+03   -2.77786e+04    2.38088e+04   -9.93139e+05    5.18668e+02
      Potential    Kinetic En.   Total Energy  Conserved En.    Temperature
   -8.82515e+05    1.92984e+05   -6.89531e+05    3.86635e+06    3.02432e+02
 Pressure (bar)   Constr. rmsd
   -1.26773e+03    3.12112e-06

           Step           Time
         184500      369.00000

   Energies (kJ/mol)
           Bond            U-B    Proper Dih.  Improper Dih.      CMAP Dih.
    1.04678e+04    5.07946e+04    4.35740e+04    8.02886e+02   -1.08339e+02
          LJ-14     Coulomb-14        LJ (SR)   Coulomb (SR)   COM Pull En.
    8.74010e+03   -2.73798e+04    2.45453e+04   -9.93977e+05    5.49832e+02
      Potential    Kinetic En.   Total Energy  Conserved En.    Temperature
   -8.81990e+05    1.94414e+05   -6.87576e+05    3.87860e+06    3.04674e+02
 Pressure (bar)   Constr. rmsd
   -1.14993e+03    3.11392e-06

           Step           Time
         185000      370.00000

   Energies (kJ/mol)
           Bond            U-B    Proper Dih.  Improper Dih.      CMAP Dih.
    1.02883e+04    5.14475e+04    4.33678e+04    8.24406e+02   -7.89007e+01
          LJ-14     Coulomb-14        LJ (SR)   Coulomb (SR)   COM Pull En.
    8.62801e+03   -2.72643e+04    2.35514e+04   -9.92604e+05    5.75525e+02
      Potential    Kinetic En.   Total Energy  Conserved En.    Temperature
   -8.81264e+05    1.91580e+05   -6.89684e+05    3.89114e+06    3.00233e+02
 Pressure (bar)   Constr. rmsd
   -1.06583e+03    3.04347e-06

           Step           Time
         185500      371.00000

   Energies (kJ/mol)
           Bond            U-B    Proper Dih.  Improper Dih.      CMAP Dih.
    1.01729e+04    5.08135e+04    4.35243e+04    7.97392e+02   -1.31003e+02
          LJ-14     Coulomb-14        LJ (SR)   Coulomb (SR)   COM Pull En.
    8.69347e+03   -2.74712e+04    2.45035e+04   -9.94390e+05    5.55017e+02
      Potential    Kinetic En.   Total Energy  Conserved En.    Temperature
   -8.82932e+05    1.93581e+05   -6.89351e+05    3.90385e+06    3.03368e+02
 Pressure (bar)   Constr. rmsd
   -7.14699e+02    3.10984e-06

           Step           Time
         186000      372.00000

   Energies (kJ/mol)
           Bond            U-B    Proper Dih.  Improper Dih.      CMAP Dih.
    1.03814e+04    5.10158e+04    4.34653e+04    8.56274e+02   -7.51780e+01
          LJ-14     Coulomb-14        LJ (SR)   Coulomb (SR)   COM Pull En.
    8.63001e+03   -2.76391e+04    2.41568e+04   -9.92659e+05    5.67944e+02
      Potential    Kinetic En.   Total Energy  Conserved En.    Temperature
   -8.81300e+05    1.92845e+05   -6.88455e+05    3.91625e+06    3.02215e+02
 Pressure (bar)   Constr. rmsd
   -1.17990e+03    2.98803e-06

           Step           Time
         186500      373.00000

   Energies (kJ/mol)
           Bond            U-B    Proper Dih.  Improper Dih.      CMAP Dih.
    1.03629e+04    5.13869e+04    4.35128e+04    7.86808e+02   -1.59817e+02
          LJ-14     Coulomb-14        LJ (SR)   Coulomb (SR)   COM Pull En.
    8.51650e+03   -2.73795e+04    2.42460e+04   -9.92883e+05    5.94716e+02
      Potential    Kinetic En.   Total Energy  Conserved En.    Temperature
   -8.81016e+05    1.92714e+05   -6.88301e+05    3.92853e+06    3.02010e+02
 Pressure (bar)   Constr. rmsd
   -1.01587e+03    2.94194e-06

           Step           Time
         187000      374.00000

   Energies (kJ/mol)
           Bond            U-B    Proper Dih.  Improper Dih.      CMAP Dih.
    1.04529e+04    5.11400e+04    4.32952e+04    7.45503e+02   -6.47978e+01
          LJ-14     Coulomb-14        LJ (SR)   Coulomb (SR)   COM Pull En.
    8.70740e+03   -2.74800e+04    2.34673e+04   -9.93625e+05    6.03808e+02
      Potential    Kinetic En.   Total Energy  Conserved En.    Temperature
   -8.82758e+05    1.92991e+05   -6.89767e+05    3.94077e+06    3.02443e+02
 Pressure (bar)   Constr. rmsd
   -7.98496e+02    2.98980e-06

           Step           Time
         187500      375.00000

   Energies (kJ/mol)
           Bond            U-B    Proper Dih.  Improper Dih.      CMAP Dih.
    1.03328e+04    5.10577e+04    4.35473e+04    8.81875e+02   -1.02850e+02
          LJ-14     Coulomb-14        LJ (SR)   Coulomb (SR)   COM Pull En.
    8.54122e+03   -2.71543e+04    2.50373e+04   -9.95348e+05    6.04079e+02
      Potential    Kinetic En.   Total Energy  Conserved En.    Temperature
   -8.82603e+05    1.93657e+05   -6.88947e+05    3.95267e+06    3.03487e+02
 Pressure (bar)   Constr. rmsd
   -1.11712e+03    3.11783e-06

           Step           Time
         188000      376.00000

   Energies (kJ/mol)
           Bond            U-B    Proper Dih.  Improper Dih.      CMAP Dih.
    1.01934e+04    5.09607e+04    4.33538e+04    8.55225e+02   -8.37650e+01
          LJ-14     Coulomb-14        LJ (SR)   Coulomb (SR)   COM Pull En.
    8.54101e+03   -2.72929e+04    2.40062e+04   -9.93947e+05    6.00896e+02
      Potential    Kinetic En.   Total Energy  Conserved En.    Temperature
   -8.82813e+05    1.93010e+05   -6.89803e+05    3.96478e+06    3.02473e+02
 Pressure (bar)   Constr. rmsd
   -1.44028e+03    3.12187e-06

Writing checkpoint, step 188260 at Tue Jun  2 13:19:25 2026


           Step           Time
         188500      377.00000

   Energies (kJ/mol)
           Bond            U-B    Proper Dih.  Improper Dih.      CMAP Dih.
    1.03090e+04    5.07468e+04    4.35779e+04    8.68052e+02   -9.31936e+01
          LJ-14     Coulomb-14        LJ (SR)   Coulomb (SR)   COM Pull En.
    8.69660e+03   -2.75236e+04    2.35685e+04   -9.94245e+05    6.21237e+02
      Potential    Kinetic En.   Total Energy  Conserved En.    Temperature
   -8.83473e+05    1.93179e+05   -6.90294e+05    3.97680e+06    3.02739e+02
 Pressure (bar)   Constr. rmsd
   -1.11552e+03    2.99675e-06

           Step           Time
         189000      378.00000

   Energies (kJ/mol)
           Bond            U-B    Proper Dih.  Improper Dih.      CMAP Dih.
    9.91690e+03    5.11439e+04    4.34160e+04    7.78881e+02   -1.21714e+02
          LJ-14     Coulomb-14        LJ (SR)   Coulomb (SR)   COM Pull En.
    8.74274e+03   -2.73017e+04    2.42240e+04   -9.94016e+05    6.36388e+02
      Potential    Kinetic En.   Total Energy  Conserved En.    Temperature
   -8.82581e+05    1.92115e+05   -6.90465e+05    3.98900e+06    3.01071e+02
 Pressure (bar)   Constr. rmsd
   -1.32853e+03    3.01703e-06

           Step           Time
         189500      379.00000

   Energies (kJ/mol)
           Bond            U-B    Proper Dih.  Improper Dih.      CMAP Dih.
    1.05126e+04    5.14441e+04    4.34435e+04    7.46983e+02   -1.62416e+02
          LJ-14     Coulomb-14        LJ (SR)   Coulomb (SR)   COM Pull En.
    8.74809e+03   -2.78539e+04    2.37779e+04   -9.92602e+05    6.08907e+02
      Potential    Kinetic En.   Total Energy  Conserved En.    Temperature
   -8.81336e+05    1.92734e+05   -6.88602e+05    4.00121e+06    3.02041e+02
 Pressure (bar)   Constr. rmsd
   -1.37743e+03    3.12598e-06

           Step           Time
         190000      380.00000

   Energies (kJ/mol)
           Bond            U-B    Proper Dih.  Improper Dih.      CMAP Dih.
    1.03407e+04    5.14331e+04    4.34690e+04    8.89181e+02   -1.05390e+02
          LJ-14     Coulomb-14        LJ (SR)   Coulomb (SR)   COM Pull En.
    8.81792e+03   -2.75359e+04    2.46567e+04   -9.94399e+05    6.13390e+02
      Potential    Kinetic En.   Total Energy  Conserved En.    Temperature
   -8.81820e+05    1.92992e+05   -6.88829e+05    4.01303e+06    3.02445e+02
 Pressure (bar)   Constr. rmsd
   -1.00165e+03    3.16728e-06

           Step           Time
         190500      381.00000

   Energies (kJ/mol)
           Bond            U-B    Proper Dih.  Improper Dih.      CMAP Dih.
    1.01920e+04    5.14778e+04    4.32660e+04    7.95731e+02   -1.03128e+02
          LJ-14     Coulomb-14        LJ (SR)   Coulomb (SR)   COM Pull En.
    8.86900e+03   -2.76650e+04    2.43511e+04   -9.94797e+05    6.44568e+02
      Potential    Kinetic En.   Total Energy  Conserved En.    Temperature
   -8.82969e+05    1.90939e+05   -6.92030e+05    4.02492e+06    2.99228e+02
 Pressure (bar)   Constr. rmsd
   -1.21680e+03    3.00591e-06

           Step           Time
         191000      382.00000

   Energies (kJ/mol)
           Bond            U-B    Proper Dih.  Improper Dih.      CMAP Dih.
    1.02534e+04    5.16651e+04    4.34728e+04    8.26752e+02   -1.09198e+02
          LJ-14     Coulomb-14        LJ (SR)   Coulomb (SR)   COM Pull En.
    8.74162e+03   -2.78576e+04    2.37600e+04   -9.92763e+05    6.38459e+02
      Potential    Kinetic En.   Total Energy  Conserved En.    Temperature
   -8.81372e+05    1.93648e+05   -6.87724e+05    4.03660e+06    3.03473e+02
 Pressure (bar)   Constr. rmsd
   -1.11905e+03    3.09256e-06

           Step           Time
         191500      383.00000

   Energies (kJ/mol)
           Bond            U-B    Proper Dih.  Improper Dih.      CMAP Dih.
    1.00834e+04    5.15181e+04    4.33852e+04    8.26684e+02   -1.18980e+02
          LJ-14     Coulomb-14        LJ (SR)   Coulomb (SR)   COM Pull En.
    8.73482e+03   -2.70088e+04    2.38303e+04   -9.93143e+05    6.43339e+02
      Potential    Kinetic En.   Total Energy  Conserved En.    Temperature
   -8.81249e+05    1.93110e+05   -6.88139e+05    4.04866e+06    3.02629e+02
 Pressure (bar)   Constr. rmsd
   -6.75320e+02    3.03275e-06

           Step           Time
         192000      384.00000

   Energies (kJ/mol)
           Bond            U-B    Proper Dih.  Improper Dih.      CMAP Dih.
    1.05774e+04    5.14642e+04    4.34382e+04    7.87886e+02   -8.29679e+01
          LJ-14     Coulomb-14        LJ (SR)   Coulomb (SR)   COM Pull En.
    8.71533e+03   -2.74626e+04    2.41586e+04   -9.93992e+05    6.42518e+02
      Potential    Kinetic En.   Total Energy  Conserved En.    Temperature
   -8.81753e+05    1.93461e+05   -6.88292e+05    4.06029e+06    3.03180e+02
 Pressure (bar)   Constr. rmsd
   -1.35924e+03    3.06315e-06

           Step           Time
         192500      385.00000

   Energies (kJ/mol)
           Bond            U-B    Proper Dih.  Improper Dih.      CMAP Dih.
    1.04622e+04    5.19938e+04    4.34063e+04    8.23749e+02   -8.83221e+01
          LJ-14     Coulomb-14        LJ (SR)   Coulomb (SR)   COM Pull En.
    8.50787e+03   -2.74775e+04    2.45328e+04   -9.93781e+05    6.71647e+02
      Potential    Kinetic En.   Total Energy  Conserved En.    Temperature
   -8.80948e+05    1.93037e+05   -6.87911e+05    4.07224e+06    3.02515e+02
 Pressure (bar)   Constr. rmsd
   -6.45280e+02    2.91171e-06

           Step           Time
         193000      386.00000

   Energies (kJ/mol)
           Bond            U-B    Proper Dih.  Improper Dih.      CMAP Dih.
    1.03639e+04    5.13524e+04    4.35649e+04    7.82180e+02   -1.56531e+02
          LJ-14     Coulomb-14        LJ (SR)   Coulomb (SR)   COM Pull En.
    8.70292e+03   -2.71951e+04    2.28439e+04   -9.94126e+05    6.53597e+02
      Potential    Kinetic En.   Total Energy  Conserved En.    Temperature
   -8.83214e+05    1.92884e+05   -6.90330e+05    4.08449e+06    3.02276e+02
 Pressure (bar)   Constr. rmsd
   -1.03534e+03    3.02733e-06

           Step           Time
         193500      387.00000

   Energies (kJ/mol)
           Bond            U-B    Proper Dih.  Improper Dih.      CMAP Dih.
    1.01585e+04    5.07271e+04    4.35401e+04    8.04090e+02   -1.03812e+02
          LJ-14     Coulomb-14        LJ (SR)   Coulomb (SR)   COM Pull En.
    8.92766e+03   -2.75365e+04    2.37382e+04   -9.93239e+05    6.75287e+02
      Potential    Kinetic En.   Total Energy  Conserved En.    Temperature
   -8.82309e+05    1.92961e+05   -6.89347e+05    4.09717e+06    3.02397e+02
 Pressure (bar)   Constr. rmsd
   -7.14500e+02    2.94522e-06

           Step           Time
         194000      388.00000

   Energies (kJ/mol)
           Bond            U-B    Proper Dih.  Improper Dih.      CMAP Dih.
    1.06624e+04    5.12873e+04    4.37046e+04    7.91548e+02   -1.12487e+02
          LJ-14     Coulomb-14        LJ (SR)   Coulomb (SR)   COM Pull En.
    8.69307e+03   -2.78562e+04    2.35274e+04   -9.93372e+05    6.87207e+02
      Potential    Kinetic En.   Total Energy  Conserved En.    Temperature
   -8.81988e+05    1.93015e+05   -6.88973e+05    4.10922e+06    3.02481e+02
 Pressure (bar)   Constr. rmsd
   -1.09276e+03    3.12854e-06

           Step           Time
         194500      389.00000

   Energies (kJ/mol)
           Bond            U-B    Proper Dih.  Improper Dih.      CMAP Dih.
    1.02439e+04    5.13754e+04    4.35019e+04    7.98645e+02   -7.84089e+01
          LJ-14     Coulomb-14        LJ (SR)   Coulomb (SR)   COM Pull En.
    8.71214e+03   -2.71821e+04    2.30516e+04   -9.93276e+05    6.81747e+02
      Potential    Kinetic En.   Total Energy  Conserved En.    Temperature
   -8.82171e+05    1.92267e+05   -6.89904e+05    4.12083e+06    3.01309e+02
 Pressure (bar)   Constr. rmsd
   -1.02602e+03    3.03011e-06

           Step           Time
         195000      390.00000

   Energies (kJ/mol)
           Bond            U-B    Proper Dih.  Improper Dih.      CMAP Dih.
    1.03109e+04    5.10470e+04    4.36242e+04    7.70292e+02   -2.64957e+01
          LJ-14     Coulomb-14        LJ (SR)   Coulomb (SR)   COM Pull En.
    8.87417e+03   -2.72388e+04    2.31507e+04   -9.93622e+05    6.85659e+02
      Potential    Kinetic En.   Total Energy  Conserved En.    Temperature
   -8.82424e+05    1.93727e+05   -6.88698e+05    4.13268e+06    3.03596e+02
 Pressure (bar)   Constr. rmsd
   -1.12182e+03    3.05171e-06

           Step           Time
         195500      391.00000

   Energies (kJ/mol)
           Bond            U-B    Proper Dih.  Improper Dih.      CMAP Dih.
    1.04348e+04    5.14998e+04    4.34261e+04    8.54611e+02   -1.24010e+02
          LJ-14     Coulomb-14        LJ (SR)   Coulomb (SR)   COM Pull En.
    8.77979e+03   -2.76348e+04    2.26542e+04   -9.92498e+05    6.87026e+02
      Potential    Kinetic En.   Total Energy  Conserved En.    Temperature
   -8.81921e+05    1.93693e+05   -6.88228e+05    4.14479e+06    3.03543e+02
 Pressure (bar)   Constr. rmsd
   -1.26483e+03    2.99247e-06

           Step           Time
         196000      392.00000

   Energies (kJ/mol)
           Bond            U-B    Proper Dih.  Improper Dih.      CMAP Dih.
    1.04255e+04    5.16560e+04    4.34756e+04    7.92445e+02   -3.49425e+01
          LJ-14     Coulomb-14        LJ (SR)   Coulomb (SR)   COM Pull En.
    8.72507e+03   -2.76436e+04    2.40517e+04   -9.92853e+05    6.25960e+02
      Potential    Kinetic En.   Total Energy  Conserved En.    Temperature
   -8.80779e+05    1.92884e+05   -6.87895e+05    4.15689e+06    3.02276e+02
 Pressure (bar)   Constr. rmsd
   -1.07449e+03    3.05870e-06

           Step           Time
         196500      393.00000

   Energies (kJ/mol)
           Bond            U-B    Proper Dih.  Improper Dih.      CMAP Dih.
    1.03597e+04    5.13725e+04    4.36123e+04    8.41014e+02   -1.03239e+02
          LJ-14     Coulomb-14        LJ (SR)   Coulomb (SR)   COM Pull En.
    8.69824e+03   -2.73937e+04    2.29364e+04   -9.94022e+05    5.00425e+02
      Potential    Kinetic En.   Total Energy  Conserved En.    Temperature
   -8.83198e+05    1.92658e+05   -6.90540e+05    4.16905e+06    3.01922e+02
 Pressure (bar)   Constr. rmsd
   -1.01989e+03    3.00153e-06

           Step           Time
         197000      394.00000

   Energies (kJ/mol)
           Bond            U-B    Proper Dih.  Improper Dih.      CMAP Dih.
    1.03442e+04    5.10836e+04    4.34211e+04    7.51132e+02   -1.18075e+02
          LJ-14     Coulomb-14        LJ (SR)   Coulomb (SR)   COM Pull En.
    8.75984e+03   -2.73378e+04    2.50223e+04   -9.95752e+05    5.40917e+02
      Potential    Kinetic En.   Total Energy  Conserved En.    Temperature
   -8.83285e+05    1.93334e+05   -6.89951e+05    4.18098e+06    3.02982e+02
 Pressure (bar)   Constr. rmsd
   -9.94735e+02    3.03505e-06

           Step           Time
         197500      395.00000

   Energies (kJ/mol)
           Bond            U-B    Proper Dih.  Improper Dih.      CMAP Dih.
    1.02317e+04    5.14447e+04    4.35330e+04    8.12610e+02   -6.89673e+01
          LJ-14     Coulomb-14        LJ (SR)   Coulomb (SR)   COM Pull En.
    8.73893e+03   -2.74555e+04    2.39788e+04   -9.95402e+05    5.24558e+02
      Potential    Kinetic En.   Total Energy  Conserved En.    Temperature
   -8.83662e+05    1.92743e+05   -6.90919e+05    4.19323e+06    3.02055e+02
 Pressure (bar)   Constr. rmsd
   -1.08632e+03    3.02847e-06

           Step           Time
         198000      396.00000

   Energies (kJ/mol)
           Bond            U-B    Proper Dih.  Improper Dih.      CMAP Dih.
    1.00776e+04    5.16354e+04    4.37204e+04    7.99043e+02   -1.49607e+02
          LJ-14     Coulomb-14        LJ (SR)   Coulomb (SR)   COM Pull En.
    8.64918e+03   -2.79074e+04    2.51180e+04   -9.95898e+05    5.15379e+02
      Potential    Kinetic En.   Total Energy  Conserved En.    Temperature
   -8.83440e+05    1.93030e+05   -6.90410e+05    4.20508e+06    3.02504e+02
 Pressure (bar)   Constr. rmsd
   -6.40538e+02    3.02619e-06

           Step           Time
         198500      397.00000

   Energies (kJ/mol)
           Bond            U-B    Proper Dih.  Improper Dih.      CMAP Dih.
    1.03887e+04    5.19293e+04    4.35283e+04    8.36434e+02   -1.09220e+02
          LJ-14     Coulomb-14        LJ (SR)   Coulomb (SR)   COM Pull En.
    8.66852e+03   -2.78823e+04    2.33851e+04   -9.93314e+05    4.89494e+02
      Potential    Kinetic En.   Total Energy  Conserved En.    Temperature
   -8.82079e+05    1.91465e+05   -6.90614e+05    4.21736e+06    3.00052e+02
 Pressure (bar)   Constr. rmsd
   -1.13619e+03    3.03331e-06

           Step           Time
         199000      398.00000

   Energies (kJ/mol)
           Bond            U-B    Proper Dih.  Improper Dih.      CMAP Dih.
    1.01934e+04    5.16529e+04    4.35393e+04    8.22818e+02   -1.17425e+02
          LJ-14     Coulomb-14        LJ (SR)   Coulomb (SR)   COM Pull En.
    8.79946e+03   -2.77813e+04    2.38792e+04   -9.93864e+05    5.33758e+02
      Potential    Kinetic En.   Total Energy  Conserved En.    Temperature
   -8.82341e+05    1.93660e+05   -6.88681e+05    4.22914e+06    3.03493e+02
 Pressure (bar)   Constr. rmsd
   -1.03918e+03    3.09511e-06

           Step           Time
         199500      399.00000

   Energies (kJ/mol)
           Bond            U-B    Proper Dih.  Improper Dih.      CMAP Dih.
    1.02862e+04    5.08602e+04    4.35846e+04    8.05939e+02   -1.01707e+02
          LJ-14     Coulomb-14        LJ (SR)   Coulomb (SR)   COM Pull En.
    8.75460e+03   -2.73889e+04    2.41707e+04   -9.94642e+05    5.41150e+02
      Potential    Kinetic En.   Total Energy  Conserved En.    Temperature
   -8.83130e+05    1.92158e+05   -6.90971e+05    4.24149e+06    3.01139e+02
 Pressure (bar)   Constr. rmsd
   -1.21457e+03    3.06846e-06

           Step           Time
         200000      400.00000

   Energies (kJ/mol)
           Bond            U-B    Proper Dih.  Improper Dih.      CMAP Dih.
    1.03543e+04    5.13711e+04    4.34225e+04    8.25960e+02   -8.56660e+01
          LJ-14     Coulomb-14        LJ (SR)   Coulomb (SR)   COM Pull En.
    8.82935e+03   -2.75913e+04    2.34714e+04   -9.93624e+05    5.23251e+02
      Potential    Kinetic En.   Total Energy  Conserved En.    Temperature
   -8.82503e+05    1.94673e+05   -6.87830e+05    4.25341e+06    3.05080e+02
 Pressure (bar)   Constr. rmsd
   -7.35219e+02    3.04196e-06

           Step           Time
         200500      401.00000

   Energies (kJ/mol)
           Bond            U-B    Proper Dih.  Improper Dih.      CMAP Dih.
    1.03708e+04    5.15125e+04    4.35822e+04    8.92330e+02   -1.01273e+02
          LJ-14     Coulomb-14        LJ (SR)   Coulomb (SR)   COM Pull En.
    8.79648e+03   -2.75946e+04    2.34415e+04   -9.92981e+05    5.22328e+02
      Potential    Kinetic En.   Total Energy  Conserved En.    Temperature
   -8.81559e+05    1.92809e+05   -6.88749e+05    4.26556e+06    3.02159e+02
 Pressure (bar)   Constr. rmsd
   -6.54515e+02    3.05174e-06

           Step           Time
         201000      402.00000

   Energies (kJ/mol)
           Bond            U-B    Proper Dih.  Improper Dih.      CMAP Dih.
    1.01363e+04    5.14098e+04    4.34687e+04    7.55404e+02   -6.39396e+01
          LJ-14     Coulomb-14        LJ (SR)   Coulomb (SR)   COM Pull En.
    8.66091e+03   -2.78183e+04    2.37105e+04   -9.94514e+05    5.23177e+02
      Potential    Kinetic En.   Total Energy  Conserved En.    Temperature
   -8.83732e+05    1.92698e+05   -6.91034e+05    4.27742e+06    3.01985e+02
 Pressure (bar)   Constr. rmsd
   -7.45376e+02    3.10284e-06

           Step           Time
         201500      403.00000

   Energies (kJ/mol)
           Bond            U-B    Proper Dih.  Improper Dih.      CMAP Dih.
    1.05320e+04    5.17218e+04    4.33657e+04    8.75877e+02   -8.94519e+01
          LJ-14     Coulomb-14        LJ (SR)   Coulomb (SR)   COM Pull En.
    8.71585e+03   -2.81960e+04    2.37482e+04   -9.93801e+05    5.39990e+02
      Potential    Kinetic En.   Total Energy  Conserved En.    Temperature
   -8.82587e+05    1.91848e+05   -6.90739e+05    4.28936e+06    3.00652e+02
 Pressure (bar)   Constr. rmsd
   -1.14129e+03    3.07194e-06

           Step           Time
         202000      404.00000

   Energies (kJ/mol)
           Bond            U-B    Proper Dih.  Improper Dih.      CMAP Dih.
    1.03607e+04    5.08269e+04    4.34291e+04    7.12338e+02   -1.06107e+02
          LJ-14     Coulomb-14        LJ (SR)   Coulomb (SR)   COM Pull En.
    8.89527e+03   -2.76734e+04    2.42512e+04   -9.96408e+05    5.51963e+02
      Potential    Kinetic En.   Total Energy  Conserved En.    Temperature
   -8.85160e+05    1.92576e+05   -6.92584e+05    4.30105e+06    3.01794e+02
 Pressure (bar)   Constr. rmsd
   -1.17277e+03    2.96542e-06

           Step           Time
         202500      405.00000

   Energies (kJ/mol)
           Bond            U-B    Proper Dih.  Improper Dih.      CMAP Dih.
    1.03173e+04    5.11339e+04    4.34109e+04    7.71693e+02   -9.99398e+01
          LJ-14     Coulomb-14        LJ (SR)   Coulomb (SR)   COM Pull En.
    8.66160e+03   -2.75064e+04    2.43912e+04   -9.97018e+05    5.16825e+02
      Potential    Kinetic En.   Total Energy  Conserved En.    Temperature
   -8.85421e+05    1.93929e+05   -6.91493e+05    4.31346e+06    3.03913e+02
 Pressure (bar)   Constr. rmsd
   -1.22384e+03    3.09995e-06

           Step           Time
         203000      406.00000

   Energies (kJ/mol)
           Bond            U-B    Proper Dih.  Improper Dih.      CMAP Dih.
    1.02341e+04    5.17428e+04    4.32595e+04    8.37706e+02   -1.21472e+02
          LJ-14     Coulomb-14        LJ (SR)   Coulomb (SR)   COM Pull En.
    8.77591e+03   -2.73702e+04    2.38005e+04   -9.95001e+05    5.38884e+02
      Potential    Kinetic En.   Total Energy  Conserved En.    Temperature
   -8.83304e+05    1.92744e+05   -6.90560e+05    4.32560e+06    3.02056e+02
 Pressure (bar)   Constr. rmsd
   -5.97607e+02    3.04536e-06

           Step           Time
         203500      407.00000

   Energies (kJ/mol)
           Bond            U-B    Proper Dih.  Improper Dih.      CMAP Dih.
    1.03340e+04    5.14726e+04    4.37215e+04    7.91097e+02   -9.13392e+01
          LJ-14     Coulomb-14        LJ (SR)   Coulomb (SR)   COM Pull En.
    8.68253e+03   -2.77249e+04    2.37686e+04   -9.94773e+05    5.52045e+02
      Potential    Kinetic En.   Total Energy  Conserved En.    Temperature
   -8.83267e+05    1.92238e+05   -6.91029e+05    4.33747e+06    3.01264e+02
 Pressure (bar)   Constr. rmsd
   -1.22626e+03    3.06846e-06

           Step           Time
         204000      408.00000

   Energies (kJ/mol)
           Bond            U-B    Proper Dih.  Improper Dih.      CMAP Dih.
    1.02047e+04    5.13809e+04    4.35065e+04    7.93087e+02   -7.41052e+01
          LJ-14     Coulomb-14        LJ (SR)   Coulomb (SR)   COM Pull En.
    8.70052e+03   -2.73496e+04    2.40644e+04   -9.95802e+05    5.67068e+02
      Potential    Kinetic En.   Total Energy  Conserved En.    Temperature
   -8.84009e+05    1.92459e+05   -6.91550e+05    4.34979e+06    3.01610e+02
 Pressure (bar)   Constr. rmsd
   -4.22240e+02    3.09124e-06

           Step           Time
         204500      409.00000

   Energies (kJ/mol)
           Bond            U-B    Proper Dih.  Improper Dih.      CMAP Dih.
    1.02165e+04    5.12526e+04    4.34991e+04    8.08726e+02   -8.00667e+01
          LJ-14     Coulomb-14        LJ (SR)   Coulomb (SR)   COM Pull En.
    8.58858e+03   -2.73288e+04    2.39792e+04   -9.95943e+05    5.50619e+02
      Potential    Kinetic En.   Total Energy  Conserved En.    Temperature
   -8.84457e+05    1.92725e+05   -6.91731e+05    4.36168e+06    3.02027e+02
 Pressure (bar)   Constr. rmsd
   -1.05900e+03    3.12120e-06

           Step           Time
         205000      410.00000

   Energies (kJ/mol)
           Bond            U-B    Proper Dih.  Improper Dih.      CMAP Dih.
    1.03251e+04    5.18208e+04    4.33654e+04    8.07566e+02   -4.77759e+01
          LJ-14     Coulomb-14        LJ (SR)   Coulomb (SR)   COM Pull En.
    8.56704e+03   -2.78976e+04    2.42241e+04   -9.94644e+05    5.81910e+02
      Potential    Kinetic En.   Total Energy  Conserved En.    Temperature
   -8.82898e+05    1.92893e+05   -6.90004e+05    4.37319e+06    3.02291e+02
 Pressure (bar)   Constr. rmsd
   -6.72681e+02    3.00777e-06

           Step           Time
         205500      411.00000

   Energies (kJ/mol)
           Bond            U-B    Proper Dih.  Improper Dih.      CMAP Dih.
    1.02500e+04    5.14405e+04    4.34999e+04    8.70995e+02   -9.53256e+01
          LJ-14     Coulomb-14        LJ (SR)   Coulomb (SR)   COM Pull En.
    8.66059e+03   -2.76079e+04    2.42490e+04   -9.96173e+05    5.73935e+02
      Potential    Kinetic En.   Total Energy  Conserved En.    Temperature
   -8.84331e+05    1.91688e+05   -6.92643e+05    4.38534e+06    3.00402e+02
 Pressure (bar)   Constr. rmsd
   -7.86137e+02    3.20815e-06

           Step           Time
         206000      412.00000

   Energies (kJ/mol)
           Bond            U-B    Proper Dih.  Improper Dih.      CMAP Dih.
    1.04190e+04    5.13603e+04    4.35457e+04    8.44479e+02   -1.45753e+02
          LJ-14     Coulomb-14        LJ (SR)   Coulomb (SR)   COM Pull En.
    8.67723e+03   -2.79787e+04    2.39093e+04   -9.94965e+05    5.69877e+02
      Potential    Kinetic En.   Total Energy  Conserved En.    Temperature
   -8.83764e+05    1.93714e+05   -6.90049e+05    4.39765e+06    3.03577e+02
 Pressure (bar)   Constr. rmsd
   -1.29629e+03    3.24891e-06

           Step           Time
         206500      413.00000

   Energies (kJ/mol)
           Bond            U-B    Proper Dih.  Improper Dih.      CMAP Dih.
    1.03823e+04    5.17273e+04    4.35486e+04    7.93984e+02   -1.05025e+02
          LJ-14     Coulomb-14        LJ (SR)   Coulomb (SR)   COM Pull En.
    8.66414e+03   -2.75353e+04    2.44204e+04   -9.95263e+05    5.78502e+02
      Potential    Kinetic En.   Total Energy  Conserved En.    Temperature
   -8.82788e+05    1.92812e+05   -6.89977e+05    4.40959e+06    3.02162e+02
 Pressure (bar)   Constr. rmsd
   -1.02973e+03    3.12810e-06

           Step           Time
         207000      414.00000

   Energies (kJ/mol)
           Bond            U-B    Proper Dih.  Improper Dih.      CMAP Dih.
    1.02469e+04    5.18370e+04    4.33785e+04    8.38291e+02   -1.16024e+02
          LJ-14     Coulomb-14        LJ (SR)   Coulomb (SR)   COM Pull En.
    8.77947e+03   -2.76750e+04    2.31082e+04   -9.94196e+05    6.09925e+02
      Potential    Kinetic En.   Total Energy  Conserved En.    Temperature
   -8.83189e+05    1.93386e+05   -6.89802e+05    4.42200e+06    3.03063e+02
 Pressure (bar)   Constr. rmsd
   -1.02067e+03    3.15595e-06

           Step           Time
         207500      415.00000

   Energies (kJ/mol)
           Bond            U-B    Proper Dih.  Improper Dih.      CMAP Dih.
    1.04850e+04    5.19037e+04    4.33715e+04    8.30923e+02   -1.22289e+02
          LJ-14     Coulomb-14        LJ (SR)   Coulomb (SR)   COM Pull En.
    8.66324e+03   -2.78588e+04    2.49283e+04   -9.95276e+05    5.83523e+02
      Potential    Kinetic En.   Total Energy  Conserved En.    Temperature
   -8.82491e+05    1.91460e+05   -6.91032e+05    4.43421e+06    3.00044e+02
 Pressure (bar)   Constr. rmsd
   -1.07163e+03    3.07243e-06

           Step           Time
         208000      416.00000

   Energies (kJ/mol)
           Bond            U-B    Proper Dih.  Improper Dih.      CMAP Dih.
    1.04601e+04    5.17553e+04    4.34145e+04    7.63920e+02   -1.38010e+02
          LJ-14     Coulomb-14        LJ (SR)   Coulomb (SR)   COM Pull En.
    8.65138e+03   -2.78513e+04    2.45736e+04   -9.95085e+05    6.28787e+02
      Potential    Kinetic En.   Total Energy  Conserved En.    Temperature
   -8.82827e+05    1.93534e+05   -6.89293e+05    4.44621e+06    3.03295e+02
 Pressure (bar)   Constr. rmsd
   -7.50759e+02    3.04968e-06

           Step           Time
         208500      417.00000

   Energies (kJ/mol)
           Bond            U-B    Proper Dih.  Improper Dih.      CMAP Dih.
    1.03061e+04    5.20478e+04    4.36741e+04    8.48860e+02   -1.21422e+02
          LJ-14     Coulomb-14        LJ (SR)   Coulomb (SR)   COM Pull En.
    8.71364e+03   -2.78798e+04    2.45703e+04   -9.95923e+05    6.04764e+02
      Potential    Kinetic En.   Total Energy  Conserved En.    Temperature
   -8.83159e+05    1.92532e+05   -6.90627e+05    4.45835e+06    3.01724e+02
 Pressure (bar)   Constr. rmsd
   -7.68937e+02    3.06891e-06

           Step           Time
         209000      418.00000

   Energies (kJ/mol)
           Bond            U-B    Proper Dih.  Improper Dih.      CMAP Dih.
    1.04899e+04    5.14135e+04    4.33889e+04    7.86404e+02   -8.90641e+01
          LJ-14     Coulomb-14        LJ (SR)   Coulomb (SR)   COM Pull En.
    8.86521e+03   -2.75877e+04    2.42088e+04   -9.95559e+05    6.61117e+02
      Potential    Kinetic En.   Total Energy  Conserved En.    Temperature
   -8.83422e+05    1.91814e+05   -6.91608e+05    4.47022e+06    3.00599e+02
 Pressure (bar)   Constr. rmsd
   -1.19990e+03    3.00582e-06

           Step           Time
         209500      419.00000

   Energies (kJ/mol)
           Bond            U-B    Proper Dih.  Improper Dih.      CMAP Dih.
    1.03413e+04    5.17274e+04    4.34835e+04    8.18172e+02   -1.30889e+02
          LJ-14     Coulomb-14        LJ (SR)   Coulomb (SR)   COM Pull En.
    8.80552e+03   -2.77000e+04    2.35279e+04   -9.94615e+05    6.31730e+02
      Potential    Kinetic En.   Total Energy  Conserved En.    Temperature
   -8.83110e+05    1.93964e+05   -6.89147e+05    4.48181e+06    3.03968e+02
 Pressure (bar)   Constr. rmsd
   -1.04436e+03    2.97666e-06

           Step           Time
         210000      420.00000

   Energies (kJ/mol)
           Bond            U-B    Proper Dih.  Improper Dih.      CMAP Dih.
    1.03497e+04    5.11053e+04    4.33329e+04    7.93374e+02   -1.53615e+02
          LJ-14     Coulomb-14        LJ (SR)   Coulomb (SR)   COM Pull En.
    8.85978e+03   -2.72450e+04    2.51833e+04   -9.95886e+05    6.05851e+02
      Potential    Kinetic En.   Total Energy  Conserved En.    Temperature
   -8.83054e+05    1.93186e+05   -6.89868e+05    4.49400e+06    3.02749e+02
 Pressure (bar)   Constr. rmsd
   -5.85442e+02    3.05790e-06

           Step           Time
         210500      421.00000

   Energies (kJ/mol)
           Bond            U-B    Proper Dih.  Improper Dih.      CMAP Dih.
    1.04042e+04    5.15718e+04    4.37995e+04    7.98147e+02   -9.61593e+01
          LJ-14     Coulomb-14        LJ (SR)   Coulomb (SR)   COM Pull En.
    8.77193e+03   -2.77004e+04    2.52232e+04   -9.97741e+05    6.53083e+02
      Potential    Kinetic En.   Total Energy  Conserved En.    Temperature
   -8.84316e+05    1.93316e+05   -6.91000e+05    4.50602e+06    3.02953e+02
 Pressure (bar)   Constr. rmsd
   -1.02029e+03    3.01243e-06

           Step           Time
         211000      422.00000

   Energies (kJ/mol)
           Bond            U-B    Proper Dih.  Improper Dih.      CMAP Dih.
    1.04783e+04    5.17105e+04    4.33757e+04    7.42561e+02   -1.54943e+02
          LJ-14     Coulomb-14        LJ (SR)   Coulomb (SR)   COM Pull En.
    8.50197e+03   -2.77405e+04    2.53444e+04   -9.96363e+05    6.61865e+02
      Potential    Kinetic En.   Total Energy  Conserved En.    Temperature
   -8.83443e+05    1.94094e+05   -6.89349e+05    4.51819e+06    3.04172e+02
 Pressure (bar)   Constr. rmsd
   -8.41556e+02    3.01413e-06

           Step           Time
         211500      423.00000

   Energies (kJ/mol)
           Bond            U-B    Proper Dih.  Improper Dih.      CMAP Dih.
    1.03607e+04    5.11879e+04    4.35163e+04    8.15010e+02   -1.02319e+02
          LJ-14     Coulomb-14        LJ (SR)   Coulomb (SR)   COM Pull En.
    8.69278e+03   -2.76120e+04    2.46172e+04   -9.94590e+05    6.93515e+02
      Potential    Kinetic En.   Total Energy  Conserved En.    Temperature
   -8.82421e+05    1.92542e+05   -6.89879e+05    4.53093e+06    3.01740e+02
 Pressure (bar)   Constr. rmsd
   -7.76510e+02    3.07003e-06

           Step           Time
         212000      424.00000

   Energies (kJ/mol)
           Bond            U-B    Proper Dih.  Improper Dih.      CMAP Dih.
    1.04070e+04    5.12942e+04    4.35034e+04    7.95530e+02   -1.09668e+02
          LJ-14     Coulomb-14        LJ (SR)   Coulomb (SR)   COM Pull En.
    8.81651e+03   -2.77304e+04    2.37653e+04   -9.95372e+05    6.93556e+02
      Potential    Kinetic En.   Total Energy  Conserved En.    Temperature
   -8.83937e+05    1.93372e+05   -6.90565e+05    4.54310e+06    3.03040e+02
 Pressure (bar)   Constr. rmsd
   -6.20581e+02    3.15281e-06

           Step           Time
         212500      425.00000

   Energies (kJ/mol)
           Bond            U-B    Proper Dih.  Improper Dih.      CMAP Dih.
    1.01295e+04    5.10694e+04    4.36292e+04    7.67456e+02   -1.15651e+02
          LJ-14     Coulomb-14        LJ (SR)   Coulomb (SR)   COM Pull En.
    8.70818e+03   -2.78293e+04    2.55354e+04   -9.95559e+05    6.88794e+02
      Potential    Kinetic En.   Total Energy  Conserved En.    Temperature
   -8.82976e+05    1.91819e+05   -6.91156e+05    4.55472e+06    3.00607e+02
 Pressure (bar)   Constr. rmsd
   -5.41162e+02    3.07259e-06

           Step           Time
         213000      426.00000

   Energies (kJ/mol)
           Bond            U-B    Proper Dih.  Improper Dih.      CMAP Dih.
    1.03095e+04    5.15450e+04    4.35106e+04    8.48582e+02   -1.02030e+02
          LJ-14     Coulomb-14        LJ (SR)   Coulomb (SR)   COM Pull En.
    8.67734e+03   -2.75929e+04    2.55551e+04   -9.96896e+05    7.11113e+02
      Potential    Kinetic En.   Total Energy  Conserved En.    Temperature
   -8.83434e+05    1.91731e+05   -6.91702e+05    4.56678e+06    3.00470e+02
 Pressure (bar)   Constr. rmsd
   -1.15062e+03    2.99434e-06

Writing checkpoint, step 213240 at Tue Jun  2 13:34:25 2026


           Step           Time
         213500      427.00000

   Energies (kJ/mol)
           Bond            U-B    Proper Dih.  Improper Dih.      CMAP Dih.
    1.03211e+04    5.15771e+04    4.36308e+04    8.01705e+02   -8.48647e+01
          LJ-14     Coulomb-14        LJ (SR)   Coulomb (SR)   COM Pull En.
    8.91754e+03   -2.74940e+04    2.55294e+04   -9.95730e+05    6.99935e+02
      Potential    Kinetic En.   Total Energy  Conserved En.    Temperature
   -8.81831e+05    1.92860e+05   -6.88971e+05    4.57795e+06    3.02238e+02
 Pressure (bar)   Constr. rmsd
   -6.18355e+02    3.05410e-06

           Step           Time
         214000      428.00000

   Energies (kJ/mol)
           Bond            U-B    Proper Dih.  Improper Dih.      CMAP Dih.
    1.03978e+04    5.13685e+04    4.35375e+04    7.38908e+02   -1.18536e+02
          LJ-14     Coulomb-14        LJ (SR)   Coulomb (SR)   COM Pull En.
    8.66852e+03   -2.78379e+04    2.49926e+04   -9.95077e+05    7.13049e+02
      Potential    Kinetic En.   Total Energy  Conserved En.    Temperature
   -8.82616e+05    1.92117e+05   -6.90499e+05    4.59005e+06    3.01074e+02
 Pressure (bar)   Constr. rmsd
   -1.03827e+03    3.11440e-06

           Step           Time
         214500      429.00000

   Energies (kJ/mol)
           Bond            U-B    Proper Dih.  Improper Dih.      CMAP Dih.
    1.04369e+04    5.12944e+04    4.35321e+04    7.80472e+02   -1.53944e+02
          LJ-14     Coulomb-14        LJ (SR)   Coulomb (SR)   COM Pull En.
    8.64403e+03   -2.74798e+04    2.50714e+04   -9.95298e+05    7.31626e+02
      Potential    Kinetic En.   Total Energy  Conserved En.    Temperature
   -8.82441e+05    1.91950e+05   -6.90491e+05    4.60183e+06    3.00812e+02
 Pressure (bar)   Constr. rmsd
   -1.23366e+03    3.08936e-06

           Step           Time
         215000      430.00000

   Energies (kJ/mol)
           Bond            U-B    Proper Dih.  Improper Dih.      CMAP Dih.
    1.05085e+04    5.12508e+04    4.36860e+04    7.34543e+02   -1.57803e+02
          LJ-14     Coulomb-14        LJ (SR)   Coulomb (SR)   COM Pull En.
    8.79076e+03   -2.76342e+04    2.54722e+04   -9.95807e+05    7.59669e+02
      Potential    Kinetic En.   Total Energy  Conserved En.    Temperature
   -8.82397e+05    1.93117e+05   -6.89280e+05    4.61419e+06    3.02641e+02
 Pressure (bar)   Constr. rmsd
   -7.82200e+02    3.05645e-06

           Step           Time
         215500      431.00000

   Energies (kJ/mol)
           Bond            U-B    Proper Dih.  Improper Dih.      CMAP Dih.
    1.02820e+04    5.15419e+04    4.38279e+04    8.34795e+02   -1.03449e+02
          LJ-14     Coulomb-14        LJ (SR)   Coulomb (SR)   COM Pull En.
    8.79841e+03   -2.76719e+04    2.44379e+04   -9.96346e+05    7.38454e+02
      Potential    Kinetic En.   Total Energy  Conserved En.    Temperature
   -8.83660e+05    1.92753e+05   -6.90906e+05    4.62653e+06    3.02071e+02
 Pressure (bar)   Constr. rmsd
   -8.31691e+02    3.00823e-06

           Step           Time
         216000      432.00000

   Energies (kJ/mol)
           Bond            U-B    Proper Dih.  Improper Dih.      CMAP Dih.
    1.05180e+04    5.17688e+04    4.36455e+04    8.33031e+02   -1.03544e+02
          LJ-14     Coulomb-14        LJ (SR)   Coulomb (SR)   COM Pull En.
    8.72535e+03   -2.77906e+04    2.39599e+04   -9.94661e+05    7.88085e+02
      Potential    Kinetic En.   Total Energy  Conserved En.    Temperature
   -8.82316e+05    1.92643e+05   -6.89674e+05    4.63846e+06    3.01898e+02
 Pressure (bar)   Constr. rmsd
   -1.20193e+03    3.11894e-06

           Step           Time
         216500      433.00000

   Energies (kJ/mol)
           Bond            U-B    Proper Dih.  Improper Dih.      CMAP Dih.
    1.03641e+04    5.14767e+04    4.36583e+04    7.98200e+02   -1.94585e+02
          LJ-14     Coulomb-14        LJ (SR)   Coulomb (SR)   COM Pull En.
    8.70756e+03   -2.69897e+04    2.52040e+04   -9.96982e+05    7.77776e+02
      Potential    Kinetic En.   Total Energy  Conserved En.    Temperature
   -8.83180e+05    1.92376e+05   -6.90803e+05    4.65072e+06    3.01480e+02
 Pressure (bar)   Constr. rmsd
   -7.29104e+02    3.00656e-06

           Step           Time
         217000      434.00000

   Energies (kJ/mol)
           Bond            U-B    Proper Dih.  Improper Dih.      CMAP Dih.
    1.01340e+04    5.13501e+04    4.33168e+04    8.13406e+02   -1.38698e+02
          LJ-14     Coulomb-14        LJ (SR)   Coulomb (SR)   COM Pull En.
    8.75697e+03   -2.77680e+04    2.34501e+04   -9.94229e+05    7.86033e+02
      Potential    Kinetic En.   Total Energy  Conserved En.    Temperature
   -8.83528e+05    1.92671e+05   -6.90858e+05    4.66307e+06    3.01942e+02
 Pressure (bar)   Constr. rmsd
   -8.95301e+02    3.09761e-06

           Step           Time
         217500      435.00000

   Energies (kJ/mol)
           Bond            U-B    Proper Dih.  Improper Dih.      CMAP Dih.
    1.02700e+04    5.14868e+04    4.40285e+04    8.27138e+02   -1.33778e+02
          LJ-14     Coulomb-14        LJ (SR)   Coulomb (SR)   COM Pull En.
    8.83339e+03   -2.76242e+04    2.46010e+04   -9.94528e+05    7.81902e+02
      Potential    Kinetic En.   Total Energy  Conserved En.    Temperature
   -8.81457e+05    1.93659e+05   -6.87798e+05    4.67535e+06    3.03490e+02
 Pressure (bar)   Constr. rmsd
   -4.80534e+02    2.99719e-06

           Step           Time
         218000      436.00000

   Energies (kJ/mol)
           Bond            U-B    Proper Dih.  Improper Dih.      CMAP Dih.
    1.03325e+04    5.08172e+04    4.36236e+04    7.87521e+02   -7.02135e+01
          LJ-14     Coulomb-14        LJ (SR)   Coulomb (SR)   COM Pull En.
    8.74542e+03   -2.75651e+04    2.40864e+04   -9.95627e+05    7.94475e+02
      Potential    Kinetic En.   Total Energy  Conserved En.    Temperature
   -8.84075e+05    1.92766e+05   -6.91309e+05    4.68727e+06    3.02091e+02
 Pressure (bar)   Constr. rmsd
   -1.16904e+03    3.03459e-06

           Step           Time
         218500      437.00000

   Energies (kJ/mol)
           Bond            U-B    Proper Dih.  Improper Dih.      CMAP Dih.
    1.03930e+04    5.13435e+04    4.37397e+04    8.00108e+02   -7.34331e+01
          LJ-14     Coulomb-14        LJ (SR)   Coulomb (SR)   COM Pull En.
    8.76104e+03   -2.75355e+04    2.50185e+04   -9.94726e+05    8.39925e+02
      Potential    Kinetic En.   Total Energy  Conserved En.    Temperature
   -8.81439e+05    1.92291e+05   -6.89148e+05    4.69937e+06    3.01346e+02
 Pressure (bar)   Constr. rmsd
   -8.49507e+02    3.10048e-06

           Step           Time
         219000      438.00000

   Energies (kJ/mol)
           Bond            U-B    Proper Dih.  Improper Dih.      CMAP Dih.
    1.03236e+04    5.14491e+04    4.36414e+04    8.87290e+02   -1.44617e+02
          LJ-14     Coulomb-14        LJ (SR)   Coulomb (SR)   COM Pull En.
    8.78712e+03   -2.76520e+04    2.39226e+04   -9.94095e+05    8.75940e+02
      Potential    Kinetic En.   Total Energy  Conserved En.    Temperature
   -8.82004e+05    1.91695e+05   -6.90309e+05    4.71196e+06    3.00413e+02
 Pressure (bar)   Constr. rmsd
   -1.22679e+03    3.11058e-06

           Step           Time
         219500      439.00000

   Energies (kJ/mol)
           Bond            U-B    Proper Dih.  Improper Dih.      CMAP Dih.
    1.05349e+04    5.15386e+04    4.33857e+04    8.12950e+02   -1.33892e+02
          LJ-14     Coulomb-14        LJ (SR)   Coulomb (SR)   COM Pull En.
    8.81451e+03   -2.77403e+04    2.57641e+04   -9.95872e+05    8.36977e+02
      Potential    Kinetic En.   Total Energy  Conserved En.    Temperature
   -8.82058e+05    1.92925e+05   -6.89133e+05    4.72417e+06    3.02340e+02
 Pressure (bar)   Constr. rmsd
   -2.83655e+02    3.13319e-06

           Step           Time
         220000      440.00000

   Energies (kJ/mol)
           Bond            U-B    Proper Dih.  Improper Dih.      CMAP Dih.
    1.02371e+04    5.21986e+04    4.36479e+04    8.95780e+02   -1.42792e+02
          LJ-14     Coulomb-14        LJ (SR)   Coulomb (SR)   COM Pull En.
    8.76261e+03   -2.79322e+04    2.49373e+04   -9.94718e+05    8.61982e+02
      Potential    Kinetic En.   Total Energy  Conserved En.    Temperature
   -8.81252e+05    1.92662e+05   -6.88590e+05    4.73618e+06    3.01927e+02
 Pressure (bar)   Constr. rmsd
   -1.06698e+03    3.04793e-06

           Step           Time
         220500      441.00000

   Energies (kJ/mol)
           Bond            U-B    Proper Dih.  Improper Dih.      CMAP Dih.
    1.03284e+04    5.12954e+04    4.37148e+04    8.33842e+02   -1.14811e+02
          LJ-14     Coulomb-14        LJ (SR)   Coulomb (SR)   COM Pull En.
    8.83953e+03   -2.77489e+04    2.46490e+04   -9.96514e+05    8.87172e+02
      Potential    Kinetic En.   Total Energy  Conserved En.    Temperature
   -8.83830e+05    1.91918e+05   -6.91911e+05    4.74825e+06    3.00762e+02
 Pressure (bar)   Constr. rmsd
   -9.53749e+02    3.05976e-06

           Step           Time
         221000      442.00000

   Energies (kJ/mol)
           Bond            U-B    Proper Dih.  Improper Dih.      CMAP Dih.
    1.04951e+04    5.11188e+04    4.37350e+04    8.49018e+02   -1.22232e+02
          LJ-14     Coulomb-14        LJ (SR)   Coulomb (SR)   COM Pull En.
    8.48935e+03   -2.74044e+04    2.52049e+04   -9.95687e+05    9.00894e+02
      Potential    Kinetic En.   Total Energy  Conserved En.    Temperature
   -8.82421e+05    1.92248e+05   -6.90172e+05    4.75973e+06    3.01280e+02
 Pressure (bar)   Constr. rmsd
   -1.17285e+03    3.01845e-06

           Step           Time
         221500      443.00000

   Energies (kJ/mol)
           Bond            U-B    Proper Dih.  Improper Dih.      CMAP Dih.
    1.05668e+04    5.12593e+04    4.37559e+04    8.38443e+02   -7.28462e+01
          LJ-14     Coulomb-14        LJ (SR)   Coulomb (SR)   COM Pull En.
    8.56864e+03   -2.72758e+04    2.62067e+04   -9.97456e+05    8.96862e+02
      Potential    Kinetic En.   Total Energy  Conserved En.    Temperature
   -8.82712e+05    1.92911e+05   -6.89800e+05    4.77186e+06    3.02319e+02
 Pressure (bar)   Constr. rmsd
   -7.02686e+02    3.11845e-06

           Step           Time
         222000      444.00000

   Energies (kJ/mol)
           Bond            U-B    Proper Dih.  Improper Dih.      CMAP Dih.
    1.04744e+04    5.17325e+04    4.36961e+04    8.47833e+02   -5.70266e+01
          LJ-14     Coulomb-14        LJ (SR)   Coulomb (SR)   COM Pull En.
    8.51587e+03   -2.76661e+04    2.43041e+04   -9.94725e+05    8.95885e+02
      Potential    Kinetic En.   Total Energy  Conserved En.    Temperature
   -8.81982e+05    1.92057e+05   -6.89924e+05    4.78360e+06    3.00980e+02
 Pressure (bar)   Constr. rmsd
   -1.28395e+03    3.11619e-06

           Step           Time
         222500      445.00000

   Energies (kJ/mol)
           Bond            U-B    Proper Dih.  Improper Dih.      CMAP Dih.
    1.03131e+04    5.12705e+04    4.37550e+04    8.27803e+02   -1.49152e+02
          LJ-14     Coulomb-14        LJ (SR)   Coulomb (SR)   COM Pull En.
    8.54708e+03   -2.78688e+04    2.46104e+04   -9.95900e+05    8.73087e+02
      Potential    Kinetic En.   Total Energy  Conserved En.    Temperature
   -8.83721e+05    1.92810e+05   -6.90911e+05    4.79539e+06    3.02159e+02
 Pressure (bar)   Constr. rmsd
   -1.43049e+03    3.00765e-06

           Step           Time
         223000      446.00000

   Energies (kJ/mol)
           Bond            U-B    Proper Dih.  Improper Dih.      CMAP Dih.
    1.03768e+04    5.14976e+04    4.34424e+04    8.35099e+02   -1.19876e+02
          LJ-14     Coulomb-14        LJ (SR)   Coulomb (SR)   COM Pull En.
    8.63066e+03   -2.77139e+04    2.39311e+04   -9.95081e+05    8.87230e+02
      Potential    Kinetic En.   Total Energy  Conserved En.    Temperature
   -8.83314e+05    1.92965e+05   -6.90349e+05    4.80746e+06    3.02403e+02
 Pressure (bar)   Constr. rmsd
   -1.01466e+03    3.10060e-06

           Step           Time
         223500      447.00000

   Energies (kJ/mol)
           Bond            U-B    Proper Dih.  Improper Dih.      CMAP Dih.
    1.02861e+04    5.15361e+04    4.33521e+04    8.03911e+02   -1.11489e+02
          LJ-14     Coulomb-14        LJ (SR)   Coulomb (SR)   COM Pull En.
    8.79237e+03   -2.73767e+04    2.40185e+04   -9.93516e+05    9.35156e+02
      Potential    Kinetic En.   Total Energy  Conserved En.    Temperature
   -8.81280e+05    1.92141e+05   -6.89139e+05    4.81965e+06    3.01111e+02
 Pressure (bar)   Constr. rmsd
   -7.14100e+02    3.03787e-06

           Step           Time
         224000      448.00000

   Energies (kJ/mol)
           Bond            U-B    Proper Dih.  Improper Dih.      CMAP Dih.
    1.01573e+04    5.14897e+04    4.36894e+04    8.40581e+02   -8.25651e+01
          LJ-14     Coulomb-14        LJ (SR)   Coulomb (SR)   COM Pull En.
    8.79190e+03   -2.75798e+04    2.41155e+04   -9.94957e+05    9.21269e+02
      Potential    Kinetic En.   Total Energy  Conserved En.    Temperature
   -8.82614e+05    1.93070e+05   -6.89544e+05    4.83131e+06    3.02567e+02
 Pressure (bar)   Constr. rmsd
   -7.09441e+02    3.03388e-06

           Step           Time
         224500      449.00000

   Energies (kJ/mol)
           Bond            U-B    Proper Dih.  Improper Dih.      CMAP Dih.
    1.03098e+04    5.07162e+04    4.35775e+04    7.41630e+02   -8.82582e+01
          LJ-14     Coulomb-14        LJ (SR)   Coulomb (SR)   COM Pull En.
    8.56456e+03   -2.76528e+04    2.53123e+04   -9.96130e+05    9.59666e+02
      Potential    Kinetic En.   Total Energy  Conserved En.    Temperature
   -8.83690e+05    1.93238e+05   -6.90452e+05    4.84371e+06    3.02831e+02
 Pressure (bar)   Constr. rmsd
   -1.16419e+03    3.14513e-06

           Step           Time
         225000      450.00000

   Energies (kJ/mol)
           Bond            U-B    Proper Dih.  Improper Dih.      CMAP Dih.
    1.01497e+04    5.09151e+04    4.37089e+04    7.50843e+02   -1.23024e+02
          LJ-14     Coulomb-14        LJ (SR)   Coulomb (SR)   COM Pull En.
    8.63581e+03   -2.74175e+04    2.47526e+04   -9.95883e+05    9.27319e+02
      Potential    Kinetic En.   Total Energy  Conserved En.    Temperature
   -8.83584e+05    1.91630e+05   -6.91954e+05    4.85588e+06    3.00311e+02
 Pressure (bar)   Constr. rmsd
   -6.10567e+02    3.02858e-06

           Step           Time
         225500      451.00000

   Energies (kJ/mol)
           Bond            U-B    Proper Dih.  Improper Dih.      CMAP Dih.
    1.03442e+04    5.15241e+04    4.34301e+04    7.93121e+02   -1.14228e+02
          LJ-14     Coulomb-14        LJ (SR)   Coulomb (SR)   COM Pull En.
    8.58355e+03   -2.75704e+04    2.38584e+04   -9.95312e+05    9.66536e+02
      Potential    Kinetic En.   Total Energy  Conserved En.    Temperature
   -8.83497e+05    1.92756e+05   -6.90740e+05    4.86840e+06    3.02076e+02
 Pressure (bar)   Constr. rmsd
   -1.08103e+03    3.05073e-06

           Step           Time
         226000      452.00000

   Energies (kJ/mol)
           Bond            U-B    Proper Dih.  Improper Dih.      CMAP Dih.
    1.04066e+04    5.17778e+04    4.37084e+04    7.85345e+02   -1.59647e+02
          LJ-14     Coulomb-14        LJ (SR)   Coulomb (SR)   COM Pull En.
    8.69828e+03   -2.78123e+04    2.35008e+04   -9.94563e+05    9.98111e+02
      Potential    Kinetic En.   Total Energy  Conserved En.    Temperature
   -8.82660e+05    1.94657e+05   -6.88003e+05    4.88049e+06    3.05055e+02
 Pressure (bar)   Constr. rmsd
   -8.92735e+02    3.14134e-06

           Step           Time
         226500      453.00000

   Energies (kJ/mol)
           Bond            U-B    Proper Dih.  Improper Dih.      CMAP Dih.
    1.05204e+04    5.15998e+04    4.34413e+04    8.05289e+02   -1.24658e+02
          LJ-14     Coulomb-14        LJ (SR)   Coulomb (SR)   COM Pull En.
    8.61188e+03   -2.76131e+04    2.34172e+04   -9.92395e+05    9.96077e+02
      Potential    Kinetic En.   Total Energy  Conserved En.    Temperature
   -8.80740e+05    1.92603e+05   -6.88138e+05    4.89304e+06    3.01835e+02
 Pressure (bar)   Constr. rmsd
   -8.85213e+02    2.94885e-06

           Step           Time
         227000      454.00000

   Energies (kJ/mol)
           Bond            U-B    Proper Dih.  Improper Dih.      CMAP Dih.
    1.04584e+04    5.08827e+04    4.34761e+04    7.50913e+02   -1.21082e+02
          LJ-14     Coulomb-14        LJ (SR)   Coulomb (SR)   COM Pull En.
    8.59875e+03   -2.72184e+04    2.33774e+04   -9.93912e+05    1.03076e+03
      Potential    Kinetic En.   Total Energy  Conserved En.    Temperature
   -8.82677e+05    1.92354e+05   -6.90323e+05    4.90498e+06    3.01445e+02
 Pressure (bar)   Constr. rmsd
   -1.35391e+03    3.08588e-06

           Step           Time
         227500      455.00000

   Energies (kJ/mol)
           Bond            U-B    Proper Dih.  Improper Dih.      CMAP Dih.
    1.02866e+04    5.09972e+04    4.36307e+04    7.64245e+02   -1.54992e+02
          LJ-14     Coulomb-14        LJ (SR)   Coulomb (SR)   COM Pull En.
    8.70814e+03   -2.74064e+04    2.38990e+04   -9.94907e+05    1.02944e+03
      Potential    Kinetic En.   Total Energy  Conserved En.    Temperature
   -8.83153e+05    1.93020e+05   -6.90133e+05    4.91649e+06    3.02489e+02
 Pressure (bar)   Constr. rmsd
   -6.93990e+02    3.05205e-06

           Step           Time
         228000      456.00000

   Energies (kJ/mol)
           Bond            U-B    Proper Dih.  Improper Dih.      CMAP Dih.
    1.03906e+04    5.09462e+04    4.36822e+04    7.56215e+02   -1.84564e+02
          LJ-14     Coulomb-14        LJ (SR)   Coulomb (SR)   COM Pull En.
    8.72660e+03   -2.70466e+04    2.34720e+04   -9.92895e+05    1.00028e+03
      Potential    Kinetic En.   Total Energy  Conserved En.    Temperature
   -8.81152e+05    1.92759e+05   -6.88394e+05    4.92831e+06    3.02080e+02
 Pressure (bar)   Constr. rmsd
   -1.05552e+03    3.07044e-06

           Step           Time
         228500      457.00000

   Energies (kJ/mol)
           Bond            U-B    Proper Dih.  Improper Dih.      CMAP Dih.
    1.07410e+04    5.11785e+04    4.36858e+04    8.32137e+02   -1.64195e+02
          LJ-14     Coulomb-14        LJ (SR)   Coulomb (SR)   COM Pull En.
    8.71650e+03   -2.78842e+04    2.37383e+04   -9.93150e+05    1.03577e+03
      Potential    Kinetic En.   Total Energy  Conserved En.    Temperature
   -8.81270e+05    1.93678e+05   -6.87592e+05    4.94056e+06    3.03521e+02
 Pressure (bar)   Constr. rmsd
   -1.27162e+03    3.11088e-06

           Step           Time
         229000      458.00000

   Energies (kJ/mol)
           Bond            U-B    Proper Dih.  Improper Dih.      CMAP Dih.
    1.04374e+04    5.13353e+04    4.35687e+04    7.80618e+02   -1.44504e+02
          LJ-14     Coulomb-14        LJ (SR)   Coulomb (SR)   COM Pull En.
    8.60509e+03   -2.78207e+04    2.32427e+04   -9.93673e+05    1.04919e+03
      Potential    Kinetic En.   Total Energy  Conserved En.    Temperature
   -8.82619e+05    1.92545e+05   -6.90074e+05    4.95300e+06    3.01744e+02
 Pressure (bar)   Constr. rmsd
   -8.94956e+02    3.08847e-06

           Step           Time
         229500      459.00000

   Energies (kJ/mol)
           Bond            U-B    Proper Dih.  Improper Dih.      CMAP Dih.
    1.03712e+04    5.06315e+04    4.35075e+04    7.93941e+02   -8.76677e+01
          LJ-14     Coulomb-14        LJ (SR)   Coulomb (SR)   COM Pull En.
    9.01579e+03   -2.74904e+04    2.32269e+04   -9.93636e+05    1.07637e+03
      Potential    Kinetic En.   Total Energy  Conserved En.    Temperature
   -8.82591e+05    1.92936e+05   -6.89655e+05    4.96495e+06    3.02357e+02
 Pressure (bar)   Constr. rmsd
   -1.43461e+03    3.07628e-06

           Step           Time
         230000      460.00000

   Energies (kJ/mol)
           Bond            U-B    Proper Dih.  Improper Dih.      CMAP Dih.
    1.03381e+04    5.08277e+04    4.38868e+04    8.17069e+02   -1.63635e+02
          LJ-14     Coulomb-14        LJ (SR)   Coulomb (SR)   COM Pull En.
    8.76415e+03   -2.80284e+04    2.31296e+04   -9.93124e+05    1.07346e+03
      Potential    Kinetic En.   Total Energy  Conserved En.    Temperature
   -8.82479e+05    1.93616e+05   -6.88863e+05    4.97677e+06    3.03424e+02
 Pressure (bar)   Constr. rmsd
   -1.08111e+03    3.01339e-06

           Step           Time
         230500      461.00000

   Energies (kJ/mol)
           Bond            U-B    Proper Dih.  Improper Dih.      CMAP Dih.
    1.02832e+04    5.14173e+04    4.36340e+04    7.82009e+02   -1.27265e+02
          LJ-14     Coulomb-14        LJ (SR)   Coulomb (SR)   COM Pull En.
    8.73345e+03   -2.78825e+04    2.29023e+04   -9.92525e+05    1.07244e+03
      Potential    Kinetic En.   Total Energy  Conserved En.    Temperature
   -8.81710e+05    1.90902e+05   -6.90808e+05    4.98882e+06    2.99170e+02
 Pressure (bar)   Constr. rmsd
   -1.11032e+03    3.01618e-06

           Step           Time
         231000      462.00000

   Energies (kJ/mol)
           Bond            U-B    Proper Dih.  Improper Dih.      CMAP Dih.
    1.05608e+04    5.13242e+04    4.35217e+04    8.39241e+02   -1.33128e+02
          LJ-14     Coulomb-14        LJ (SR)   Coulomb (SR)   COM Pull En.
    8.72984e+03   -2.73969e+04    2.54502e+04   -9.95362e+05    1.09768e+03
      Potential    Kinetic En.   Total Energy  Conserved En.    Temperature
   -8.81368e+05    1.93456e+05   -6.87912e+05    5.00078e+06    3.03172e+02
 Pressure (bar)   Constr. rmsd
   -8.45869e+02    3.06899e-06

           Step           Time
         231500      463.00000

   Energies (kJ/mol)
           Bond            U-B    Proper Dih.  Improper Dih.      CMAP Dih.
    1.02880e+04    5.11130e+04    4.33110e+04    8.25421e+02   -6.92696e+01
          LJ-14     Coulomb-14        LJ (SR)   Coulomb (SR)   COM Pull En.
    8.88362e+03   -2.74732e+04    2.35754e+04   -9.93863e+05    1.07397e+03
      Potential    Kinetic En.   Total Energy  Conserved En.    Temperature
   -8.82335e+05    1.92092e+05   -6.90243e+05    5.01271e+06    3.01034e+02
 Pressure (bar)   Constr. rmsd
   -7.18075e+02    3.07873e-06

Writing checkpoint, step 231660 at Tue Jun  2 13:49:25 2026


           Step           Time
         232000      464.00000

   Energies (kJ/mol)
           Bond            U-B    Proper Dih.  Improper Dih.      CMAP Dih.
    1.04224e+04    5.20978e+04    4.34641e+04    7.86456e+02   -1.65463e+01
          LJ-14     Coulomb-14        LJ (SR)   Coulomb (SR)   COM Pull En.
    8.59666e+03   -2.77157e+04    2.36522e+04   -9.93777e+05    1.09475e+03
      Potential    Kinetic En.   Total Energy  Conserved En.    Temperature
   -8.81395e+05    1.93008e+05   -6.88387e+05    5.02463e+06    3.02470e+02
 Pressure (bar)   Constr. rmsd
   -1.15100e+03    3.03359e-06

           Step           Time
         232500      465.00000

   Energies (kJ/mol)
           Bond            U-B    Proper Dih.  Improper Dih.      CMAP Dih.
    1.01242e+04    5.07798e+04    4.33811e+04    7.84516e+02   -4.48092e+01
          LJ-14     Coulomb-14        LJ (SR)   Coulomb (SR)   COM Pull En.
    8.60014e+03   -2.73664e+04    2.39534e+04   -9.94520e+05    1.08909e+03
      Potential    Kinetic En.   Total Energy  Conserved En.    Temperature
   -8.83219e+05    1.93331e+05   -6.89888e+05    5.03667e+06    3.02976e+02
 Pressure (bar)   Constr. rmsd
   -9.59149e+02    2.97043e-06

           Step           Time
         233000      466.00000

   Energies (kJ/mol)
           Bond            U-B    Proper Dih.  Improper Dih.      CMAP Dih.
    1.04338e+04    5.16955e+04    4.34940e+04    7.84055e+02   -6.21013e+01
          LJ-14     Coulomb-14        LJ (SR)   Coulomb (SR)   COM Pull En.
    8.65434e+03   -2.73237e+04    2.39212e+04   -9.95088e+05    1.11887e+03
      Potential    Kinetic En.   Total Energy  Conserved En.    Temperature
   -8.82372e+05    1.92123e+05   -6.90249e+05    5.04865e+06    3.01083e+02
 Pressure (bar)   Constr. rmsd
   -1.08109e+03    3.07305e-06

           Step           Time
         233500      467.00000

   Energies (kJ/mol)
           Bond            U-B    Proper Dih.  Improper Dih.      CMAP Dih.
    1.01677e+04    5.13924e+04    4.35808e+04    8.64438e+02   -1.46360e+02
          LJ-14     Coulomb-14        LJ (SR)   Coulomb (SR)   COM Pull En.
    8.82303e+03   -2.73567e+04    2.40287e+04   -9.94703e+05    1.14127e+03
      Potential    Kinetic En.   Total Energy  Conserved En.    Temperature
   -8.82208e+05    1.92837e+05   -6.89371e+05    5.06046e+06    3.02201e+02
 Pressure (bar)   Constr. rmsd
   -6.50023e+02    3.03120e-06

           Step           Time
         234000      468.00000

   Energies (kJ/mol)
           Bond            U-B    Proper Dih.  Improper Dih.      CMAP Dih.
    1.05294e+04    5.16079e+04    4.35362e+04    8.02418e+02   -1.25663e+02
          LJ-14     Coulomb-14        LJ (SR)   Coulomb (SR)   COM Pull En.
    8.56489e+03   -2.78224e+04    2.38825e+04   -9.94495e+05    1.13431e+03
      Potential    Kinetic En.   Total Energy  Conserved En.    Temperature
   -8.82386e+05    1.92078e+05   -6.90308e+05    5.07298e+06    3.01012e+02
 Pressure (bar)   Constr. rmsd
   -9.48029e+02    3.09147e-06

           Step           Time
         234500      469.00000

   Energies (kJ/mol)
           Bond            U-B    Proper Dih.  Improper Dih.      CMAP Dih.
    1.03900e+04    5.10131e+04    4.32595e+04    7.97096e+02   -1.03057e+02
          LJ-14     Coulomb-14        LJ (SR)   Coulomb (SR)   COM Pull En.
    8.70554e+03   -2.72864e+04    2.58043e+04   -9.97026e+05    1.15270e+03
      Potential    Kinetic En.   Total Energy  Conserved En.    Temperature
   -8.83294e+05    1.92389e+05   -6.90905e+05    5.08518e+06    3.01500e+02
 Pressure (bar)   Constr. rmsd
   -5.20611e+02    3.01837e-06

           Step           Time
         235000      470.00000

   Energies (kJ/mol)
           Bond            U-B    Proper Dih.  Improper Dih.      CMAP Dih.
    1.02174e+04    5.13008e+04    4.36924e+04    8.02963e+02   -4.18283e+01
          LJ-14     Coulomb-14        LJ (SR)   Coulomb (SR)   COM Pull En.
    8.66874e+03   -2.74604e+04    2.53628e+04   -9.94553e+05    1.13212e+03
      Potential    Kinetic En.   Total Energy  Conserved En.    Temperature
   -8.80878e+05    1.92534e+05   -6.88344e+05    5.09743e+06    3.01727e+02
 Pressure (bar)   Constr. rmsd
   -7.74200e+02    3.02595e-06

           Step           Time
         235500      471.00000

   Energies (kJ/mol)
           Bond            U-B    Proper Dih.  Improper Dih.      CMAP Dih.
    1.04486e+04    5.14761e+04    4.36314e+04    7.73389e+02   -1.51406e+02
          LJ-14     Coulomb-14        LJ (SR)   Coulomb (SR)   COM Pull En.
    8.74638e+03   -2.80444e+04    2.46656e+04   -9.93412e+05    1.15086e+03
      Potential    Kinetic En.   Total Energy  Conserved En.    Temperature
   -8.80715e+05    1.93231e+05   -6.87484e+05    5.10941e+06    3.02820e+02
 Pressure (bar)   Constr. rmsd
   -4.61576e+01    3.08668e-06

           Step           Time
         236000      472.00000

   Energies (kJ/mol)
           Bond            U-B    Proper Dih.  Improper Dih.      CMAP Dih.
    1.04581e+04    5.13979e+04    4.37606e+04    8.04442e+02   -1.42396e+02
          LJ-14     Coulomb-14        LJ (SR)   Coulomb (SR)   COM Pull En.
    8.74256e+03   -2.78980e+04    2.39481e+04   -9.92936e+05    1.21228e+03
      Potential    Kinetic En.   Total Energy  Conserved En.    Temperature
   -8.80653e+05    1.94727e+05   -6.85925e+05    5.12131e+06    3.05165e+02
 Pressure (bar)   Constr. rmsd
   -1.01135e+03    3.08381e-06

           Step           Time
         236500      473.00000

   Energies (kJ/mol)
           Bond            U-B    Proper Dih.  Improper Dih.      CMAP Dih.
    1.01097e+04    5.09438e+04    4.36653e+04    8.36311e+02   -1.21999e+02
          LJ-14     Coulomb-14        LJ (SR)   Coulomb (SR)   COM Pull En.
    8.88276e+03   -2.72448e+04    2.45069e+04   -9.95364e+05    1.18219e+03
      Potential    Kinetic En.   Total Energy  Conserved En.    Temperature
   -8.82603e+05    1.92768e+05   -6.89835e+05    5.13326e+06    3.02095e+02
 Pressure (bar)   Constr. rmsd
   -3.31134e+02    3.18227e-06

           Step           Time
         237000      474.00000

   Energies (kJ/mol)
           Bond            U-B    Proper Dih.  Improper Dih.      CMAP Dih.
    1.02642e+04    5.18611e+04    4.33869e+04    8.28190e+02   -6.16035e+01
          LJ-14     Coulomb-14        LJ (SR)   Coulomb (SR)   COM Pull En.
    8.74351e+03   -2.71366e+04    2.47218e+04   -9.95504e+05    1.21978e+03
      Potential    Kinetic En.   Total Energy  Conserved En.    Temperature
   -8.81676e+05    1.93159e+05   -6.88518e+05    5.14534e+06    3.02706e+02
 Pressure (bar)   Constr. rmsd
   -2.93944e+02    3.03965e-06

           Step           Time
         237500      475.00000

   Energies (kJ/mol)
           Bond            U-B    Proper Dih.  Improper Dih.      CMAP Dih.
    1.01116e+04    5.17497e+04    4.36430e+04    8.29148e+02   -5.13956e+01
          LJ-14     Coulomb-14        LJ (SR)   Coulomb (SR)   COM Pull En.
    8.72472e+03   -2.75506e+04    2.37688e+04   -9.93975e+05    1.20010e+03
      Potential    Kinetic En.   Total Energy  Conserved En.    Temperature
   -8.81550e+05    1.91434e+05   -6.90116e+05    5.15730e+06    3.00003e+02
 Pressure (bar)   Constr. rmsd
   -7.40068e+02    3.11115e-06

           Step           Time
         238000      476.00000

   Energies (kJ/mol)
           Bond            U-B    Proper Dih.  Improper Dih.      CMAP Dih.
    1.03351e+04    5.14951e+04    4.34838e+04    8.75346e+02   -1.68092e+02
          LJ-14     Coulomb-14        LJ (SR)   Coulomb (SR)   COM Pull En.
    8.66858e+03   -2.74107e+04    2.38416e+04   -9.93531e+05    1.23440e+03
      Potential    Kinetic En.   Total Energy  Conserved En.    Temperature
   -8.81176e+05    1.93652e+05   -6.87523e+05    5.16947e+06    3.03480e+02
 Pressure (bar)   Constr. rmsd
   -9.32936e+02    3.19619e-06

           Step           Time
         238500      477.00000

   Energies (kJ/mol)
           Bond            U-B    Proper Dih.  Improper Dih.      CMAP Dih.
    1.04062e+04    5.11248e+04    4.33149e+04    7.93742e+02   -7.92528e+01
          LJ-14     Coulomb-14        LJ (SR)   Coulomb (SR)   COM Pull En.
    8.65594e+03   -2.74684e+04    2.36818e+04   -9.94015e+05    1.27143e+03
      Potential    Kinetic En.   Total Energy  Conserved En.    Temperature
   -8.82314e+05    1.92057e+05   -6.90257e+05    5.18177e+06    3.00980e+02
 Pressure (bar)   Constr. rmsd
   -7.27514e+02    3.03420e-06

           Step           Time
         239000      478.00000

   Energies (kJ/mol)
           Bond            U-B    Proper Dih.  Improper Dih.      CMAP Dih.
    1.04831e+04    5.19173e+04    4.34968e+04    7.73552e+02   -1.46545e+02
          LJ-14     Coulomb-14        LJ (SR)   Coulomb (SR)   COM Pull En.
    8.55707e+03   -2.75986e+04    2.50008e+04   -9.95505e+05    1.27435e+03
      Potential    Kinetic En.   Total Energy  Conserved En.    Temperature
   -8.81747e+05    1.92825e+05   -6.88922e+05    5.19360e+06    3.02184e+02
 Pressure (bar)   Constr. rmsd
   -5.65385e+02    3.02319e-06

           Step           Time
         239500      479.00000

   Energies (kJ/mol)
           Bond            U-B    Proper Dih.  Improper Dih.      CMAP Dih.
    1.05578e+04    5.15157e+04    4.33702e+04    8.32291e+02   -1.81172e+02
          LJ-14     Coulomb-14        LJ (SR)   Coulomb (SR)   COM Pull En.
    8.67299e+03   -2.76959e+04    2.47413e+04   -9.96088e+05    1.31013e+03
      Potential    Kinetic En.   Total Energy  Conserved En.    Temperature
   -8.82965e+05    1.92948e+05   -6.90018e+05    5.20564e+06    3.02375e+02
 Pressure (bar)   Constr. rmsd
   -6.26496e+02    2.97315e-06

           Step           Time
         240000      480.00000

   Energies (kJ/mol)
           Bond            U-B    Proper Dih.  Improper Dih.      CMAP Dih.
    1.03429e+04    5.12460e+04    4.34903e+04    8.78762e+02   -1.62669e+02
          LJ-14     Coulomb-14        LJ (SR)   Coulomb (SR)   COM Pull En.
    8.74279e+03   -2.78123e+04    2.36904e+04   -9.94104e+05    1.29652e+03
      Potential    Kinetic En.   Total Energy  Conserved En.    Temperature
   -8.82391e+05    1.92269e+05   -6.90122e+05    5.21751e+06    3.01313e+02
 Pressure (bar)   Constr. rmsd
   -6.78606e+02    3.06916e-06

           Step           Time
         240500      481.00000

   Energies (kJ/mol)
           Bond            U-B    Proper Dih.  Improper Dih.      CMAP Dih.
    1.01277e+04    5.20170e+04    4.35938e+04    8.58578e+02   -1.51385e+02
          LJ-14     Coulomb-14        LJ (SR)   Coulomb (SR)   COM Pull En.
    8.63292e+03   -2.74562e+04    2.52142e+04   -9.96018e+05    1.30739e+03
      Potential    Kinetic En.   Total Energy  Conserved En.    Temperature
   -8.81874e+05    1.91249e+05   -6.90625e+05    5.22963e+06    2.99714e+02
 Pressure (bar)   Constr. rmsd
   -9.69702e+02    2.94655e-06

           Step           Time
         241000      482.00000

   Energies (kJ/mol)
           Bond            U-B    Proper Dih.  Improper Dih.      CMAP Dih.
    1.04542e+04    5.09692e+04    4.32895e+04    7.99416e+02   -1.05277e+02
          LJ-14     Coulomb-14        LJ (SR)   Coulomb (SR)   COM Pull En.
    8.86188e+03   -2.71063e+04    2.38032e+04   -9.95600e+05    1.30844e+03
      Potential    Kinetic En.   Total Energy  Conserved En.    Temperature
   -8.83326e+05    1.93184e+05   -6.90142e+05    5.24170e+06    3.02746e+02
 Pressure (bar)   Constr. rmsd
   -7.50450e+02    3.01941e-06

           Step           Time
         241500      483.00000

   Energies (kJ/mol)
           Bond            U-B    Proper Dih.  Improper Dih.      CMAP Dih.
    1.05145e+04    5.08793e+04    4.33609e+04    7.77346e+02   -1.30830e+02
          LJ-14     Coulomb-14        LJ (SR)   Coulomb (SR)   COM Pull En.
    8.77631e+03   -2.74360e+04    2.29328e+04   -9.93787e+05    1.31680e+03
      Potential    Kinetic En.   Total Energy  Conserved En.    Temperature
   -8.82796e+05    1.93538e+05   -6.89258e+05    5.25352e+06    3.03301e+02
 Pressure (bar)   Constr. rmsd
   -5.38844e+02    2.99216e-06

           Step           Time
         242000      484.00000

   Energies (kJ/mol)
           Bond            U-B    Proper Dih.  Improper Dih.      CMAP Dih.
    1.02714e+04    5.18633e+04    4.32290e+04    7.85729e+02   -1.42478e+02
          LJ-14     Coulomb-14        LJ (SR)   Coulomb (SR)   COM Pull En.
    8.68303e+03   -2.71695e+04    2.53551e+04   -9.96517e+05    1.28408e+03
      Potential    Kinetic En.   Total Energy  Conserved En.    Temperature
   -8.82357e+05    1.92576e+05   -6.89781e+05    5.26568e+06    3.01792e+02
 Pressure (bar)   Constr. rmsd
   -3.79121e+02    3.01592e-06

           Step           Time
         242500      485.00000

   Energies (kJ/mol)
           Bond            U-B    Proper Dih.  Improper Dih.      CMAP Dih.
    1.02314e+04    5.20270e+04    4.31743e+04    8.04331e+02   -1.59188e+02
          LJ-14     Coulomb-14        LJ (SR)   Coulomb (SR)   COM Pull En.
    8.67992e+03   -2.76907e+04    2.46769e+04   -9.94693e+05    1.28279e+03
      Potential    Kinetic En.   Total Energy  Conserved En.    Temperature
   -8.81666e+05    1.91948e+05   -6.89718e+05    5.27725e+06    3.00809e+02
 Pressure (bar)   Constr. rmsd
   -1.08036e+03    3.03691e-06

           Step           Time
         243000      486.00000

   Energies (kJ/mol)
           Bond            U-B    Proper Dih.  Improper Dih.      CMAP Dih.
    1.05231e+04    5.15773e+04    4.34564e+04    7.88261e+02   -1.27697e+02
          LJ-14     Coulomb-14        LJ (SR)   Coulomb (SR)   COM Pull En.
    8.69518e+03   -2.77287e+04    2.49148e+04   -9.95569e+05    1.29745e+03
      Potential    Kinetic En.   Total Energy  Conserved En.    Temperature
   -8.82173e+05    1.92453e+05   -6.89720e+05    5.28890e+06    3.01601e+02
 Pressure (bar)   Constr. rmsd
   -9.01886e+02    2.95967e-06

           Step           Time
         243500      487.00000

   Energies (kJ/mol)
           Bond            U-B    Proper Dih.  Improper Dih.      CMAP Dih.
    1.03356e+04    5.11649e+04    4.33656e+04    7.93803e+02   -2.16007e+02
          LJ-14     Coulomb-14        LJ (SR)   Coulomb (SR)   COM Pull En.
    8.84362e+03   -2.73526e+04    2.59348e+04   -9.96115e+05    1.29632e+03
      Potential    Kinetic En.   Total Energy  Conserved En.    Temperature
   -8.81949e+05    1.92527e+05   -6.89422e+05    5.30117e+06    3.01716e+02
 Pressure (bar)   Constr. rmsd
   -5.76462e+02    3.18059e-06

           Step           Time
         244000      488.00000

   Energies (kJ/mol)
           Bond            U-B    Proper Dih.  Improper Dih.      CMAP Dih.
    1.03441e+04    5.15487e+04    4.32666e+04    8.18301e+02   -1.44716e+02
          LJ-14     Coulomb-14        LJ (SR)   Coulomb (SR)   COM Pull En.
    8.65193e+03   -2.77468e+04    2.49919e+04   -9.94034e+05    1.22980e+03
      Potential    Kinetic En.   Total Energy  Conserved En.    Temperature
   -8.81074e+05    1.91686e+05   -6.89387e+05    5.31289e+06    3.00399e+02
 Pressure (bar)   Constr. rmsd
   -5.81569e+02    2.96100e-06

           Step           Time
         244500      489.00000

   Energies (kJ/mol)
           Bond            U-B    Proper Dih.  Improper Dih.      CMAP Dih.
    1.01818e+04    5.10056e+04    4.34560e+04    8.62181e+02   -1.50476e+02
          LJ-14     Coulomb-14        LJ (SR)   Coulomb (SR)   COM Pull En.
    8.73694e+03   -2.70858e+04    2.57872e+04   -9.95690e+05    9.61762e+02
      Potential    Kinetic En.   Total Energy  Conserved En.    Temperature
   -8.81935e+05    1.93184e+05   -6.88751e+05    5.32512e+06    3.02746e+02
 Pressure (bar)   Constr. rmsd
   -6.04609e+01    3.00267e-06

           Step           Time
         245000      490.00000

   Energies (kJ/mol)
           Bond            U-B    Proper Dih.  Improper Dih.      CMAP Dih.
    1.04882e+04    5.13172e+04    4.34343e+04    8.28398e+02   -9.64648e+01
          LJ-14     Coulomb-14        LJ (SR)   Coulomb (SR)   COM Pull En.
    8.76416e+03   -2.73202e+04    2.50746e+04   -9.96056e+05    1.01560e+03
      Potential    Kinetic En.   Total Energy  Conserved En.    Temperature
   -8.82550e+05    1.92378e+05   -6.90171e+05    5.33736e+06    3.01484e+02
 Pressure (bar)   Constr. rmsd
   -2.87963e+02    3.06387e-06

           Step           Time
         245500      491.00000

   Energies (kJ/mol)
           Bond            U-B    Proper Dih.  Improper Dih.      CMAP Dih.
    1.02819e+04    5.13589e+04    4.33244e+04    8.39708e+02   -1.23193e+02
          LJ-14     Coulomb-14        LJ (SR)   Coulomb (SR)   COM Pull En.
    8.67178e+03   -2.71129e+04    2.61343e+04   -9.97262e+05    7.84962e+02
      Potential    Kinetic En.   Total Energy  Conserved En.    Temperature
   -8.83102e+05    1.92398e+05   -6.90704e+05    5.34888e+06    3.01514e+02
 Pressure (bar)   Constr. rmsd
   -3.48643e+02    3.07967e-06

           Step           Time
         246000      492.00000

   Energies (kJ/mol)
           Bond            U-B    Proper Dih.  Improper Dih.      CMAP Dih.
    1.03550e+04    5.14885e+04    4.34155e+04    8.28581e+02   -1.63757e+02
          LJ-14     Coulomb-14        LJ (SR)   Coulomb (SR)   COM Pull En.
    8.59354e+03   -2.73389e+04    2.48305e+04   -9.94927e+05    8.73326e+02
      Potential    Kinetic En.   Total Energy  Conserved En.    Temperature
   -8.82045e+05    1.92371e+05   -6.89674e+05    5.36092e+06    3.01472e+02
 Pressure (bar)   Constr. rmsd
   -1.13971e+03    3.00705e-06

           Step           Time
         246500      493.00000

   Energies (kJ/mol)
           Bond            U-B    Proper Dih.  Improper Dih.      CMAP Dih.
    1.05037e+04    5.12756e+04    4.32482e+04    8.07463e+02   -1.71526e+02
          LJ-14     Coulomb-14        LJ (SR)   Coulomb (SR)   COM Pull En.
    8.81234e+03   -2.70225e+04    2.54877e+04   -9.94532e+05    8.36385e+02
      Potential    Kinetic En.   Total Energy  Conserved En.    Temperature
   -8.80755e+05    1.94237e+05   -6.86518e+05    5.37278e+06    3.04396e+02
 Pressure (bar)   Constr. rmsd
   -7.12320e+02    3.02609e-06

           Step           Time
         247000      494.00000

   Energies (kJ/mol)
           Bond            U-B    Proper Dih.  Improper Dih.      CMAP Dih.
    1.02752e+04    5.11258e+04    4.32356e+04    8.61654e+02   -1.40711e+02
          LJ-14     Coulomb-14        LJ (SR)   Coulomb (SR)   COM Pull En.
    8.56108e+03   -2.74962e+04    2.48600e+04   -9.95648e+05    7.99457e+02
      Potential    Kinetic En.   Total Energy  Conserved En.    Temperature
   -8.83566e+05    1.92984e+05   -6.90582e+05    5.38484e+06    3.02433e+02
 Pressure (bar)   Constr. rmsd
   -8.89064e+02    2.90737e-06

           Step           Time
         247500      495.00000

   Energies (kJ/mol)
           Bond            U-B    Proper Dih.  Improper Dih.      CMAP Dih.
    1.02817e+04    5.12729e+04    4.33829e+04    8.25844e+02   -1.22296e+02
          LJ-14     Coulomb-14        LJ (SR)   Coulomb (SR)   COM Pull En.
    8.64593e+03   -2.72980e+04    2.48595e+04   -9.96669e+05    7.13193e+02
      Potential    Kinetic En.   Total Energy  Conserved En.    Temperature
   -8.84108e+05    1.94434e+05   -6.89674e+05    5.39702e+06    3.04705e+02
 Pressure (bar)   Constr. rmsd
   -7.28132e+02    3.03724e-06

           Step           Time
         248000      496.00000

   Energies (kJ/mol)
           Bond            U-B    Proper Dih.  Improper Dih.      CMAP Dih.
    1.03699e+04    5.14223e+04    4.36867e+04    8.91614e+02   -1.22680e+02
          LJ-14     Coulomb-14        LJ (SR)   Coulomb (SR)   COM Pull En.
    8.70786e+03   -2.75485e+04    2.33649e+04   -9.91674e+05    7.18650e+02
      Potential    Kinetic En.   Total Energy  Conserved En.    Temperature
   -8.80183e+05    1.92596e+05   -6.87587e+05    5.40974e+06    3.01824e+02
 Pressure (bar)   Constr. rmsd
   -1.47559e+03    3.10800e-06

           Step           Time
         248500      497.00000

   Energies (kJ/mol)
           Bond            U-B    Proper Dih.  Improper Dih.      CMAP Dih.
    1.01754e+04    5.13259e+04    4.34569e+04    8.35870e+02   -1.43940e+02
          LJ-14     Coulomb-14        LJ (SR)   Coulomb (SR)   COM Pull En.
    8.55793e+03   -2.76671e+04    2.46751e+04   -9.93309e+05    7.11005e+02
      Potential    Kinetic En.   Total Energy  Conserved En.    Temperature
   -8.81382e+05    1.92379e+05   -6.89003e+05    5.42191e+06    3.01485e+02
 Pressure (bar)   Constr. rmsd
   -8.76067e+02    2.99238e-06

           Step           Time
         249000      498.00000

   Energies (kJ/mol)
           Bond            U-B    Proper Dih.  Improper Dih.      CMAP Dih.
    1.03159e+04    5.10911e+04    4.32736e+04    7.77997e+02   -1.15233e+02
          LJ-14     Coulomb-14        LJ (SR)   Coulomb (SR)   COM Pull En.
    8.55357e+03   -2.74177e+04    2.56999e+04   -9.94563e+05    6.77215e+02
      Potential    Kinetic En.   Total Energy  Conserved En.    Temperature
   -8.81707e+05    1.91744e+05   -6.89963e+05    5.43408e+06    3.00490e+02
 Pressure (bar)   Constr. rmsd
   -6.67404e+02    3.00299e-06

           Step           Time
         249500      499.00000

   Energies (kJ/mol)
           Bond            U-B    Proper Dih.  Improper Dih.      CMAP Dih.
    1.02855e+04    5.12518e+04    4.36709e+04    7.69397e+02   -2.09808e+02
          LJ-14     Coulomb-14        LJ (SR)   Coulomb (SR)   COM Pull En.
    8.66020e+03   -2.71416e+04    2.55178e+04   -9.96195e+05    6.31820e+02
      Potential    Kinetic En.   Total Energy  Conserved En.    Temperature
   -8.82759e+05    1.92507e+05   -6.90253e+05    5.44588e+06    3.01685e+02
 Pressure (bar)   Constr. rmsd
   -1.33700e+03    3.14278e-06

           Step           Time
         250000      500.00000

Writing checkpoint, step 250000 at Tue Jun  2 13:59:27 2026


   Energies (kJ/mol)
           Bond            U-B    Proper Dih.  Improper Dih.      CMAP Dih.
    1.02632e+04    5.12466e+04    4.33842e+04    7.71328e+02   -1.84962e+02
          LJ-14     Coulomb-14        LJ (SR)   Coulomb (SR)   COM Pull En.
    8.76132e+03   -2.72686e+04    2.60445e+04   -9.96453e+05    6.04828e+02
      Potential    Kinetic En.   Total Energy  Conserved En.    Temperature
   -8.82831e+05    1.93218e+05   -6.89613e+05    5.45811e+06    3.02800e+02
 Pressure (bar)   Constr. rmsd
   -7.85046e+02    3.08935e-06


Energy conservation over simulation part #1 of length 500 ps, time 0 to 500 ps
  Conserved energy drift: 1.66e-01 kJ/mol/ps per atom


	<======  ###############  ==>
	<====  A V E R A G E S  ====>
	<==  ###############  ======>

	Statistics over 250001 steps using 2501 frames

   Energies (kJ/mol)
           Bond            U-B    Proper Dih.  Improper Dih.      CMAP Dih.
    1.03463e+04    5.12964e+04    4.35512e+04    8.12294e+02   -1.25438e+02
          LJ-14     Coulomb-14        LJ (SR)   Coulomb (SR)   COM Pull En.
    8.68631e+03   -2.75381e+04    2.27227e+04   -9.87516e+05    4.44970e+02
      Potential    Kinetic En.   Total Energy  Conserved En.    Temperature
   -8.77320e+05    1.92780e+05   -6.84540e+05    2.46386e+06    3.02113e+02
 Pressure (bar)   Constr. rmsd
   -1.10854e+03    0.00000e+00

   Total Virial (kJ/mol)
    8.79390e+04   -6.28435e+02    4.98050e+01
   -6.27917e+02    8.74719e+04    4.68312e+00
    5.04837e+01    4.69192e+00    8.69542e+04

   Pressure (bar)
   -1.15566e+03    2.88902e+01   -2.12876e+00
    2.88654e+01   -1.13476e+03   -1.47125e+00
   -2.16119e+00   -1.47167e+00   -1.03521e+03


	M E G A - F L O P S   A C C O U N T I N G

 NB=Group-cutoff nonbonded kernels    NxN=N-by-N cluster Verlet kernels
 RF=Reaction-Field  VdW=Van der Waals  QSTab=quadratic-spline table
 W3=SPC/TIP3p  W4=TIP4p (single or pairs)
 V&F=Potential and force  V=Potential only  F=Force only

 Computing:                               M-Number         M-Flops  % Flops
-----------------------------------------------------------------------------
 Pair Search distance check          440124.191752     3961117.726     0.9
 NxN RF Elec. + LJ [F]             11326564.779168   430409461.608    94.8
 NxN RF Elec. + LJ [V&F]             114453.892952     6180510.219     1.4
 NxN RF Electrostatics [F]            96051.957968     2977610.697     0.7
 NxN RF Electrostatics [V&F]            970.798440       34948.744     0.0
 1,4 nonbonded interactions           16660.566642     1499450.998     0.3
 Shift-X                                894.984093        5369.905     0.0
 Bonds                                 2529.760119      149255.847     0.0
 Propers                              19690.578762     4509142.536     1.0
 Impropers                              243.500974       50648.203     0.0
 Virial                                 179.166638        3224.999     0.0
 Stop-CM                                179.125686        1791.257     0.0
 Calc-Ekin                             3579.793186       96654.416     0.0
 Lincs                                 3724.294691      223457.681     0.0
 Lincs-Mat                            24837.298044       99349.192     0.0
 Constraint-V                         19044.402354      171399.621     0.0
 Constraint-Vir                         153.261280        3678.271     0.0
 Settle                                3865.296383     1430159.662     0.3
 Virtual Site 3fad                        0.252502          44.440     0.0
 CMAP                                    71.000284      120700.483     0.0
 Urey-Bradley                         11904.297617     2178486.464     0.5
-----------------------------------------------------------------------------
 Total                                               454106462.970   100.0
-----------------------------------------------------------------------------


      R E A L   C Y C L E   A N D   T I M E   A C C O U N T I N G

On 1 MPI rank, each using 8 OpenMP threads

 Activity:              Num   Num      Call    Wall time         Giga-Cycles
                        Ranks Threads  Count      (s)         total sum    %
--------------------------------------------------------------------------------
 Vsite constr.             1    8     250001      14.340          2.753   0.1
 Neighbor search           1    8      12501     584.254        112.176   4.7
 Force                     1    8     250001   11307.255       2170.985  91.9
 NB X/F buffer ops.        1    8     487501     108.603         20.852   0.9
 Vsite spread              1    8     252502      28.328          5.439   0.2
 COM pull force            1    8     250001      33.660          6.463   0.3
 Write traj.               1    8         64       1.159          0.222   0.0
 Update                    1    8     250001      46.312          8.892   0.4
 Constraints               1    8     250003     157.434         30.227   1.3
 Kinetic energy            1    8      50001      15.646          3.004   0.1
 Rest                                              5.699          1.094   0.0
--------------------------------------------------------------------------------
 Total                                         12302.689       2362.107 100.0
--------------------------------------------------------------------------------

               Core t (s)   Wall t (s)        (%)
       Time:    98421.510    12302.689      800.0
                         3h25:02
                 (ns/day)    (hour/ns)    (ms/step)  (Matom*steps/s) 
Performance:        3.511        6.835       49.211            1.455 
Finished mdrun on rank 0 Tue Jun  2 13:59:27 2026

